timestamp,price,lp_value,lp_delta,hedge_delta,fee_usd,lvr_usd,funding_usd,hedge_cost_usd,gas_usd,net_usd,cum_net
2026-08-01 00:00:00+00:00,1863.93,932025.1223317583,231.78183855174717,-231.78183855174717,0.0,0.0,0.0,0.0,0.0,-68190.89022940761,-68190.89022940761
2026-08-01 01:00:00+00:00,1866.0,932502.8706805459,229.8928254809256,-231.78183855174717,0.0,0.0,3.646016397517633,0.0,0.0,1.6059593830723315,-68189.28427002454
2026-08-01 02:00:00+00:00,1867.48,932842.0306427744,228.51965018178862,-231.78183855174717,0.0,0.0,3.64890820044814,0.0,0.0,-0.22825062763877213,-68189.51252065218
2026-08-01 03:00:00+00:00,1869.0,933188.2636665746,227.14702401548095,-231.78183855174717,0.0,0.0,3.651878160214607,0.0,0.0,-2.4234926382487174,-68191.93601329043
2026-08-01 04:00:00+00:00,1868.84,933151.9200926889,227.31857226307406,-231.78183855174717,0.0,0.0,3.6515655328707677,0.0,0.0,4.393085815419909,-68187.542927475
2026-08-01 05:00:00+00:00,1866.6,932640.6137003452,229.37782037830266,-231.78183855174717,0.0,0.0,1.2481778818403944,0.0,0.0,9.133103894055239,-68178.40982358095
2026-08-01 06:00:00+00:00,1869.47,933294.9029074333,226.80395325017258,-231.78183855174717,0.0,0.0,1.2500970238745108,0.0,0.0,-9.674572531483136,-68188.08439611243
2026-08-01 07:00:00+00:00,1868.9,933165.5592070246,227.31857226307406,-231.78183855174717,0.0,0.0,1.2497158702301043,0.0,0.0,4.021663436011295,-68184.06273267642
2026-08-01 08:00:00+00:00,1868.45,933063.2281058182,227.66169449028402,-231.78183855174717,0.0,0.0,1.2494149594582045,0.0,0.0,3.220141101264744,-68180.84259157516
2026-08-01 09:00:00+00:00,1866.99,932729.9689093968,229.0345265556636,-231.78183855174717,0.0,0.0,1.2484386711760407,0.0,0.0,6.3907265353773255,-68174.45186503978
2026-08-01 10:00:00+00:00,1866.45,932606.2134646797,229.5494801629259,-231.78183855174717,0.0,0.0,1.248077578249761,0.0,0.0,2.654825679041096,-68171.79703936074
2026-08-01 11:00:00+00:00,1866.17,932541.9300179991,229.721148530324,-231.78183855174717,0.0,0.0,1.247890344880579,0.0,0.0,1.8633584588387748,-68169.9336809019
2026-08-01 12:00:00+00:00,1868.35,933040.4739891428,227.83326847075764,-231.78183855174717,0.0,0.0,3.1271594099774647,0.0,0.0,-3.613277489115717,-68173.54695839102
2026-08-01 13:00:00+00:00,1868.36,933042.7523218275,227.83326847075764,-231.78183855174717,0.0,0.0,3.1271761475234814,0.0,0.0,3.0876904466567794,-68170.45926794436
2026-08-01 14:00:00+00:00,1874.32,934383.3995054045,222.34715368477978,-231.78183855174717,0.0,0.0,3.137151724949266,0.0,0.0,-37.63542246641009,-68208.09469041077
2026-08-01 15:00:00+00:00,1869.2,933233.6634251617,226.97548434465662,-231.78183855174717,0.0,0.0,3.1285821013888606,0.0,0.0,40.11551524352399,-68167.97917516725
2026-08-01 16:00:00+00:00,1867.93,932944.7601504379,228.17644216758814,-231.78183855174717,0.0,0.0,3.1264564330447757,0.0,0.0,8.586116669976036,-68159.39305849727
2026-08-01 17:00:00+00:00,1861.19,931386.6702896898,234.3594403074359,-231.78183855174717,0.0,0.0,3.1151753270297093,0.0,0.0,7.2349064176523825,-68152.15815207962
2026-08-01 18:00:00+00:00,1835.75,925125.7127178165,258.16429806966136,-258.16429806966136,0.0,0.0,3.072595009963942,240.2283611958846,0.0,-385.57080413689255,-68537.72895621651
2026-08-01 19:00:00+00:00,1836.48,925313.8145044814,257.47198831827427,-258.16429806966136,0.0,0.0,3.423692618221624,0.0,0.0,3.0655416922818404,-68534.66341452423
2026-08-01 20:00:00+00:00,1837.48,925570.6644391306,256.433783259761,-258.16429806966136,0.0,0.0,1.6454769537591123,0.0,0.0,0.33111353327694815,-68534.33230099095
2026-08-01 21:00:00+00:00,1844.9,927447.2034433044,249.5203696764318,-258.16429806966136,0.0,0.0,1.6521216187333665,0.0,0.0,-37.387965884336154,-68571.72026687529
2026-08-01 22:00:00+00:00,1846.46,927835.1600317296,247.96675611380314,-258.16429806966136,0.0,0.0,1.6535186102912958,0.0,0.0,-13.126197953155497,-68584.84646482844
2026-08-01 23:00:00+00:00,1844.17,927264.8759682012,250.21108902457445,-258.16429806966136,0.0,0.0,1.651467898324848,0.0,0.0,22.56364694943477,-68562.28281787901
2026-08-02 00:00:00+00:00,1846.06,927735.9111518736,248.48454962649345,-258.16429806966136,0.0,0.0,1.6531604073277242,0.0,0.0,-15.242179271852365,-68577.52499715086
2026-08-02 01:00:00+00:00,1856.29,930227.6050754711,238.83186521845752,-238.83186521845752,0.0,0.0,1.6623214481210693,258.1716620845652,0.0,-257.6343592373596,-68835.15935638822
2026-08-02 02:00:00+00:00,1876.2,934799.5472759358,220.63454207575387,-220.63454207575387,0.0,0.0,1.5543341985324555,275.24257092473545,0.0,69.95694470552553,-68765.2024116827
2026-08-02 03:00:00+00:00,1876.61,934889.8795235308,220.29212249352082,-220.63454207575387,0.0,0.0,1.4362185521415822,0.0,0.0,1.3083038961776765,-68763.89410778652
2026-08-02 04:00:00+00:00,1880.23,935680.736498009,216.86980922581782,-220.63454207575387,0.0,0.0,2.907535677573825,0.0,0.0,-4.932532158563845,-68768.82663994508
2026-08-02 05:00:00+00:00,1875.67,934682.5609031327,221.14823565384435,-220.63454207575387,0.0,0.0,2.900484219672538,0.0,0.0,10.818401208802243,-68758.00823873628
2026-08-02 06:00:00+00:00,1876.72,934914.0770549072,220.1209255420689,-220.63454207575387,0.0,0.0,2.90210791063665,0.0,0.0,2.7519905056688003,-68755.25624823061
2026-08-02 07:00:00+00:00,1875.32,934605.1466283418,221.31948396951796,-220.63454207575387,0.0,0.0,2.8999429893511675,0.0,0.0,2.857875329966191,-68752.39837290064
2026-08-02 08:00:00+00:00,1867.34,932810.0368805754,228.69126705897466,-220.63454207575387,0.0,0.0,2.887602938023915,0.0,0.0,-31.558499063845375,-68783.95687196449
2026-08-02 09:00:00+00:00,1870.21,933462.3752045056,226.1179146270637,-220.63454207575387,0.0,0.0,2.8920410266591547,0.0,0.0,22.009229199495167,-68761.947642765
2026-08-02 10:00:00+00:00,1867.76,932905.9771256684,228.34804188480254,-220.63454207575387,0.0,0.0,2.88825241440956,0.0,0.0,-12.955198337192996,-68774.90284110219
2026-08-02 11:00:00+00:00,1851.75,929133.8356341358,243.13776000722922,-243.13776000722922,0.0,0.0,2.863494993137717,296.0777378270402,0.0,-257.7541448090342,-69032.65698591122
2026-08-02 12:00:00+00:00,1855.98,930153.5316968762,239.17613877496254,-243.13776000722922,0.0,0.0,0.8088814345241545,0.0,0.0,-7.967780655657407,-69040.62476656688
2026-08-02 13:00:00+00:00,1853.96,929668.6587705796,241.07025881703998,-243.13776000722922,0.0,0.0,0.8080010691658323,0.0,0.0,7.073349987214897,-69033.55141657966
2026-08-02 14:00:00+00:00,1854.0,929678.3015809322,241.07025881703998,-243.13776000722922,0.0,0.0,0.8080185021432248,0.0,0.0,0.7253184544679243,-69032.8260981252
2026-08-02 15:00:00+00:00,1857.77,930580.0317562688,237.45511519715086,-243.13776000722922,0.0,0.0,0.8096615602624696,0.0,0.0,-14.089518330380088,-69046.91561645558
2026-08-02 16:00:00+00:00,1862.37,931662.4816559977,233.32816762680454,-243.13776000722922,0.0,0.0,0.8116663526626092,0.0,0.0,-35.172129951708484,-69082.08774640728
2026-08-02 17:00:00+00:00,1867.79,932912.827566925,228.34804188480254,-228.34804188480254,0.0,0.0,0.8140285210992955,309.8897816329839,0.0,43.12295936734881,-69038.96478703993
2026-08-02 18:00:00+00:00,1875.16,934569.7278310473,221.4907408473931,-228.34804188480254,0.0,0.0,0.7675289872406161,0.0,0.0,-25.25727558147628,-69064.22206262141
2026-08-02 19:00:00+00:00,1881.39,935931.6432671951,215.84378238530772,-215.84378238530772,0.0,0.0,0.7700790126200553,321.65247602286115,0.0,209.62435149138037,-68854.59771113003
2026-08-02 20:00:00+00:00,1883.04,936286.4248996244,214.30531912038518,-215.84378238530772,0.0,0.0,5.080530949785373,0.0,0.0,3.7199224433861673,-68850.87778868664
2026-08-02 21:00:00+00:00,1889.74,937701.7161156867,208.32898296831047,-215.84378238530772,0.0,0.0,5.098607866560143,0.0,0.0,-25.763518052743166,-68876.64130673939
2026-08-02 22:00:00+00:00,1881.3,935912.2318928447,216.0147654849478,-215.84378238530772,0.0,0.0,5.075836347518493,0.0,0.0,37.31313683750341,-68839.32816990188
2026-08-02 23:00:00+00:00,1884.37,936570.6039614317,213.10921509836928,-215.84378238530772,0.0,0.0,5.084119352667528,0.0,0.0,0.8157760167814558,-68838.5123938851
2026-08-03 00:00:00+00:00,1873.02,934093.75093152,223.54649138948082,-215.84378238530772,0.0,0.0,5.053496516041614,0.0,0.0,-21.972603322385112,-68860.48499720749
2026-08-03 01:00:00+00:00,1866.38,932590.1450010682,229.5494801629259,-229.5494801629259,0.0,0.0,5.035581482103633,334.44249613195666,0.0,-78.15765404028934,-68938.64265124778
2026-08-03 02:00:00+00:00,1863.41,931904.4900645099,232.2972042661107,-229.5494801629259,0.0,0.0,5.346809960379972,0.0,0.0,1.4538294859376037,-68937.18882176184
2026-08-03 03:00:00+00:00,1856.18,930201.3342728375,239.00399769350628,-229.5494801629259,0.0,0.0,5.326064426110248,0.0,0.0,-38.186985668333364,-68975.37580743017
2026-08-03 04:00:00+00:00,1854.01,929680.7122835204,241.07025881703998,-241.07025881703998,0.0,0.0,-0.46229391320244595,345.1223155482137,0.0,-33.64173069302342,-69009.0175381232
2026-08-03 05:00:00+00:00,1858.87,930840.6560451209,236.42291399976162,-241.07025881703998,0.0,0.0,-0.48676847296785475,0.0,0.0,-12.14446472322743,-69021.16200284642
2026-08-03 06:00:00+00:00,1848.24,928275.06258614,246.41384148505966,-241.07025881703998,0.0,0.0,-0.4839848738632115,0.0,0.0,-3.5005926296580583,-69024.66259547608
2026-08-03 07:00:00+00:00,1843.0,926971.6054424116,251.24742708812948,-241.07025881703998,0.0,0.0,-0.48261271400353783,0.0,0.0,-40.73160024109529,-69065.39419571718
2026-08-03 08:00:00+00:00,1839.42,926066.2967347549,254.70413344774937,-254.70413344774937,0.0,0.0,-0.48167524600780665,357.6615263848234,0.0,-55.29806717434258,-69120.69226289152
2026-08-03 09:00:00+00:00,1851.8,929145.9925221361,243.13776000722922,-254.70413344774937,0.0,0.0,-0.5123418854285166,0.0,0.0,-74.05372658738634,-69194.7459894789
2026-08-03 10:00:00+00:00,1845.38,927566.8140866696,249.00242081015267,-254.70413344774937,0.0,0.0,-0.5105656488454887,0.0,0.0,55.511535619181814,-69139.23445385972
2026-08-03 11:00:00+00:00,1838.97,925951.6396486303,255.04999423107753,-254.70413344774937,0.0,0.0,-0.5087921789861103,0.0,0.0,16.970265181807918,-69122.26418867792
2026-08-03 12:00:00+00:00,1842.69,926893.6917980933,251.59294220082177,-254.70413344774937,0.0,0.0,2.149580679255777,0.0,0.0,-3.2976462834049016,-69125.56183496132
2026-08-03 13:00:00+00:00,1858.27,930698.6457725447,237.1110137257949,-237.1110137257949,0.0,0.0,2.1677554492837277,374.0079096776816,0.0,-153.90674055511772,-69279.46857551644
2026-08-03 14:00:00+00:00,1872.82,934049.0504101436,223.71785961494385,-223.71785961494385,0.0,0.0,2.0338234191648197,386.54939311862364,0.0,104.10798268597864,-69175.36059283046
2026-08-03 15:00:00+00:00,1862.54,931702.1081100239,233.15631892197692,-223.71785961494385,0.0,0.0,1.908410257092256,0.0,0.0,-45.21429302095203,-69220.57488585141
2026-08-03 16:00:00+00:00,1865.51,932390.1427810243,230.40790783624524,-223.71785961494385,0.0,0.0,1.9114534016494547,0.0,0.0,25.504081345687155,-69195.07080450573
2026-08-03 17:00:00+00:00,1868.09,932981.2368344681,228.00485102971592,-223.71785961494385,0.0,0.0,1.9140969413658084,0.0,0.0,15.81607257858559,-69179.25473192714
2026-08-03 18:00:00+00:00,1868.11,932985.7969314887,228.00485102971592,-223.71785961494385,0.0,0.0,1.914117433921749,0.0,0.0,1.9998572621989297,-69177.25487466494
2026-08-03 19:00:00+00:00,1869.26,933247.2819542224,226.97548434465662,-223.71785961494385,0.0,0.0,1.915295755888341,0.0,0.0,6.124779932390084,-69171.13009473255
2026-08-03 20:00:00+00:00,1868.26,933019.9689949804,227.83326847075764,-223.71785961494385,0.0,0.0,1.9142711280913047,0.0,0.0,-1.680828498894698,-69172.81092323145
2026-08-03 21:00:00+00:00,1862.89,931783.6098794587,232.81264728726438,-223.71785961494385,0.0,0.0,2.8110580947945683,0.0,0.0,-32.18315129473922,-69204.99407452618
2026-08-03 22:00:00+00:00,1859.63,931020.0698312138,235.734951873034,-235.734951873034,0.0,0.0,2.806138829894853,397.72306575657973,0.0,-42.587359708180884,-69247.58143423437
2026-08-03 23:00:00+00:00,1859.78,931055.4300739947,235.734951873034,-235.734951873034,0.0,0.0,2.957110178618438,0.0,0.0,2.9571101785695646,-69244.6243240558
2026-08-04 00:00:00+00:00,1850.55,928841.52353058,244.1719758598719,-235.734951873034,0.0,0.0,2.9424341809473975,0.0,0.0,-35.13050344563089,-69279.75482750143
2026-08-04 01:00:00+00:00,1866.8,932686.4547866258,229.20616917602513,-235.734951873034,0.0,0.0,2.968272205016131,0.0,0.0,17.20656031402177,-69262.5482671874
2026-08-04 02:00:00+00:00,1865.51,932390.1427810243,230.40790783624524,-235.734951873034,0.0,0.0,2.966221063413136,0.0,0.0,10.75230337814719,-69251.79596380926
2026-08-04 03:00:00+00:00,1863.56,931939.3121012275,232.12540710558542,-235.734951873034,0.0,0.0,2.963120500524888,0.0,0.0,11.815596856089542,-69239.98036695317
2026-08-04 04:00:00+00:00,1867.37,932816.8976185871,228.69126705897466,-235.734951873034,0.0,0.0,2.9691785233988495,0.0,0.0,-17.595470753178233,-69257.57583770635
2026-08-04 05:00:00+00:00,1863.57,931941.6333552984,232.12540710558542,-235.734951873034,0.0,0.0,2.933483071409705,0.0,0.0,23.4620369002223,-69234.11380080612
2026-08-04 06:00:00+00:00,1856.22,930210.8944327452,239.00399769350628,-235.734951873034,0.0,0.0,2.9219132883723837,0.0,0.0,4.834887001896277,-69229.27891380423
2026-08-04 07:00:00+00:00,1863.11,931834.7874001461,232.6408243565211,-235.734951873034,0.0,0.0,2.9327589761447843,0.0,0.0,2.6119079719355796,-69226.66700583229
2026-08-04 08:00:00+00:00,1857.25,930456.4386215545,237.97133192428598,-235.734951873034,0.0,0.0,2.9235346321177498,0.0,0.0,5.981574016448576,-69220.68543181584
2026-08-04 09:00:00+00:00,1857.92,930615.6500235484,237.45511519715086,-235.734951873034,0.0,0.0,2.9245892926123083,0.0,0.0,4.193573531549191,-69216.4918582843
2026-08-04 10:00:00+00:00,1866.14,932535.0383835433,229.721148530324,-235.734951873034,0.0,0.0,2.937528560172415,0.0,0.0,-15.415415841314825,-69231.90727412561
2026-08-04 11:00:00+00:00,1871.98,933860.907567866,224.4034182030488,-235.734951873034,0.0,0.0,2.9467214217966267,0.0,0.0,-47.87621319394384,-69279.78348731955
2026-08-04 12:00:00+00:00,1874.31,934381.1760338678,222.34715368477978,-222.34715368477978,0.0,0.0,2.9503891217254647,410.2695077676931,0.0,205.6999172096257,-69074.08357010993
2026-08-04 13:00:00+00:00,1861.13,931372.6087232714,234.3594403074359,-234.3594403074359,0.0,0.0,3.780735183782403,421.44772126870515,0.0,-85.42930334823905,-69159.51287345817
2026-08-04 14:00:00+00:00,1872.22,933914.7300842705,224.2320157022277,-234.3594403074359,0.0,0.0,4.008734625760527,0.0,0.0,-52.91609738463012,-69212.4289708428
2026-08-04 15:00:00+00:00,1872.24,933919.2147245846,224.2320157022277,-234.3594403074359,0.0,0.0,4.008777449089258,0.0,0.0,3.806228957080748,-69208.62274188572
2026-08-04 16:00:00+00:00,1868.99,933185.9921963344,227.14702401548095,-234.3594403074359,0.0,0.0,4.0018186581706034,0.0,0.0,32.44747140715481,-69176.17527047856
2026-08-04 17:00:00+00:00,1868.59,933095.0795683959,227.49012908786574,-234.3594403074359,0.0,0.0,4.000962191596,0.0,0.0,6.832110376039054,-69169.34316010252
2026-08-04 18:00:00+00:00,1874.5,934423.382169809,222.1758539894738,-222.1758539894738,0.0,0.0,4.013616485235767,432.8667875452151,0.0,169.9996497137472,-68999.34351038878
2026-08-04 19:00:00+00:00,1874.46,934414.4951356495,222.1758539894738,-222.1758539894738,0.0,0.0,3.8048804025323983,0.0,0.0,3.804880402603885,-68995.53862998617
2026-08-04 20:00:00+00:00,1875.82,934715.6920244689,220.97699589994457,-222.1758539894738,0.0,0.0,3.807641004170973,0.0,0.0,2.845368397946004,-68992.69326158823
2026-08-04 21:00:00+00:00,1871.35,933719.3949449877,225.0891139097273,-222.1758539894738,0.0,0.0,1.8018379692340256,0.0,0.0,-1.3691741789807566,-68994.0624357672
2026-08-04 22:00:00+00:00,1874.71,934469.9954112819,222.00456285851055,-222.1758539894738,0.0,0.0,1.8050731607143082,0.0,0.0,5.894670050271088,-68988.16776571693
2026-08-04 23:00:00+00:00,1868.9,933165.5592070246,227.31857226307406,-222.1758539894738,0.0,0.0,1.79947897544632,0.0,0.0,-11.795013603026746,-68999.96277931996
2026-08-05 00:00:00+00:00,1863.09,931830.134583659,232.6408243565211,-222.1758539894738,0.0,0.0,1.7938847901783317,0.0,0.0,-42.78902689658571,-69042.75180621655
2026-08-05 01:00:00+00:00,1872.57,933993.1189700833,223.88923640860358,-222.1758539894738,0.0,0.0,1.8030126518548424,0.0,0.0,58.560303255944746,-68984.1915029606
2026-08-05 02:00:00+00:00,1873.7,934245.445218705,222.8611041610342,-222.1758539894738,0.0,0.0,1.804100677561009,0.0,0.0,3.0716342911182437,-68981.11986866948
2026-08-05 03:00:00+00:00,1866.86,932700.2071567763,229.20616917602513,-222.1758539894738,0.0,0.0,1.797514752047577,0.0,0.0,-23.75770588857995,-69004.87757455806
2026-08-05 04:00:00+00:00,1866.47,932610.8044542829,229.5494801629259,-222.1758539894738,0.0,0.0,1.7971392387507588,0.0,0.0,-0.9569801988545805,-69005.83455475692
2026-08-05 05:00:00+00:00,1872.51,933979.6856158988,223.88923640860358,-222.1758539894738,0.0,0.0,0.31878031202612195,0.0,0.0,27.257783831562847,-68978.57677092536
2026-08-05 06:00:00+00:00,1868.84,933151.9200926889,227.31857226307406,-222.1758539894738,0.0,0.0,0.3181555229755236,0.0,0.0,-12.06198354557273,-68990.63875447093
2026-08-05 07:00:00+00:00,1871.85,933831.7380923673,224.5748292737813,-222.1758539894738,0.0,0.0,0.3186679521423631,0.0,0.0,11.387347122246865,-68979.25140734868
2026-08-05 08:00:00+00:00,1868.98,933183.7207260942,227.14702401548095,-222.1758539894738,0.0,0.0,0.31817935689026033,0.0,0.0,-10.054485966436914,-68989.30589331512
2026-08-05 09:00:00+00:00,1870.98,933636.1083426623,225.4320131911016,-222.1758539894738,0.0,0.0,0.3185198413864992,0.0,0.0,8.354428430568078,-68980.95146488455
2026-08-05 10:00:00+00:00,1867.38,932819.1845312578,228.69126705897466,-222.1758539894738,0.0,0.0,0.3179069692932692,0.0,0.0,-16.772830073110526,-68997.72429495766
2026-08-05 11:00:00+00:00,1867.93,932944.7601504379,228.17644216758814,-222.1758539894738,0.0,0.0,0.3180006025297349,0.0,0.0,3.6969000884273555,-68994.02739486923
2026-08-05 12:00:00+00:00,1875.22,934583.0172754981,221.4907408473931,-222.1758539894738,0.0,0.0,0.3192416685185256,0.0,0.0,18.914391145444824,-68975.11300372379
2026-08-05 13:00:00+00:00,1877.85,935162.1202122422,219.09392356169843,-222.1758539894738,0.0,0.0,1.5927103504034543,0.0,0.0,-3.62684889776574,-68978.73985262155
2026-08-05 14:00:00+00:00,1875.06,934547.5860627423,221.66200628789807,-222.1758539894738,0.0,0.0,1.5903439942633868,0.0,0.0,6.926827124931151,-68971.81302549662
2026-08-05 15:00:00+00:00,1872.91,934069.1608174671,223.54649138948082,-222.1758539894738,0.0,0.0,1.5885204581697867,0.0,0.0,0.8413612603617366,-68970.97166423626
2026-08-05 16:00:00+00:00,1894.79,938741.6573649213,203.72580684445472,-203.72580684445472,0.0,0.0,1.60707811850838,450.34626996017045,0.0,543.8209925060364,-68427.15067173023
2026-08-05 17:00:00+00:00,1915.93,942847.1458405141,184.8667882006425,-184.8667882006425,0.0,0.0,1.4900633401478667,468.41254975529006,0.0,1015.1025918408413,-67412.04807988938
2026-08-05 18:00:00+00:00,1917.23,943086.643863257,183.68098534658876,-184.8667882006425,0.0,0.0,1.3530447415652715,0.0,0.0,0.5242428236670094,-67411.52383706572
2026-08-05 19:00:00+00:00,1916.09,942876.701860551,184.69736238307092,-184.8667882006425,0.0,0.0,1.3522402105463616,0.0,0.0,2.1583760532957967,-67409.36546101242
2026-08-05 20:00:00+00:00,1916.19,942895.1715967893,184.69736238307092,-184.8667882006425,0.0,0.0,1.3523107834427572,0.0,0.0,1.3353682016022503,-67408.03009281082
2026-08-05 21:00:00+00:00,1907.75,941305.7916742612,192.16011760932724,-184.8667882006425,0.0,0.0,0.17369471048096455,0.0,0.0,-28.930535404142574,-67436.96062821496
2026-08-05 22:00:00+00:00,1906.0,940968.3159970612,193.6886137894898,-184.8667882006425,0.0,0.0,0.17353537841788413,0.0,0.0,-13.785262470468297,-67450.74589068543
2026-08-05 23:00:00+00:00,1907.95,941344.1873124258,191.99032715263303,-184.8667882006425,0.0,0.0,0.17371291985960233,0.0,0.0,15.554791293208837,-67435.19109939222
2026-08-06 00:00:00+00:00,1909.39,941619.5728569552,190.63230906333567,-184.8667882006425,0.0,0.0,0.17384402738579424,0.0,0.0,9.351213547866791,-67425.83988584435
2026-08-06 01:00:00+00:00,1905.93,940954.7577940959,193.6886137894898,-184.8667882006425,0.0,0.0,0.17352900513536093,0.0,0.0,-25.002446679965942,-67450.84233252432
2026-08-06 02:00:00+00:00,1898.17,939424.8830195211,200.66047315963155,-200.66047315963155,0.0,0.0,0.1728224812442157,483.40209924459214,0.0,-110.12522514584998,-67560.96755767017
2026-08-06 03:00:00+00:00,1897.94,939378.7155344882,200.8306971127889,-200.66047315963155,0.0,0.0,0.18756445767608113,0.0,0.0,0.1719882514735218,-67560.7955694187
2026-08-06 04:00:00+00:00,1906.84,941130.6512916083,193.0091972409458,-200.66047315963155,0.0,0.0,0.1884440026950581,0.0,0.0,-33.75400999786507,-67594.54957941656
2026-08-06 05:00:00+00:00,1913.49,942393.5908678444,187.07009485145886,-187.07009485145886,0.0,0.0,0.4737128815900031,496.40462573904483,0.0,803.9323632601299,-66790.61721615643
2026-08-06 06:00:00+00:00,1912.8,942264.367747359,187.57875363660176,-187.07009485145886,0.0,0.0,0.44146989703157025,0.0,0.0,0.2967148591269506,-66790.3205012973
2026-08-06 07:00:00+00:00,1908.52,941453.4166805688,191.4810067141708,-187.07009485145886,0.0,0.0,0.44048208274921186,0.0,0.0,-9.850578743164078,-66800.17108004047
2026-08-06 08:00:00+00:00,1915.44,942756.4934636705,185.37511648152503,-187.07009485145886,0.0,0.0,0.44207920303751097,0.0,0.0,8.993805932594114,-66791.17727410787
2026-08-06 09:00:00+00:00,1906.68,941099.7848572233,193.17903863987104,-187.07009485145886,0.0,0.0,0.4400574149268896,0.0,0.0,-17.53451813351421,-66808.71179224139
2026-08-06 10:00:00+00:00,1901.78,940143.2882071055,197.42783457096272,-197.42783457096272,0.0,0.0,0.43892650605222694,506.2536968609239,0.0,-49.26332996148267,-66857.97512220287
2026-08-06 11:00:00+00:00,1906.89,941140.2834303353,192.8393643334541,-197.42783457096272,0.0,0.0,0.46447376542497226,0.0,0.0,-11.396537662352785,-66869.37165986522
2026-08-06 12:00:00+00:00,1898.19,939428.8962289842,200.66047315963155,-197.42783457096272,0.0,0.0,0.4623546490841255,0.0,0.0,6.6973140653572045,-66862.67434579987
2026-08-06 13:00:00+00:00,1906.47,941059.2290087542,193.34888853065314,-197.42783457096272,0.0,0.0,0.46437146325679346,0.0,0.0,-3.90531901428767,-66866.57966481415
2026-08-06 14:00:00+00:00,1914.06,942500.0166588817,186.56151235559796,-186.56151235559796,0.0,0.0,0.46622020958173904,516.6530932106945,0.0,666.8113753424404,-66199.76828947171
2026-08-06 15:00:00+00:00,1909.88,941712.8702806507,190.29288940441145,-186.56151235559796,0.0,0.0,0.439597587377349,0.0,0.0,-6.879658997262595,-66206.64794846898
2026-08-06 16:00:00+00:00,1914.72,942622.8817751554,185.88352101355616,-186.56151235559796,0.0,0.0,0.44071161146415366,0.0,0.0,7.494486315146787,-66199.15346215383
2026-08-06 17:00:00+00:00,1913.1,942320.6063238325,187.4091922309274,-186.56151235559796,0.0,0.0,0.4403387356334463,0.0,0.0,0.39453742883051746,-66198.758924725
2026-08-06 18:00:00+00:00,1905.21,940815.0755796663,194.36816622813728,-186.56151235559796,0.0,0.0,0.43852269223574214,0.0,0.0,-33.1218889883603,-66231.88081371336
2026-08-06 19:00:00+00:00,1908.77,941501.2409134824,191.31125021047487,-186.56151235559796,0.0,0.0,0.4393420983822347,0.0,0.0,22.445691928543965,-66209.43512178482
2026-08-06 20:00:00+00:00,1906.16,940999.2823260222,193.51874691371788,-186.56151235559796,0.0,0.0,-0.249820304905202,0.0,0.0,-15.282860517021618,-66224.71798230184
2026-08-06 21:00:00+00:00,1905.25,940822.8503063153,194.36816622813728,-186.56151235559796,0.0,0.0,-0.24970104079439087,0.0,0.0,-6.9107445039990125,-66231.62872680584
2026-08-06 22:00:00+00:00,1904.18,940614.4576326124,195.3877497395105,-186.56151235559796,0.0,0.0,-0.24956080716959098,0.0,0.0,-9.021416289615445,-66240.65014309545
2026-08-06 23:00:00+00:00,1903.12,940406.9866836837,196.23763633968065,-196.23763633968065,0.0,0.0,-0.24942188413941535,525.8605057489881,0.0,-19.17258025420597,-66259.82272334966
2026-08-07 00:00:00+00:00,1903.0,940383.4428322603,196.4076391565253,-196.23763633968065,0.0,0.0,-0.26234175592297465,0.0,0.0,-0.2576768186117988,-66260.08040016827
2026-08-07 01:00:00+00:00,1902.45,940275.3461909499,196.91769860832883,-196.23763633968065,0.0,0.0,-0.26226593460623393,0.0,0.0,-0.42820725817000493,-66260.50860742644
2026-08-07 02:00:00+00:00,1901.75,940137.3653720684,197.42783457096272,-196.23763633968065,0.0,0.0,-0.26216943474856386,0.0,0.0,-0.8766428785020253,-66261.38525030494
2026-08-07 03:00:00+00:00,1896.53,939094.6621230094,202.19279516925056,-196.23763633968065,0.0,0.0,-0.2614498215242244,0.0,0.0,-18.604237187304534,-66279.98948749225
2026-08-07 04:00:00+00:00,1896.48,939084.5524832511,202.19279516925056,-196.23763633968065,0.0,0.0,2.373455199486333,0.0,0.0,2.075697258100263,-66277.91379023415
2026-08-07 05:00:00+00:00,1900.79,939947.434334844,198.27823123059318,-196.23763633968065,0.0,0.0,2.378849188302343,0.0,0.0,19.476488157204585,-66258.43730207694
2026-08-07 06:00:00+00:00,1903.81,940542.1576905202,195.72767888446762,-196.23763633968065,0.0,0.0,2.382628734990127,0.0,0.0,4.468322665328742,-66253.96897941161
2026-08-07 07:00:00+00:00,1901.66,940119.6000961806,197.5978968962308,-196.23763633968065,0.0,0.0,2.379937998109751,0.0,0.0,1.7332617888023378,-66252.23571762281
2026-08-07 08:00:00+00:00,1909.9,941716.6761384388,190.29288940441145,-196.23763633968065,0.0,0.0,2.390250403641983,0.0,0.0,-17.53183077715221,-66269.76754839996
2026-08-07 09:00:00+00:00,1912.41,942191.1607675947,188.08748872246957,-196.23763633968065,0.0,0.0,2.3933916825116315,0.0,0.0,-15.678446374135092,-66285.4459947741
2026-08-07 10:00:00+00:00,1912.13,942138.4965545845,188.25708404211989,-196.23763633968065,0.0,0.0,2.3930412609644196,0.0,0.0,4.6753664258430945,-66280.77062834825
2026-08-07 11:00:00+00:00,1915.51,942769.4479551975,185.20566524944618,-185.20566524944618,0.0,0.0,2.3972713496414757,536.4264312205157,0.0,731.5992590311362,-65549.17136931712
2026-08-07 12:00:00+00:00,1931.26,945576.706894215,171.3394553052058,-171.3394553052058,0.0,0.0,1.6207388279718309,549.8160595289725,0.0,1125.1610829689962,-64424.01028634812
2026-08-07 13:00:00+00:00,1922.5,944042.2662616286,179.11105990775337,-171.3394553052058,0.0,0.0,1.4925942159224197,0.0,0.0,-32.01440989684488,-64456.02469624497
2026-08-07 14:00:00+00:00,1912.74,942253.1194620184,187.74832352013402,-187.74832352013402,0.0,0.0,1.485016728511547,565.5090088236834,0.0,-131.08164839757228,-64587.10634464254
2026-08-07 15:00:00+00:00,1916.99,943042.5535732361,184.0197438151073,-187.74832352013402,0.0,0.0,1.6308497035064047,0.0,0.0,-6.865414039326424,-64593.971758681866
2026-08-07 16:00:00+00:00,1908.56,941461.0759208373,191.4810067141708,-187.74832352013402,0.0,0.0,1.6236780109046909,0.0,0.0,2.8643928868914372,-64591.107365794975
2026-08-07 17:00:00+00:00,1911.41,942002.7883657711,188.93555012050317,-187.74832352013402,0.0,0.0,1.6261026044889002,0.0,0.0,8.25582550578838,-64582.851540289186
2026-08-07 18:00:00+00:00,1908.93,941531.80993376,191.14150219396774,-187.74832352013402,0.0,0.0,1.6239927827033427,0.0,0.0,-3.738596898445394,-64586.59013718763
2026-08-07 19:00:00+00:00,1917.85,943200.3429235069,183.1729111536152,-187.74832352013402,0.0,0.0,1.631581335254622,0.0,0.0,-4.550474717420002,-64591.14061190505
2026-08-07 20:00:00+00:00,1913.97,942483.2261227696,186.56151235559796,-187.74832352013402,0.0,0.0,1.6282804850417338,0.0,0.0,12.974975005919987,-64578.16563689913
2026-08-07 21:00:00+00:00,1915.65,942795.3767483325,185.20566524944618,-187.74832352013402,0.0,0.0,0.015285553227932151,0.0,0.0,-3.251272397734283,-64581.416909296866
2026-08-07 22:00:00+00:00,1913.93,942475.7772355897,186.73103137833775,-187.74832352013402,0.0,0.0,0.015271828825482829,0.0,0.0,3.342875540627574,-64578.07403375624
2026-08-07 23:00:00+00:00,1913.07,942314.9840480656,187.4091922309274,-187.74832352013402,0.0,0.0,0.015264966624258166,0.0,0.0,0.6856356698917807,-64577.38839808635
2026-08-08 00:00:00+00:00,1913.41,942378.6252602563,187.07009485145886,-187.74832352013402,0.0,0.0,0.015267679587533034,0.0,0.0,-0.17795012655551545,-64577.5663482129
2026-08-08 01:00:00+00:00,1913.81,942453.3695118243,186.73103137833775,-187.74832352013402,0.0,0.0,0.015270871309032876,0.0,0.0,-0.3398069687318639,-64577.906155181634
2026-08-08 02:00:00+00:00,1912.27,942164.8285191735,188.08748872246957,-187.74832352013402,0.0,0.0,0.015258583181258483,0.0,0.0,0.6066841533975094,-64577.29947102824
2026-08-08 03:00:00+00:00,1917.2,943081.149341489,183.85036034657918,-187.74832352013402,0.0,0.0,0.01529792114874404,0.0,0.0,-9.26311471772351,-64586.56258574596
2026-08-08 04:00:00+00:00,1916.12,942882.2427814225,184.69736238307092,-187.74832352013402,0.0,0.0,0.015289303500694462,0.0,0.0,3.876918638779898,-64582.68566710718
2026-08-08 05:00:00+00:00,1916.69,942987.3421083082,184.189135752597,-187.74832352013402,0.0,0.0,1.2316048813262148,0.0,0.0,-0.6856126394195599,-64583.3712797466
2026-08-08 06:00:00+00:00,1915.66,942797.228804985,185.20566524944618,-187.74832352013402,0.0,0.0,1.2309430356298499,0.0,0.0,4.498412938097317,-64578.8728668085
2026-08-08 07:00:00+00:00,1914.29,942542.8836520656,186.39200180817346,-187.74832352013402,0.0,0.0,1.2300627165968205,0.0,0.0,4.100113019900164,-64574.7727537886
2026-08-08 08:00:00+00:00,1916.02,942863.7838514522,184.8667882006425,-187.74832352013402,0.0,0.0,1.231174360339259,0.0,0.0,-2.6732259429772967,-64577.44597973158
2026-08-08 09:00:00+00:00,1918.05,943236.9475386096,183.00357002354502,-187.74832352013402,0.0,0.0,1.2324787746728718,0.0,0.0,-6.732930813741405,-64584.17891054532
2026-08-08 10:00:00+00:00,1920.36,943657.1668025178,180.97213672253307,-187.74832352013402,0.0,0.0,1.2339631082249136,0.0,0.0,-12.245400315063307,-64596.424310860384
2026-08-08 11:00:00+00:00,1920.05,943601.0553704003,181.310624306189,-187.74832352013402,0.0,0.0,1.233763911947367,0.0,0.0,3.3243120856568567,-64593.09999877473
2026-08-08 12:00:00+00:00,1918.39,943299.0911068891,182.66491316224526,-187.74832352013402,0.0,0.0,1.232697248009536,0.0,0.0,10.930650780166616,-64582.16934799456
2026-08-08 13:00:00+00:00,1919.24,943454.0151244819,181.98770102315967,-187.74832352013402,0.0,0.0,3.2303951386598904,0.0,0.0,-1.4316622606347664,-64583.601010255195
2026-08-08 14:00:00+00:00,1923.0,944131.6561177497,178.60367111791936,-187.74832352013402,0.0,0.0,3.2367238342484366,0.0,0.0,-25.055979333570576,-64608.656989588766
2026-08-08 15:00:00+00:00,1921.85,943925.7188349976,179.61852480780877,-187.74832352013402,0.0,0.0,3.2347881959700246,0.0,0.0,13.208077492003213,-64595.44891209676
2026-08-08 16:00:00+00:00,1921.68,943895.1781996813,179.78769668984913,-187.74832352013402,0.0,0.0,3.234502058137564,0.0,0.0,4.611081740251393,-64590.83783035651
2026-08-08 17:00:00+00:00,1923.05,944140.5863013057,178.60367111791936,-187.74832352013402,0.0,0.0,3.236807992434455,0.0,0.0,-8.570293605785992,-64599.4081239623
2026-08-08 18:00:00+00:00,1920.49,943680.6724948967,180.80290562293223,-187.74832352013402,0.0,0.0,3.232499093310338,0.0,0.0,23.954400895847357,-64575.45372306645
2026-08-08 19:00:00+00:00,1919.61,943521.2496536671,181.64914573860278,-187.74832352013402,0.0,0.0,3.231017909236423,0.0,0.0,9.026701377384597,-64566.427021689065
2026-08-08 20:00:00+00:00,1919.41,943484.9201846549,181.81841914915194,-187.74832352013402,0.0,0.0,3.230681276492352,0.0,0.0,4.450876968272496,-64561.97614472079
2026-08-08 21:00:00+00:00,1919.89,943572.0456705114,181.310624306189,-187.74832352013402,0.0,0.0,1.4400222347280651,0.0,0.0,-1.5536871983931633,-64563.529831919186
2026-08-08 22:00:00+00:00,1915.93,942847.1458405141,184.8667882006425,-187.74832352013402,0.0,0.0,1.437052018700312,0.0,0.0,20.020583161109244,-64543.50924875808
2026-08-08 23:00:00+00:00,1915.98,942856.3891799242,184.8667882006425,-187.74832352013402,0.0,0.0,1.437089521427935,0.0,0.0,1.2930127554864157,-64542.21623600259
2026-08-09 00:00:00+00:00,1917.15,943071.9568234717,183.85036034657918,-187.74832352013402,0.0,0.0,1.4379670852543167,0.0,0.0,-2.659927885775687,-64544.876163888366
2026-08-09 01:00:00+00:00,1915.31,942732.3946985279,185.37511648152503,-187.74832352013402,0.0,0.0,1.4365869848777848,0.0,0.0,7.331377318128943,-64537.54478657024
2026-08-09 02:00:00+00:00,1913.86,942462.7060633932,186.73103137833775,-187.74832352013402,0.0,0.0,1.4354994057767134,0.0,0.0,3.981933375260269,-64533.56285319498
2026-08-09 03:00:00+00:00,1913.07,942314.9840480656,187.4091922309274,-187.74832352013402,0.0,0.0,1.4349068626802677,0.0,0.0,2.034067116037477,-64531.52878607894
2026-08-09 04:00:00+00:00,1912.43,942194.9037846792,187.91790188194855,-187.74832352013402,0.0,0.0,1.4344268277666914,0.0,0.0,1.5130904942634515,-64530.015695584676
2026-08-09 05:00:00+00:00,1913.63,942419.7530836945,186.90055887681683,-187.74832352013402,0.0,0.0,1.8794878123172947,0.0,0.0,1.4307986033891211,-64528.58489698129
2026-08-09 06:00:00+00:00,1918.5,943319.1842473369,182.66491316224526,-187.74832352013402,0.0,0.0,1.884270923810104,0.0,0.0,-13.01890097677824,-64541.603797958065
2026-08-09 07:00:00+00:00,1918.28,943279.0019234281,182.83423735989595,-187.74832352013402,0.0,0.0,1.884054848958273,0.0,0.0,3.0063621146036894,-64538.59743584346
2026-08-09 08:00:00+00:00,1914.89,942654.4819737277,185.88352101355616,-187.74832352013402,0.0,0.0,1.880725331923237,0.0,0.0,13.827592364708835,-64524.76984347875
2026-08-09 09:00:00+00:00,1920.83,943742.0997597206,180.63368298425104,-187.74832352013402,0.0,0.0,1.8865593529226803,0.0,0.0,-25.7206963637218,-64550.490539842474
2026-08-09 10:00:00+00:00,1919.3,943464.9343865432,181.98770102315967,-187.74832352013402,0.0,0.0,1.8850566505440358,0.0,0.0,11.974618458953046,-64538.51592138352
2026-08-09 11:00:00+00:00,1918.35,943291.8003200432,182.83423735989595,-187.74832352013402,0.0,0.0,1.884123600047492,0.0,0.0,7.110964444182173,-64531.40495693934
2026-08-09 12:00:00+00:00,1916.63,942976.290760163,184.189135752597,-187.74832352013402,0.0,0.0,1.8824342875695388,0.0,0.0,9.299990861924016,-64522.104966077415
2026-08-09 13:00:00+00:00,1922.64,944067.3149558695,178.94192185501447,-187.74832352013402,0.0,0.0,3.5993464097714387,0.0,0.0,-33.74388223975984,-64555.848848317175
2026-08-09 14:00:00+00:00,1924.37,944375.473200686,177.420059861715,-177.420059861715,0.0,0.0,3.6025851176360955,575.4467091918593,0.0,838.5750899362756,-63717.2737583809
2026-08-09 15:00:00+00:00,1925.75,944619.404134816,176.23686277625725,-177.420059861715,0.0,0.0,3.4068438857289647,0.0,0.0,2.4980954065249534,-63714.775662974374
2026-08-09 16:00:00+00:00,1923.43,944208.3624100059,178.26545420251546,-177.420059861715,0.0,0.0,3.4027395742581654,0.0,0.0,3.9755536432785448,-63710.800109331096
2026-08-09 17:00:00+00:00,1922.31,944008.2387122343,179.28020641718336,-177.420059861715,0.0,0.0,3.4007581825136417,0.0,0.0,1.98752745607635,-63708.81258187502
2026-08-09 18:00:00+00:00,1920.71,943720.4237177626,180.63368298425104,-177.420059861715,0.0,0.0,3.3979276228786075,0.0,0.0,-0.5449710701213917,-63709.35755294514
2026-08-09 19:00:00+00:00,1921.16,943801.6032530065,180.29526308795903,-177.420059861715,0.0,0.0,3.398723717775961,0.0,0.0,4.7392320238941466,-63704.61832092125
2026-08-09 20:00:00+00:00,1919.99,943590.176732942,181.310624306189,-177.420059861715,0.0,0.0,3.3966538710428424,0.0,0.0,-0.4483961552105029,-63705.06671707646
2026-08-09 21:00:00+00:00,1923.84,944281.3493963135,177.92727110542208,-177.420059861715,0.0,0.0,2.0599133210649234,0.0,0.0,10.165346225025132,-63694.90137085143
2026-08-09 22:00:00+00:00,1918.67,943350.1997717526,182.49559743016945,-177.420059861715,0.0,0.0,2.054377646648181,0.0,0.0,-11.833537429272837,-63706.734908280705
2026-08-09 23:00:00+00:00,1909.57,941653.8668760208,190.46259499133998,-190.46259499133998,0.0,0.0,2.0446340030906653,587.8995260955983,0.0,-92.21853389083117,-63798.953442171536
2026-08-10 00:00:00+00:00,1911.99,942112.1495293132,188.426687841325,-190.46259499133998,0.0,0.0,2.1977211521798647,0.0,0.0,-0.4391054344669101,-63799.392547606
2026-08-10 01:00:00+00:00,1924.65,944425.109327659,177.25100635263772,-177.25100635263772,0.0,0.0,2.212273084871248,600.6133681323375,0.0,994.6609844405903,-62804.73156316541
2026-08-10 02:00:00+00:00,1922.87,944108.4383601329,178.77279225854403,-177.25100635263772,0.0,0.0,2.056912928002264,0.0,0.0,0.8927367095820955,-62803.83882645583
2026-08-10 03:00:00+00:00,1916.5,942952.3409104916,184.35853615947227,-177.25100635263772,0.0,0.0,2.0500988764276,0.0,0.0,-24.958440298505593,-62828.797266754336
2026-08-10 04:00:00+00:00,1914.68,942615.4573516574,186.0530061375768,-177.25100635263772,0.0,0.0,2.048152004549125,0.0,0.0,-12.238575267860142,-62841.0358420222
2026-08-10 05:00:00+00:00,1922.51,944044.0573722277,179.11105990775337,-177.25100635263772,0.0,0.0,1.4593339589950385,0.0,0.0,42.1839747880731,-62798.85186723412
2026-08-10 06:00:00+00:00,1927.23,944879.1481276846,174.8851444976787,-177.25100635263772,0.0,0.0,1.4629168044868468,0.0,0.0,-0.07107772303425008,-62798.92294495716
2026-08-10 07:00:00+00:00,1924.72,944437.4961083437,177.08196129560173,-177.25100635263772,0.0,0.0,1.4610115201257368,0.0,0.0,4.709018124362046,-62794.213926832796
2026-08-10 08:00:00+00:00,1926.0,944663.4214506239,176.0678684225979,-177.25100635263772,0.0,0.0,1.4619831392421594,0.0,0.0,0.5060372880470823,-62793.70788954475
2026-08-10 09:00:00+00:00,1915.5,942767.5958985451,185.20566524944618,-177.25100635263772,0.0,0.0,1.454012826177755,0.0,0.0,-33.235972549904545,-62826.94386209465
2026-08-10 10:00:00+00:00,1916.74,942996.5515650958,184.189135752597,-177.25100635263772,0.0,0.0,1.4549540821967895,0.0,0.0,10.619372755587392,-62816.324489339066
2026-08-10 11:00:00+00:00,1919.6,943519.4331622097,181.64914573860278,-177.25100635263772,0.0,0.0,1.4571250436600462,0.0,0.0,17.4008439890531,-62798.92364535001
2026-08-10 12:00:00+00:00,1905.03,940780.0830440982,194.53807557381293,-194.53807557381293,0.0,0.0,1.4460652854363918,617.0795608715453,0.0,-171.82308300733712,-62970.74672835735
2026-08-10 13:00:00+00:00,1896.62,939112.8413830972,202.02250311629822,-194.53807557381293,0.0,0.0,0.6613694127739381,0.0,0.0,-30.51507601243793,-63001.26180436979
2026-08-10 14:00:00+00:00,1892.61,938295.5583445707,205.77089576104478,-205.77089576104478,0.0,0.0,0.6599710876770691,627.7092347788237,0.0,-47.15505829517497,-63048.41686266496
2026-08-10 15:00:00+00:00,1876.01,934757.6361235854,220.80576470739047,-220.80576470739047,0.0,0.0,0.6919556527458447,641.8120170248405,0.0,-135.5361779451996,-63183.95304061016
2026-08-10 16:00:00+00:00,1871.38,933726.1289733392,224.91767712669198,-220.80576470739047,0.0,0.0,0.7406815993349236,0.0,0.0,-8.435778051651141,-63192.38881866181
2026-08-10 17:00:00+00:00,1872.71,934024.4414455859,223.71785961494385,-220.80576470739047,0.0,0.0,0.7412080057981302,0.0,0.0,5.382013191687292,-63187.006805470126
2026-08-10 18:00:00+00:00,1871.92,933847.4583304165,224.5748292737813,-220.80576470739047,0.0,0.0,0.7408953282748721,0.0,0.0,-1.8056657223496586,-63188.812471192476
2026-08-10 19:00:00+00:00,1877.7,935129.2656952678,219.26506916433513,-220.80576470739047,0.0,0.0,0.7431830195209878,0.0,0.0,6.293227862159256,-63182.51924333032
2026-08-10 20:00:00+00:00,1878.76,935361.022898103,218.2383238895356,-220.80576470739047,0.0,0.0,0.5724806331322865,0.0,0.0,-1.7244271215095068,-63184.243670451826
2026-08-10 21:00:00+00:00,1873.42,934183.042624246,223.20378064143364,-220.80576470739047,0.0,0.0,0.5708534712910048,0.0,0.0,1.6933631517167669,-63182.55030730011
2026-08-10 22:00:00+00:00,1875.4,934622.8521870594,221.31948396951796,-220.80576470739047,0.0,0.0,0.5714568009624913,0.0,0.0,3.185605493701587,-63179.36470180641
2026-08-10 23:00:00+00:00,1872.31,933934.893323265,224.06062177088836,-220.80576470739047,0.0,0.0,0.570515241020626,0.0,0.0,-5.098535607452504,-63184.46323741386
2026-08-11 00:00:00+00:00,1874.28,934374.5056192572,222.34715368477978,-220.80576470739047,0.0,0.0,0.5711155235725596,0.0,0.0,5.196055042222724,-63179.26718237164
2026-08-11 01:00:00+00:00,1877.23,935026.1657687216,219.6073860412353,-220.80576470739047,0.0,0.0,0.5720144238406834,0.0,0.0,0.8551580014027422,-63178.412024370235
2026-08-11 02:00:00+00:00,1877.84,935159.9292730066,219.09392356169843,-220.80576470739047,0.0,0.0,0.5722002981334139,0.0,0.0,-0.3558118883302086,-63178.767836258565
2026-08-11 03:00:00+00:00,1880.14,935661.2273696269,217.0408436255176,-220.80576470739047,0.0,0.0,0.5729011356305953,0.0,0.0,-5.982261071163521,-63184.75009732973
2026-08-11 04:00:00+00:00,1875.2,934578.5874606812,221.4907408473931,-220.80576470739047,0.0,0.0,0.571395858571432,0.0,0.0,8.711964567439281,-63176.03813276229
2026-08-11 05:00:00+00:00,1873.27,934149.5620571498,223.20378064143364,-220.80576470739047,0.0,0.0,3.24284990845076,0.0,0.0,0.37257226234214613,-63175.66556049995
2026-08-11 06:00:00+00:00,1873.47,934194.1789401585,223.03243811799197,-220.80576470739047,0.0,0.0,3.243196131889822,0.0,0.0,3.6989261990311206,-63171.966634300916
2026-08-11 07:00:00+00:00,1876.84,934940.4685468051,219.94973714982234,-220.80576470739047,0.0,0.0,3.249029996838002,0.0,0.0,5.423209579588729,-63166.54342472133
2026-08-11 08:00:00+00:00,1878.56,935317.371283689,218.40942671325814,-220.80576470739047,0.0,0.0,3.252007518413929,0.0,0.0,0.3688291056532762,-63166.174595615674
2026-08-11 09:00:00+00:00,1884.78,936657.8863710228,212.76754797358865,-220.80576470739047,0.0,0.0,3.2627750673687315,0.0,0.0,-29.633994078867545,-63195.80858969454
2026-08-11 10:00:00+00:00,1885.37,936783.2197921847,212.25511134153018,-220.80576470739047,0.0,0.0,3.263796426513962,0.0,0.0,-1.678183588956017,-63197.4867732835
2026-08-11 11:00:00+00:00,1892.12,938194.685728906,206.11186322060462,-206.11186322060462,0.0,0.0,3.275481467582277,655.7133294654293,0.0,586.2089326093992,-62611.2778406741
2026-08-11 12:00:00+00:00,1887.01,937129.9382186705,210.71826253457567,-206.11186322060462,0.0,0.0,3.0492515526047583,0.0,0.0,-8.466637625526346,-62619.744478299624
2026-08-11 13:00:00+00:00,1889.26,937601.665140948,208.67020623659096,-206.11186322060462,0.0,0.0,2.640611281864706,0.0,0.0,10.615841312981502,-62609.12863698664
2026-08-11 14:00:00+00:00,1872.67,934015.5078937243,223.88923640860358,-223.88923640860358,0.0,0.0,2.6174235040225167,672.3589061894143,0.0,-180.78958961394528,-62789.91822660059
2026-08-11 15:00:00+00:00,1862.0,931576.1393042216,233.67189081355033,-223.88923640860358,0.0,0.0,2.8269794227450595,0.0,0.0,-47.64345760008291,-62837.56168420067
2026-08-11 16:00:00+00:00,1863.99,932039.0292420713,231.78183855174717,-223.88923640860358,0.0,0.0,2.830000738025007,0.0,0.0,20.180358134617563,-62817.38132606605
2026-08-11 17:00:00+00:00,1863.76,931985.7122937157,231.95361853427417,-223.88923640860358,0.0,0.0,2.829651540781596,0.0,0.0,1.007227559115563,-62816.37409850694
2026-08-11 18:00:00+00:00,1865.32,932346.3699072753,230.57961912395376,-223.88923640860358,0.0,0.0,2.8320200090412535,0.0,0.0,14.22242477126565,-62802.15167373567
2026-08-11 19:00:00+00:00,1881.17,935884.1499733317,216.0147654849478,-223.88923640860358,0.0,0.0,2.8560842538589277,0.0,0.0,-8.008246766134107,-62810.15992050181
2026-08-11 20:00:00+00:00,1881.56,935968.3098554672,215.67280783418147,-223.88923640860358,0.0,0.0,2.856676370923842,0.0,0.0,-0.30024369294551434,-62810.46016419475
2026-08-11 21:00:00+00:00,1883.81,936451.1456244384,213.62177984919376,-223.88923640860358,0.0,0.0,5.272059780486144,0.0,0.0,-15.64295316762582,-62826.10311736238
2026-08-11 22:00:00+00:00,1881.63,935983.4069520156,215.67280783418147,-223.88923640860358,0.0,0.0,5.26595879879401,0.0,0.0,25.60582174668525,-62800.49729561569
2026-08-11 23:00:00+00:00,1881.8,936020.0356097097,215.501841831141,-223.88923640860358,0.0,0.0,5.266434563421377,0.0,0.0,3.8339220680863946,-62796.663373547606
2026-08-12 00:00:00+00:00,1881.73,936004.9504807815,215.501841831141,-223.88923640860358,0.0,0.0,5.26623866033952,0.0,0.0,5.853356280742446,-62790.810017266864
2026-08-12 01:00:00+00:00,1884.13,936519.4567903655,213.45091638986264,-223.88923640860358,0.0,0.0,5.272955337431779,0.0,0.0,-17.55490245922556,-62808.36491972609
2026-08-12 02:00:00+00:00,1883.85,936459.6904956324,213.62177984919376,-223.88923640860358,0.0,0.0,5.272171725104347,0.0,0.0,8.194863186399743,-62800.17005653969
2026-08-12 03:00:00+00:00,1885.77,936868.0132467095,211.913529618585,-211.913529618585,0.0,0.0,5.2775450667781545,683.6506204861209,0.0,458.09632512382086,-62342.07373141587
2026-08-12 04:00:00+00:00,1888.61,937465.86651654,209.3527551435441,-211.913529618585,0.0,0.0,5.0027751396619475,0.0,0.0,1.0216208533529425,-62341.052110562516
2026-08-12 05:00:00+00:00,1890.7,937901.18047985,207.47607406040055,-211.913529618585,0.0,0.0,3.6510589964743367,0.0,0.0,-3.934254596300889,-62344.98636515882
2026-08-12 06:00:00+00:00,1886.83,937092.0026750827,210.8889893646301,-211.913529618585,0.0,0.0,3.6435857863847634,0.0,0.0,14.571140642947285,-62330.41522451587
2026-08-12 07:00:00+00:00,1890.82,937926.0475850074,207.30551786331395,-211.913529618585,0.0,0.0,3.6512907239189745,0.0,0.0,-7.838782529506716,-62338.254007045376
2026-08-12 08:00:00+00:00,1890.1,937776.6099443386,207.98779381894548,-211.913529618585,0.0,0.0,3.6499003592511468,0.0,0.0,6.7900010158191435,-62331.46400602956
2026-08-12 09:00:00+00:00,1905.11,940795.6460901441,194.53807557381293,-194.53807557381293,0.0,0.0,3.6788856004512738,700.2016961137388,0.0,905.83647762693,-61425.62752840263
2026-08-12 10:00:00+00:00,1908.31,941413.2059947189,191.65077170547957,-194.53807557381293,0.0,0.0,3.3829149774216707,0.0,0.0,-1.5790222839059425,-61427.20655068653
2026-08-12 11:00:00+00:00,1914.87,942650.7643033074,185.88352101355616,-194.53807557381293,0.0,0.0,3.3945440745033224,0.0,0.0,-35.216923101237626,-61462.42347378777
2026-08-12 12:00:00+00:00,1910.59,941847.6604103309,189.61415189888655,-194.53807557381293,0.0,0.0,2.6603175067091636,0.0,0.0,32.1793879860852,-61430.244085801685
2026-08-12 13:00:00+00:00,1900.38,939866.0788017474,198.78857127822218,-194.53807557381293,0.0,0.0,2.646101038632025,0.0,0.0,7.298244063771563,-61422.945841737914
2026-08-12 14:00:00+00:00,1886.76,937077.2544499727,211.05972473081258,-211.05972473081258,0.0,0.0,2.6271364651540003,715.787889495469,0.0,-152.17481937598495,-61575.1206611139
2026-08-12 15:00:00+00:00,1891.64,938095.6811202632,206.623378342408,-211.05972473081258,0.0,0.0,2.8576248441147025,0.0,0.0,-8.68716155175207,-61583.80782266565
2026-08-12 16:00:00+00:00,1889.84,937722.5249471467,208.15838412897673,-211.05972473081258,0.0,0.0,2.854905656151133,0.0,0.0,9.606237055129895,-61574.20158561052
2026-08-12 17:00:00+00:00,1887.3,937191.0047454917,210.54754424022252,-211.05972473081258,0.0,0.0,2.851068579802541,0.0,0.0,7.422567741072271,-61566.77901786945
2026-08-12 18:00:00+00:00,1884.71,936642.9926426647,212.76754797358865,-211.05972473081258,0.0,0.0,2.8471559704549603,0.0,0.0,1.4797401962787262,-61565.29927767317
2026-08-12 19:00:00+00:00,1878.61,935328.2917550248,218.40942671325814,-211.05972473081258,0.0,0.0,2.8379409445784196,0.0,0.0,-24.398625837333384,-61589.6979035105
2026-08-12 20:00:00+00:00,1885.92,936899.7686687934,211.74275156535973,-211.05972473081258,0.0,0.0,2.596227353929619,0.0,0.0,31.2265533402242,-61558.47135017028
2026-08-12 21:00:00+00:00,1877.19,935017.38147328,219.6073860412353,-211.05972473081258,0.0,0.0,2.5842093124433387,0.0,0.0,-37.25158930091857,-61595.7229394712
2026-08-12 22:00:00+00:00,1877.55,935096.3919672534,219.43622332403797,-211.05972473081258,0.0,0.0,2.584704901782979,0.0,0.0,5.613697972097725,-61590.1092414991
2026-08-12 23:00:00+00:00,1878.8,935369.7524310586,218.2383238895356,-211.05972473081258,0.0,0.0,2.586425698101175,0.0,0.0,12.122233589740063,-61577.98700790936
2026-08-13 00:00:00+00:00,1879.48,935517.8621229804,217.5539981353645,-211.05972473081258,0.0,0.0,2.5873618112982735,0.0,0.0,7.1764409161842195,-61570.810566993176
2026-08-13 01:00:00+00:00,1877.41,935065.6708959881,219.43622332403797,-211.05972473081258,0.0,0.0,2.5845121725953413,0.0,0.0,-12.713084626928321,-61583.523651620104
2026-08-13 02:00:00+00:00,1881.26,935903.5913022254,216.0147654849478,-211.05972473081258,0.0,0.0,2.5898122252553843,0.0,0.0,27.930278248895775,-61555.59337337121
2026-08-13 03:00:00+00:00,1886.7,937064.5908664889,211.05972473081258,-211.05972473081258,0.0,0.0,2.597301130832173,0.0,0.0,15.431962858703628,-61540.161410512505
2026-08-13 04:00:00+00:00,1891.62,938091.5486526962,206.623378342408,-211.05972473081258,0.0,0.0,4.2534542506617985,0.0,0.0,-7.202605217586097,-61547.36401573009
2026-08-13 05:00:00+00:00,1895.08,938800.6914665035,203.55543814666603,-211.05972473081258,0.0,0.0,4.2612343289583325,0.0,0.0,-16.862599432308343,-61564.2266151624
2026-08-13 06:00:00+00:00,1897.67,939324.4650859723,201.17117055248346,-211.05972473081258,0.0,0.0,4.267058144793022,0.0,0.0,-18.60400943924469,-61582.830624601644
2026-08-13 07:00:00+00:00,1894.62,938707.0242689392,203.89618406046432,-211.05972473081258,0.0,0.0,4.260199983288851,0.0,0.0,30.55154337912245,-61552.27908122252
2026-08-13 08:00:00+00:00,1889.18,937584.9796920705,208.84083066639,-211.05972473081258,0.0,0.0,4.247967721458463,0.0,0.0,30.36829338840471,-61521.91078783412
2026-08-13 09:00:00+00:00,1889.02,937551.5782575177,209.01146362719786,-211.05972473081258,0.0,0.0,4.2476079490516865,0.0,0.0,4.6157293531432515,-61517.29505848097
2026-08-13 10:00:00+00:00,1882.29,936125.4660723266,214.98899510626623,-211.05972473081258,0.0,0.0,4.2324750221916645,0.0,0.0,-1.447762730458635,-61518.74282121143
2026-08-13 11:00:00+00:00,1879.48,935517.8621229804,217.5539981353645,-211.05972473081258,0.0,0.0,4.226156519297659,0.0,0.0,-10.299966333361226,-61529.04278754479
2026-08-13 12:00:00+00:00,1888.07,937352.7556903167,209.86475641128888,-211.05972473081258,0.0,0.0,2.950361313350811,0.0,0.0,24.84089321194915,-61504.201894332844
2026-08-13 13:00:00+00:00,1889.63,937678.7999275601,208.32898296831047,-211.05972473081258,0.0,0.0,2.9527990215124937,0.0,0.0,-0.2561343151173787,-61504.45802864796
2026-08-13 14:00:00+00:00,1892.63,938299.6737624859,205.77089576104478,-211.05972473081258,0.0,0.0,2.957486921823421,0.0,0.0,-9.34785234490846,-61513.80588099287
2026-08-13 15:00:00+00:00,1879.19,935454.7541271051,217.8961439051616,-211.05972473081258,0.0,0.0,2.9364851284304665,0.0,0.0,-5.340449870171142,-61519.14633086304
2026-08-13 16:00:00+00:00,1873.99,934310.0095072662,222.5184619448559,-222.5184619448559,0.0,0.0,2.9283594345581925,726.5246689713416,0.0,-55.04247127996496,-61574.188802143006
2026-08-13 17:00:00+00:00,1876.05,934766.4520946245,220.63454207575387,-222.5184619448559,0.0,0.0,3.090738087036181,0.0,0.0,1.145293838941143,-61573.043508304065
2026-08-13 18:00:00+00:00,1884.64,936628.1050852807,212.93837726535338,-222.5184619448559,0.0,0.0,3.104889863464123,0.0,0.0,-46.67570758667716,-61619.71921589074
2026-08-13 19:00:00+00:00,1886.62,937047.7060885103,211.05972473081258,-211.05972473081258,0.0,0.0,3.1081518561681185,737.3338103727208,0.0,472.019704195096,-61147.699511695646
2026-08-13 20:00:00+00:00,1885.27,936761.9942810505,212.25511134153018,-211.05972473081258,0.0,0.0,1.3414357723188368,0.0,0.0,0.5602566990783089,-61147.13925499657
2026-08-13 21:00:00+00:00,1887.87,937310.7929344594,210.03544056710402,-211.05972473081258,0.0,0.0,1.3432857635710338,0.0,0.0,1.3866548723599408,-61145.75260012421
2026-08-13 22:00:00+00:00,1888.44,937430.2873564806,209.52341369993567,-211.05972473081258,0.0,0.0,1.3436913385763232,0.0,0.0,0.5340702631801832,-61145.21852986103
2026-08-13 23:00:00+00:00,1885.39,936787.4648944115,212.25511134153018,-211.05972473081258,0.0,0.0,1.341521156530477,0.0,0.0,2.251219516401761,-61142.967310344626
2026-08-14 00:00:00+00:00,1888.73,937490.960776028,209.1821051194403,-211.05972473081258,0.0,0.0,1.3438976837544527,0.0,0.0,-0.09970130065630656,-61143.06701164528
2026-08-14 01:00:00+00:00,1888.59,937461.679461437,209.3527551435441,-211.05972473081258,0.0,0.0,1.3437980688408728,0.0,0.0,1.6108449402308906,-61141.45616670505
2026-08-14 02:00:00+00:00,1885.75,936863.7749761171,211.913529618585,-211.05972473081258,0.0,0.0,1.3417773091653964,0.0,0.0,2.8469102246817783,-61138.60925648037
2026-08-14 03:00:00+00:00,1882.25,936116.8665125223,214.98899510626623,-211.05972473081258,0.0,0.0,1.3392869363259008,0.0,0.0,-6.8601401005726075,-61145.46939658094
2026-08-14 04:00:00+00:00,1883.91,936472.5078024233,213.62177984919376,-211.05972473081258,0.0,0.0,1.3404680845869188,0.0,0.0,6.622614932413853,-61138.84678164853
2026-08-14 05:00:00+00:00,1883.08,936294.9971123892,214.30531912038518,-211.05972473081258,0.0,0.0,-0.33534197981389563,0.0,0.0,-2.666460487344011,-61141.51324213587
2026-08-14 06:00:00+00:00,1871.76,933811.5263577327,224.5748292737813,-224.5748292737813,0.0,0.0,-0.3333260956180605,749.9823264123944,0.0,-107.25651283899788,-61248.76975497487
2026-08-14 07:00:00+00:00,1872.34,933941.6151419182,224.06062177088836,-224.5748292737813,0.0,0.0,-0.35478036774208543,0.0,0.0,-0.5193971610497101,-61249.28915213592
2026-08-14 08:00:00+00:00,1877.76,935142.4017591217,219.09392356169843,-224.5748292737813,0.0,0.0,-0.3558073765082081,0.0,0.0,-16.76476483692386,-61266.05391697284
2026-08-14 09:00:00+00:00,1872.3,933932.6686455267,224.2320157022277,-224.5748292737813,0.0,0.0,-0.3547727883415974,0.0,0.0,16.090681451583805,-61249.96323552126
2026-08-14 10:00:00+00:00,1875.2,934578.5874606812,221.4907408473931,-224.5748292737813,0.0,0.0,-0.35532229487697675,0.0,0.0,-5.703512034400774,-61255.66674755566
2026-08-14 11:00:00+00:00,1877.33,935048.1265073258,219.6073860412353,-224.5748292737813,0.0,0.0,-0.3557258979529622,0.0,0.0,-9.161065606494958,-61264.827813162156
2026-08-14 12:00:00+00:00,1872.53,933984.163400627,223.88923640860358,-224.5748292737813,0.0,0.0,-0.3548163698944034,0.0,0.0,13.641257445429801,-61251.186555716726
2026-08-14 13:00:00+00:00,1869.07,933204.1639582557,227.14702401548095,-224.5748292737813,0.0,0.0,0.35993226029926506,0.0,0.0,-2.61060082372569,-61253.79715654045
2026-08-14 14:00:00+00:00,1866.0,932502.8706805459,229.8928254809256,-224.5748292737813,0.0,0.0,0.3593410614468311,0.0,0.0,-11.489210777799599,-61265.28636731825
2026-08-14 15:00:00+00:00,1880.72,935786.8824749965,216.5277660792265,-224.5748292737813,0.0,0.0,0.3621757347718565,0.0,0.0,-21.36751672472019,-61286.65388404297
2026-08-14 16:00:00+00:00,1884.74,936649.3756691039,212.76754797358865,-212.76754797358865,0.0,0.0,0.36294987789458755,761.109154091257,0.0,448.5120234502101,-60838.14186059276
2026-08-14 17:00:00+00:00,1877.9,935173.0749084204,219.09392356169843,-212.76754797358865,0.0,0.0,0.34261942292620884,0.0,0.0,-20.628113121223578,-60858.769973713985
2026-08-14 18:00:00+00:00,1875.05,934545.3694426795,221.66200628789807,-212.76754797358865,0.0,0.0,0.3420994456349049,0.0,0.0,-20.975854570606316,-60879.74582828459
2026-08-14 19:00:00+00:00,1879.91,935611.3099449589,217.21188657672374,-212.76754797358865,0.0,0.0,0.3429861437527074,0.0,0.0,32.23320527152828,-60847.51262301306
2026-08-14 20:00:00+00:00,1879.49,935520.0376629618,217.5539981353645,-212.76754797358865,0.0,0.0,0.34290951552030474,0.0,0.0,-1.5670023327038507,-60849.07962534577
2026-08-14 21:00:00+00:00,1878.53,935310.8190008877,218.40942671325814,-212.76754797358865,0.0,0.0,2.5635131606779367,0.0,0.0,-2.3983028587317676,-60851.4779282045
2026-08-14 22:00:00+00:00,1878.8,935369.7524310586,218.2383238895356,-212.76754797358865,0.0,0.0,2.5638816129003574,0.0,0.0,4.050073830905603,-60847.42785437359
2026-08-14 23:00:00+00:00,1881.39,935931.6432671951,215.84378238530772,-212.76754797358865,0.0,0.0,2.56741602495987,0.0,0.0,13.390302909872844,-60834.03755146372
2026-08-15 00:00:00+00:00,1881.7,935998.4854255265,215.501841831141,-212.76754797358865,0.0,0.0,2.5678390626967222,0.0,0.0,3.452057522306859,-60830.58549394141
2026-08-15 01:00:00+00:00,1883.35,936352.81628949,214.13442148665334,-212.76754797358865,0.0,0.0,2.570090715167068,0.0,0.0,5.834500522243616,-60824.75099341917
2026-08-15 02:00:00+00:00,1884.23,936540.7691817854,213.28006147306306,-212.76754797358865,0.0,0.0,2.571291596484586,0.0,0.0,3.288741675132769,-60821.46225174404
2026-08-15 03:00:00+00:00,1881.95,936052.3316917161,215.33088437576,-212.76754797358865,0.0,0.0,2.5681802221619265,0.0,0.0,-0.7593004673690302,-60822.221552211406
2026-08-15 04:00:00+00:00,1883.62,936410.550334068,213.79265185148492,-212.76754797358865,0.0,0.0,2.570459167389488,0.0,0.0,5.467296403447108,-60816.75425580796
2026-08-15 05:00:00+00:00,1879.84,935596.1051128985,217.21188657672374,-212.76754797358865,0.0,0.0,2.1838304527093833,0.0,0.0,-8.000059376630816,-60824.75431518459
2026-08-15 06:00:00+00:00,1881.38,935929.4848293712,215.84378238530772,-212.76754797358865,0.0,0.0,2.1856194873597645,0.0,0.0,7.903312080685282,-60816.851003103904
2026-08-15 07:00:00+00:00,1879.6,935543.9686027566,217.5539981353645,-212.76754797358865,0.0,0.0,2.1835516421145185,0.0,0.0,-4.606439579438302,-60821.45744268334
2026-08-15 08:00:00+00:00,1876.16,934790.7218942528,220.63454207575387,-212.76754797358865,0.0,0.0,2.1795553569214596,0.0,0.0,-19.146788117781398,-60840.604230801124
2026-08-15 09:00:00+00:00,1879.55,935533.0909028498,217.5539981353645,-212.76754797358865,0.0,0.0,2.183493556573922,0.0,0.0,23.270514523122984,-60817.333716278
2026-08-15 10:00:00+00:00,1880.24,935682.9051961012,216.86980922581782,-212.76754797358865,0.0,0.0,2.1842951370341575,0.0,0.0,5.18898028662079,-60812.14473599138
2026-08-15 11:00:00+00:00,1878.56,935317.371283689,218.40942671325814,-212.76754797358865,0.0,0.0,2.1823434628701053,0.0,0.0,-5.90208835361409,-60818.046824344994
2026-08-15 12:00:00+00:00,1883.0,936277.8683109926,214.47622529878547,-212.76754797358865,0.0,0.0,2.1875014588751003,0.0,0.0,17.996615759686392,-60800.05020858531
2026-08-15 13:00:00+00:00,1882.79,936232.8402149642,214.64714002228084,-212.76754797358865,0.0,0.0,2.9769335703180655,0.0,0.0,2.6300226164094056,-60797.4201859689
2026-08-15 14:00:00+00:00,1882.68,936209.2290295619,214.64714002228084,-212.76754797358865,0.0,0.0,2.9767596461455685,0.0,0.0,2.7700045208403026,-60794.65018144806
2026-08-15 15:00:00+00:00,1884.09,936510.9187537099,213.45091638986264,-212.76754797358865,0.0,0.0,2.9789890378112074,0.0,0.0,4.66647054310306,-60789.983710904955
2026-08-15 16:00:00+00:00,1884.05,936502.3807170542,213.45091638986264,-212.76754797358865,0.0,0.0,2.9789257926575727,0.0,0.0,2.951591055956669,-60787.032119849
2026-08-15 17:00:00+00:00,1883.62,936410.550334068,213.79265185148492,-212.76754797358865,0.0,0.0,2.9782459072559946,0.0,0.0,2.637908549688291,-60784.39421129931
2026-08-15 18:00:00+00:00,1881.97,936056.6383094037,215.33088437576,-212.76754797358865,0.0,0.0,2.9756370446685447,0.0,0.0,0.13006653670890955,-60784.2641447626
2026-08-15 19:00:00+00:00,1883.67,936421.2399666607,213.79265185148492,-212.76754797358865,0.0,0.0,2.9783249636980385,0.0,0.0,5.875150665662659,-60778.38899409694
2026-08-15 20:00:00+00:00,1882.44,936157.6979815456,214.81806329129887,-212.76754797358865,0.0,0.0,-0.21177608311516394,0.0,0.0,-2.0496771907492075,-60780.43867128769
2026-08-15 21:00:00+00:00,1884.14,936521.5739762529,213.28006147306306,-212.76754797358865,0.0,0.0,-0.2119673345448487,0.0,0.0,1.9591958176824846,-60778.479475470005
2026-08-15 22:00:00+00:00,1883.71,936429.7916727348,213.79265185148492,-212.76754797358865,0.0,0.0,-0.21191895918322257,0.0,0.0,-0.5041768486698857,-60778.983652318675
2026-08-15 23:00:00+00:00,1881.73,936004.9504807815,215.501841831141,-212.76754797358865,0.0,0.0,-0.2116962075180603,0.0,0.0,-3.7731431730935583,-60782.75679549177
2026-08-16 00:00:00+00:00,1881.54,935963.9963993104,215.67280783418147,-212.76754797358865,0.0,0.0,-0.21167483235827197,0.0,0.0,-0.739922188447963,-60783.49671768022
2026-08-16 01:00:00+00:00,1879.7,935565.6936501572,217.38293807986344,-212.76754797358865,0.0,0.0,-0.2114678308108485,0.0,0.0,-7.02192871265288,-60790.51864639287
2026-08-16 02:00:00+00:00,1882.77,936228.5472721639,214.64714002228084,-212.76754797358865,0.0,0.0,-0.21181320839269097,0.0,0.0,9.44543651942513,-60781.073209873444
2026-08-16 03:00:00+00:00,1882.15,936095.3666548119,215.15993546761123,-212.76754797358865,0.0,0.0,-0.21174345787127655,0.0,0.0,-1.476481066281849,-60782.549690939726
2026-08-16 04:00:00+00:00,1880.76,935795.5248701568,216.35675733147966,-212.76754797358865,0.0,0.0,-0.211587081702299,0.0,0.0,-4.306480053513951,-60786.85617099324
2026-08-16 05:00:00+00:00,1879.01,935415.5415775728,218.06722962031236,-212.76754797358865,0.0,0.0,0.9739941134618689,0.0,0.0,-6.666089516715147,-60793.522260509955
2026-08-16 06:00:00+00:00,1879.8,935587.4319439651,217.38293807986344,-212.76754797358865,0.0,0.0,0.974403613863482,0.0,0.0,4.7784071070636855,-60788.74385340289
2026-08-16 07:00:00+00:00,1880.73,935789.0477526573,216.5277660792265,-212.76754797358865,0.0,0.0,0.9748856839565201,0.0,0.0,4.716874760684732,-60784.02697864221
2026-08-16 08:00:00+00:00,1879.88,935604.7935883616,217.21188657672374,-212.76754797358865,0.0,0.0,0.9744450822585821,0.0,0.0,-2.427303435943031,-60786.45428207815
2026-08-16 09:00:00+00:00,1879.32,935483.0509806538,217.72506674365476,-212.76754797358865,0.0,0.0,0.9741548034928816,0.0,0.0,-1.6186260390095413,-60788.07290811716
2026-08-16 10:00:00+00:00,1879.94,935617.8263015562,217.21188657672374,-212.76754797358865,0.0,0.0,0.9744761835549072,0.0,0.0,3.8339173422646127,-60784.238990774895
2026-08-16 11:00:00+00:00,1880.14,935661.2273696269,217.0408436255176,-212.76754797358865,0.0,0.0,0.9745798545426572,0.0,0.0,1.8221383304844494,-60782.41685244441
2026-08-16 12:00:00+00:00,1878.95,935402.4575437956,218.06722962031236,-212.76754797358865,0.0,0.0,0.9739630121655439,0.0,0.0,-4.602480730551179,-60787.01933317496
2026-08-16 13:00:00+00:00,1880.94,935834.4517510551,216.18575713352962,-212.76754797358865,0.0,0.0,1.9860073462390053,0.0,0.0,10.572794138301106,-60776.44653903666
2026-08-16 14:00:00+00:00,1882.51,936172.7352459759,214.81806329129887,-212.76754797358865,0.0,0.0,1.9876650448012108,0.0,0.0,6.2261096470974735,-60770.22042938956
2026-08-16 15:00:00+00:00,1883.22,936324.9788146967,214.13442148665334,-212.76754797358865,0.0,0.0,1.9884147046605525,0.0,0.0,3.167024364171084,-60767.05340502539
2026-08-16 16:00:00+00:00,1888.6,937463.7729889886,209.3527551435441,-212.76754797358865,0.0,0.0,1.994095225848238,0.0,0.0,-3.9011385801422875,-60770.954543605534
2026-08-16 17:00:00+00:00,1884.2,936534.3707799413,213.28006147306306,-212.76754797358865,0.0,0.0,1.9894494464382348,0.0,0.0,8.764451482966251,-60762.19009212257
2026-08-16 18:00:00+00:00,1884.54,936606.8112475541,212.93837726535338,-212.76754797358865,0.0,0.0,1.9898084384835533,0.0,0.0,2.0893097403022693,-60760.100782382266
2026-08-16 19:00:00+00:00,1884.88,936679.1631258202,212.76754797358865,-212.76754797358865,0.0,0.0,1.990167430528872,0.0,0.0,2.001079385561752,-60758.099702996704
2026-08-16 20:00:00+00:00,1881.08,935864.7177570537,216.18575713352962,-212.76754797358865,0.0,0.0,1.9861551664929598,0.0,0.0,-3.9425313003812335,-60762.042234297085
2026-08-16 21:00:00+00:00,1874.59,934443.3548637389,222.00456285851055,-212.76754797358865,0.0,0.0,1.3575922150613366,0.0,0.0,-39.14391475114826,-60801.18614904823
2026-08-16 22:00:00+00:00,1875.32,934605.1466283418,221.31948396951796,-212.76754797358865,0.0,0.0,1.3581208865665697,0.0,0.0,7.829575468727853,-60793.356573579505
2026-08-16 23:00:00+00:00,1875.22,934583.0172754981,221.4907408473931,-212.76754797358865,0.0,0.0,1.3580484658124283,0.0,0.0,0.5054504195213667,-60792.851123159984
2026-08-17 00:00:00+00:00,1878.12,935221.2090787331,218.75165802591258,-212.76754797358865,0.0,0.0,1.3601486676825318,0.0,0.0,22.526062779288623,-60770.325060380696
2026-08-17 01:00:00+00:00,1890.71,937903.2552405907,207.47607406040055,-212.76754797358865,0.0,0.0,1.3692664406289483,0.0,0.0,4.671999310659885,-60765.653061070036
2026-08-17 02:00:00+00:00,1901.76,940139.3396504141,197.42783457096272,-197.42783457096272,0.0,0.0,1.377268933961585,775.6953807715458,0.0,817.9262302399584,-59947.72683083008
2026-08-17 03:00:00+00:00,1900.19,939828.320817156,198.9587016386253,-197.42783457096272,0.0,0.0,1.276918163698202,0.0,0.0,0.21978518202377018,-59947.50704564805
2026-08-17 04:00:00+00:00,1902.6,940304.8501430745,196.74767029042425,-197.42783457096272,0.0,0.0,1.2785376716287316,0.0,0.0,2.0067822741621058,-59945.50026337389
2026-08-17 05:00:00+00:00,1898.85,939561.1080448533,200.1498523618144,-197.42783457096272,0.0,0.0,3.154195767221142,0.0,0.0,-0.23352281287225196,-59945.73378618676
2026-08-17 06:00:00+00:00,1906.19,941005.0878884294,193.51874691371788,-197.42783457096272,0.0,0.0,3.1663883031936533,0.0,0.0,-1.9740738716136548,-59947.70786005838
2026-08-17 07:00:00+00:00,1900.09,939808.4249469922,198.9587016386253,-197.42783457096272,0.0,0.0,3.1562555416906126,0.0,0.0,10.803104987375264,-59936.904755071
2026-08-17 08:00:00+00:00,1893.31,938439.2634291647,205.0890631185266,-197.42783457096272,0.0,0.0,3.144993226446249,0.0,0.0,-27.45580620997498,-59964.36056128098
2026-08-17 09:00:00+00:00,1893.02,938379.7734064824,205.25950849564646,-197.42783457096272,0.0,0.0,3.144511504997744,0.0,0.0,0.9085608483437682,-59963.45200043263
2026-08-17 10:00:00+00:00,1906.27,941020.5693881826,193.51874691371788,-197.42783457096272,0.0,0.0,3.166521191869103,0.0,0.0,28.04369482678885,-59935.408305605844
2026-08-17 11:00:00+00:00,1903.75,940530.4140297872,195.72767888446762,-197.42783457096272,0.0,0.0,3.162335198592437,0.0,0.0,10.525119921992882,-59924.88318568385
2026-08-17 12:00:00+00:00,1898.1,939410.8484460263,200.8306971127889,-197.42783457096272,0.0,0.0,3.1529499358888007,0.0,0.0,-0.9453684990075999,-59925.82855418286
2026-08-17 13:00:00+00:00,1904.02,940583.1955926542,195.3877497395105,-197.42783457096272,0.0,0.0,3.0406140705586426,0.0,0.0,6.614980038291833,-59919.21357414457
2026-08-17 14:00:00+00:00,1908.77,941501.2409134824,191.31125021047487,-197.42783457096272,0.0,0.0,3.048199556443851,0.0,0.0,-16.68869382741832,-59935.902267971986
2026-08-17 15:00:00+00:00,1912.45,942198.6621427168,187.91790188194855,-197.42783457096272,0.0,0.0,3.054076311824391,0.0,0.0,-26.059125674903044,-59961.96139364689
2026-08-17 16:00:00+00:00,1906.21,941008.9582633678,193.51874691371788,-197.42783457096272,0.0,0.0,3.0441113787878233,0.0,0.0,45.289919752547576,-59916.67147389434
2026-08-17 17:00:00+00:00,1907.96,941346.1072156972,191.99032715263303,-197.42783457096272,0.0,0.0,3.046906031482373,0.0,0.0,-5.3028521382802865,-59921.97432603262
2026-08-17 18:00:00+00:00,1909.12,941568.0861889591,190.9717626642253,-197.42783457096272,0.0,0.0,3.0487584869827606,0.0,0.0,-3.9885563534189714,-59925.96288238604
2026-08-17 19:00:00+00:00,1906.28,941022.5045756517,193.51874691371788,-197.42783457096272,0.0,0.0,3.044223164895605,0.0,0.0,18.15766003906174,-59907.80522234698
2026-08-17 20:00:00+00:00,1905.76,940921.8190053827,193.85848915839256,-197.42783457096272,0.0,0.0,3.0433927538092242,0.0,0.0,5.020296461705584,-59902.78492588527
2026-08-17 21:00:00+00:00,1905.58,940886.9145470059,194.02837302085192,-197.42783457096272,0.0,0.0,2.1787524142462984,0.0,0.0,2.811304260212637,-59899.97362162506
2026-08-17 22:00:00+00:00,1903.59,940499.105503665,195.89765620407655,-197.42783457096272,0.0,0.0,2.17647713989185,0.0,0.0,7.248824595262704,-59892.7247970298
2026-08-17 23:00:00+00:00,1912.7,942245.6095290775,187.74832352013402,-197.42783457096272,0.0,0.0,2.186893094348647,0.0,0.0,-49.87665443465812,-59942.601451464456
2026-08-18 00:00:00+00:00,1909.4,941621.4791800459,190.63230906333567,-197.42783457096272,0.0,0.0,2.183120026323682,0.0,0.0,29.56462507884862,-59913.03682638561
2026-08-18 01:00:00+00:00,1900.46,939881.9564363902,198.61844942369913,-197.42783457096272,0.0,0.0,2.172898442037868,0.0,0.0,27.65499585073121,-59885.381830534876
2026-08-18 02:00:00+00:00,1892.13,938196.7468475382,206.11186322060462,-197.42783457096272,0.0,0.0,2.163374303659699,0.0,0.0,-38.472352572243835,-59923.85418310712
2026-08-18 03:00:00+00:00,1893.68,938515.046594491,204.74819792875073,-197.42783457096272,0.0,0.0,2.1651465022774854,0.0,0.0,14.451749870124331,-59909.402433236995
2026-08-18 04:00:00+00:00,1895.77,938940.8118533569,202.87404852921625,-197.42783457096272,0.0,0.0,2.16753611202663,0.0,0.0,15.3086207246306,-59894.093812512365
2026-08-18 05:00:00+00:00,1894.57,938696.8294597361,203.89618406046432,-197.42783457096272,0.0,0.0,1.0314176508876225,0.0,0.0,-6.037574484718789,-59900.13138699708
2026-08-18 06:00:00+00:00,1902.02,940190.6387770965,197.2577807481728,-197.42783457096272,0.0,0.0,1.0354734849286518,0.0,0.0,24.007423291644955,-59876.12396370544
2026-08-18 07:00:00+00:00,1897.69,939328.4885093834,201.17117055248346,-197.42783457096272,0.0,0.0,1.0331162015195703,0.0,0.0,-6.254627819347661,-59882.378591524786
2026-08-18 08:00:00+00:00,1899.36,939662.9908251258,199.6393081475434,-197.42783457096272,0.0,0.0,1.0340253616334656,0.0,0.0,5.831857370583748,-59876.5467341542
2026-08-18 09:00:00+00:00,1895.83,938952.9842962687,202.87404852921625,-197.42783457096272,0.0,0.0,1.0321036040274476,0.0,0.0,-12.054169217633898,-59888.60090337184
2026-08-18 10:00:00+00:00,1897.09,939207.6926003178,201.68194455185943,-197.42783457096272,0.0,0.0,1.0327895571672727,0.0,0.0,6.982022046846396,-59881.61888132499
2026-08-18 11:00:00+00:00,1902.31,940247.7777131447,196.91769860832883,-197.42783457096272,0.0,0.0,1.0356313630322622,0.0,0.0,10.547447729499254,-59871.07143359549
2026-08-18 12:00:00+00:00,1898.47,939485.0388301389,200.4902577170341,-197.42783457096272,0.0,0.0,1.0335408391775573,0.0,0.0,-3.582457414137025,-59874.65389100963
2026-08-18 13:00:00+00:00,1897.05,939199.6253225358,201.68194455185943,-197.42783457096272,0.0,0.0,2.0800486176051867,0.0,0.0,-2.9859338947280776,-59877.639824904356
2026-08-18 14:00:00+00:00,1910.18,941769.8735564513,189.95350368406002,-197.42783457096272,0.0,0.0,2.0944452009051293,0.0,0.0,-19.88478880031471,-59897.52461370467
2026-08-18 15:00:00+00:00,1916.88,943022.3114014165,184.0197438151073,-184.0197438151073,0.0,0.0,2.1017915153079945,788.546231275588,0.0,1012.9005220269537,-58884.62409167772
2026-08-18 16:00:00+00:00,1917.65,943163.7030459184,183.34226075053058,-184.0197438151073,0.0,0.0,1.9598376330665512,0.0,0.0,1.6562793972698273,-58882.96781228045
2026-08-18 17:00:00+00:00,1910.37,941805.9388033985,189.78382354978783,-184.0197438151073,0.0,0.0,1.9523974755984392,0.0,0.0,-16.148110070244,-58899.11592235069
2026-08-18 18:00:00+00:00,1915.65,942795.3767483325,185.20566524944618,-184.0197438151073,0.0,0.0,1.957793633762125,0.0,0.0,19.77149122396804,-58879.34443112672
2026-08-18 19:00:00+00:00,1912.57,942221.2122909427,187.91790188194855,-184.0197438151073,0.0,0.0,1.9546458748333082,0.0,0.0,-5.429000564465241,-58884.77343169119
2026-08-18 20:00:00+00:00,1911.96,942106.496728678,188.426687841325,-184.0197438151073,0.0,0.0,1.9540224550454584,0.0,0.0,-0.5094960824208101,-58885.28292777361
2026-08-18 21:00:00+00:00,1911.21,941965.0076088485,189.10518784216404,-184.0197438151073,0.0,0.0,1.5804535582548151,0.0,0.0,-1.8938584099087166,-58887.17678618352
2026-08-18 22:00:00+00:00,1912.43,942194.9037846792,187.91790188194855,-184.0197438151073,0.0,0.0,1.5814624234978132,0.0,0.0,6.973550799797522,-58880.20323538372
2026-08-18 23:00:00+00:00,1917.1,943062.7643054542,183.85036034657918,-184.0197438151073,0.0,0.0,1.5853242273378152,0.0,0.0,10.07364138578123,-58870.12959399794
2026-08-19 00:00:00+00:00,1912.63,942232.4671464312,187.74832352013402,-184.0197438151073,0.0,0.0,1.5816278112425672,0.0,0.0,-6.147276358256931,-58876.276870356196
2026-08-19 01:00:00+00:00,1912.82,942268.1193224317,187.57875363660176,-184.0197438151073,0.0,0.0,1.5817849296000832,0.0,0.0,2.270209605281707,-58874.006660750914
2026-08-19 02:00:00+00:00,1906.83,941128.7211996359,193.0091972409458,-184.0197438151073,0.0,0.0,1.5768315666447061,0.0,0.0,-35.54302577672206,-58909.54968652764
2026-08-19 03:00:00+00:00,1911.21,941965.0076088485,189.10518784216404,-184.0197438151073,0.0,0.0,1.5804535582548151,0.0,0.0,31.860384860694467,-58877.68930166694
2026-08-19 04:00:00+00:00,1909.78,941693.8409917101,190.29288940441145,-184.0197438151073,0.0,0.0,1.1597428469326116,0.0,0.0,-6.8586406358808745,-58884.54794230282
2026-08-19 05:00:00+00:00,1909.19,941581.4341026163,190.80203162082242,-184.0197438151073,0.0,0.0,1.1593845604914035,0.0,0.0,-2.675855682413385,-58887.223797985236
2026-08-19 06:00:00+00:00,1916.87,943020.4712039784,184.0197438151073,-184.0197438151073,0.0,0.0,1.1640483568786535,0.0,0.0,26.92951721901045,-58860.294280766226
2026-08-19 07:00:00+00:00,1915.14,942700.8724511039,185.54457618595433,-184.0197438151073,0.0,0.0,1.1629977881612132,0.0,0.0,-0.08159828626958188,-58860.375879052495
2026-08-19 08:00:00+00:00,1920.75,943727.649065082,180.63368298425104,-184.0197438151073,0.0,0.0,1.1664045456784622,0.0,0.0,-4.407744278971222,-58864.78362333147
2026-08-19 09:00:00+00:00,1918.3,943282.6586081753,182.83423735989595,-184.0197438151073,0.0,0.0,1.164916746049717,0.0,0.0,7.022832186463347,-58857.760791145
2026-08-19 10:00:00+00:00,1919.27,943459.4747555126,181.98770102315967,-184.0197438151073,0.0,0.0,1.165505793249669,0.0,0.0,-0.5174983702090685,-58858.27828951521
2026-08-19 11:00:00+00:00,1922.34,944013.6171184268,179.28020641718336,-184.0197438151073,0.0,0.0,1.1673700972742602,0.0,0.0,-9.630880500815692,-58867.90917001603
2026-08-19 12:00:00+00:00,1936.33,946434.1297458772,166.95470913967486,-166.95470913967486,0.0,0.0,1.1758657367869723,805.068000572128,0.0,1656.4468707327542,-57211.462299283274
2026-08-19 13:00:00+00:00,1931.76,945662.2690078665,171.00196473874877,-166.95470913967486,0.0,0.0,4.031455361595729,0.0,0.0,-4.846261880818929,-57216.30856116409
2026-08-19 14:00:00+00:00,1969.89,951549.5787727173,138.09106155262327,-138.09106155262327,0.0,0.0,4.111030149839427,833.4971059447565,0.0,3869.3085341961705,-53347.00002696792
2026-08-19 15:00:00+00:00,2085.16,961988.5587471705,44.51811370880845,-44.51811370880844,0.0,0.0,3.599274473838349,931.0543899077609,0.0,22350.709016586454,-30996.29101038147
2026-08-19 16:00:00+00:00,2088.75,962142.8682445122,41.5959953306068,-41.5959953306068,0.0,0.0,1.1623401251159204,934.1061772889952,0.0,2707.9535044386794,-28288.33750594279
2026-08-19 17:00:00+00:00,2090.09,962197.9058102363,40.62254011958888,-41.5959953306068,0.0,0.0,1.0867421735068497,0.0,0.0,0.38567415459328913,-28287.951831788196
2026-08-19 18:00:00+00:00,2090.81,962226.9108253414,40.135922011366894,-41.5959953306068,0.0,0.0,1.087116537464825,0.0,0.0,0.14301500445071724,-28287.808816783745
2026-08-19 19:00:00+00:00,2100.97,962593.2709186282,32.19814956144649,-32.19814956144649,0.0,0.0,1.092399228871812,943.9784733018116,0.0,9396.158167171507,-18891.65064961224
2026-08-19 20:00:00+00:00,2218.06,963270.5812065457,0.0,0.0,0.0,0.0,0.8927178452032751,979.6871871099427,0.0,88165.33371310335,69273.68306349112
2026-08-19 21:00:00+00:00,2286.12,963270.5812065457,0.0,0.0,0.0,0.0,0.0,979.6871871099427,0.0,0.0,69273.68306349112
2026-08-19 22:00:00+00:00,2249.61,963270.5812065457,0.0,0.0,0.0,0.0,0.0,979.6871871099427,0.0,0.0,69273.68306349112
2026-08-19 23:00:00+00:00,2252.16,963270.5812065457,0.0,0.0,0.0,0.0,0.0,979.6871871099427,0.0,0.0,69273.68306349112
2026-08-20 00:00:00+00:00,2261.7,963270.5812065457,0.0,0.0,0.0,0.0,0.0,979.6871871099427,0.0,0.0,69273.68306349112
2026-08-20 01:00:00+00:00,2265.67,963270.5812065457,0.0,0.0,0.0,0.0,0.0,979.6871871099427,0.0,0.0,69273.68306349112
2026-08-20 02:00:00+00:00,2251.29,963270.5812065457,0.0,0.0,0.0,0.0,0.0,979.6871871099427,0.0,0.0,69273.68306349112
2026-08-20 03:00:00+00:00,2250.86,963270.5812065457,0.0,0.0,0.0,0.0,0.0,979.6871871099427,0.0,0.0,69273.68306349112
2026-08-20 04:00:00+00:00,2249.8,963270.5812065457,0.0,0.0,0.0,0.0,0.0,979.6871871099427,0.0,0.0,69273.68306349112
2026-08-20 05:00:00+00:00,2247.88,963270.5812065457,0.0,0.0,0.0,0.0,0.0,979.6871871099427,0.0,0.0,69273.68306349112
2026-08-20 06:00:00+00:00,2262.1,963270.5812065457,0.0,0.0,0.0,0.0,0.0,979.6871871099427,0.0,0.0,69273.68306349112
2026-08-20 07:00:00+00:00,2251.49,963270.5812065457,0.0,0.0,0.0,0.0,0.0,979.6871871099427,0.0,0.0,69273.68306349112
2026-08-20 08:00:00+00:00,2281.92,963270.5812065457,0.0,0.0,0.0,0.0,0.0,979.6871871099427,0.0,0.0,69273.68306349112
2026-08-20 09:00:00+00:00,2278.3,963270.5812065457,0.0,0.0,0.0,0.0,0.0,979.6871871099427,0.0,0.0,69273.68306349112
2026-08-20 10:00:00+00:00,2286.34,963270.5812065457,0.0,0.0,0.0,0.0,0.0,979.6871871099427,0.0,0.0,69273.68306349112
2026-08-20 11:00:00+00:00,2295.6,963270.5812065457,0.0,0.0,0.0,0.0,0.0,979.6871871099427,0.0,0.0,69273.68306349112
2026-08-20 12:00:00+00:00,2289.57,963270.5812065457,0.0,0.0,0.0,0.0,0.0,979.6871871099427,0.0,0.0,69273.68306349112
2026-08-20 13:00:00+00:00,2276.03,963270.5812065457,0.0,0.0,0.0,0.0,0.0,979.6871871099427,0.0,0.0,69273.68306349112
2026-08-20 14:00:00+00:00,2280.12,963270.5812065457,0.0,0.0,0.0,0.0,0.0,979.6871871099427,0.0,0.0,69273.68306349112
2026-08-20 15:00:00+00:00,2325.12,963270.5812065457,0.0,0.0,0.0,0.0,0.0,979.6871871099427,0.0,0.0,69273.68306349112
2026-08-20 16:00:00+00:00,2343.94,963270.5812065457,0.0,0.0,0.0,0.0,0.0,979.6871871099427,0.0,0.0,69273.68306349112
2026-08-20 17:00:00+00:00,2343.1,963270.5812065457,0.0,0.0,0.0,0.0,0.0,979.6871871099427,0.0,0.0,69273.68306349112
2026-08-20 18:00:00+00:00,2315.21,963270.5812065457,0.0,0.0,0.0,0.0,0.0,979.6871871099427,0.0,0.0,69273.68306349112
2026-08-20 19:00:00+00:00,2322.72,963270.5812065457,0.0,0.0,0.0,0.0,0.0,979.6871871099427,0.0,0.0,69273.68306349112
2026-08-20 20:00:00+00:00,2317.55,963270.5812065457,0.0,0.0,0.0,0.0,0.0,979.6871871099427,0.0,0.0,69273.68306349112
2026-08-20 21:00:00+00:00,2317.62,963270.5812065457,0.0,0.0,0.0,0.0,0.0,979.6871871099427,0.0,0.0,69273.68306349112
2026-08-20 22:00:00+00:00,2313.33,963270.5812065457,0.0,0.0,0.0,0.0,0.0,979.6871871099427,0.0,0.0,69273.68306349112
2026-08-20 23:00:00+00:00,2326.18,963270.5812065457,0.0,0.0,0.0,0.0,0.0,979.6871871099427,0.0,0.0,69273.68306349112
2026-08-21 00:00:00+00:00,2339.95,963270.5812065457,0.0,0.0,0.0,0.0,0.0,979.6871871099427,0.0,0.0,69273.68306349112
2026-08-21 01:00:00+00:00,2358.71,963270.5812065457,0.0,0.0,0.0,0.0,0.0,979.6871871099427,0.0,0.0,69273.68306349112
2026-08-21 02:00:00+00:00,2344.73,963270.5812065457,0.0,0.0,0.0,0.0,0.0,979.6871871099427,0.0,0.0,69273.68306349112
2026-08-21 03:00:00+00:00,2339.9,963270.5812065457,0.0,0.0,0.0,0.0,0.0,979.6871871099427,0.0,0.0,69273.68306349112
2026-08-21 04:00:00+00:00,2353.12,963270.5812065457,0.0,0.0,0.0,0.0,0.0,979.6871871099427,0.0,0.0,69273.68306349112
2026-08-21 05:00:00+00:00,2367.36,963270.5812065457,0.0,0.0,0.0,0.0,0.0,979.6871871099427,0.0,0.0,69273.68306349112
2026-08-21 06:00:00+00:00,2371.51,963270.5812065457,0.0,0.0,0.0,0.0,0.0,979.6871871099427,0.0,0.0,69273.68306349112
2026-08-21 07:00:00+00:00,2371.51,963270.5812065457,0.0,0.0,0.0,0.0,0.0,979.6871871099427,0.0,0.0,69273.68306349112
2026-08-21 08:00:00+00:00,2444.89,963270.5812065457,0.0,0.0,0.0,0.0,0.0,979.6871871099427,0.0,0.0,69273.68306349112
2026-08-21 09:00:00+00:00,2403.77,963270.5812065457,0.0,0.0,0.0,0.0,0.0,979.6871871099427,0.0,0.0,69273.68306349112
2026-08-21 10:00:00+00:00,2394.73,963270.5812065457,0.0,0.0,0.0,0.0,0.0,979.6871871099427,0.0,0.0,69273.68306349112
2026-08-21 11:00:00+00:00,2370.42,963270.5812065457,0.0,0.0,0.0,0.0,0.0,979.6871871099427,0.0,0.0,69273.68306349112
2026-08-21 12:00:00+00:00,2387.75,963270.5812065457,0.0,0.0,0.0,0.0,0.0,979.6871871099427,0.0,0.0,69273.68306349112
2026-08-21 13:00:00+00:00,2386.98,963270.5812065457,0.0,0.0,0.0,0.0,0.0,979.6871871099427,0.0,0.0,69273.68306349112
2026-08-21 14:00:00+00:00,2393.14,963270.5812065457,0.0,0.0,0.0,0.0,0.0,979.6871871099427,0.0,0.0,69273.68306349112
2026-08-21 15:00:00+00:00,2393.03,963270.5812065457,0.0,0.0,0.0,0.0,0.0,979.6871871099427,0.0,0.0,69273.68306349112
2026-08-21 16:00:00+00:00,2405.13,963270.5812065457,0.0,0.0,0.0,0.0,0.0,979.6871871099427,0.0,0.0,69273.68306349112
2026-08-21 17:00:00+00:00,2422.98,963270.5812065457,0.0,0.0,0.0,0.0,0.0,979.6871871099427,0.0,0.0,69273.68306349112
2026-08-21 18:00:00+00:00,2419.8,963270.5812065457,0.0,0.0,0.0,0.0,0.0,979.6871871099427,0.0,0.0,69273.68306349112
2026-08-21 19:00:00+00:00,2412.41,963270.5812065457,0.0,0.0,0.0,0.0,0.0,979.6871871099427,0.0,0.0,69273.68306349112
2026-08-21 20:00:00+00:00,2440.07,963270.5812065457,0.0,0.0,0.0,0.0,0.0,979.6871871099427,0.0,0.0,69273.68306349112
2026-08-21 21:00:00+00:00,2513.52,963270.5812065457,0.0,0.0,0.0,0.0,0.0,979.6871871099427,0.0,0.0,69273.68306349112
2026-08-21 22:00:00+00:00,2522.0,963270.5812065457,0.0,0.0,0.0,0.0,0.0,979.6871871099427,0.0,0.0,69273.68306349112
2026-08-21 23:00:00+00:00,2515.97,963270.5812065457,0.0,0.0,0.0,0.0,0.0,979.6871871099427,0.0,0.0,69273.68306349112
2026-08-22 00:00:00+00:00,2521.69,963270.5812065457,0.0,0.0,0.0,0.0,0.0,979.6871871099427,0.0,0.0,69273.68306349112
2026-08-22 01:00:00+00:00,2506.28,963270.5812065457,0.0,0.0,0.0,0.0,0.0,979.6871871099427,0.0,0.0,69273.68306349112
2026-08-22 02:00:00+00:00,2515.33,963270.5812065457,0.0,0.0,0.0,0.0,0.0,979.6871871099427,0.0,0.0,69273.68306349112
2026-08-22 03:00:00+00:00,2514.35,963270.5812065457,0.0,0.0,0.0,0.0,0.0,979.6871871099427,0.0,0.0,69273.68306349112
2026-08-22 04:00:00+00:00,2513.88,963270.5812065457,0.0,0.0,0.0,0.0,0.0,979.6871871099427,0.0,0.0,69273.68306349112
2026-08-22 05:00:00+00:00,2439.44,963270.5812065457,0.0,0.0,0.0,0.0,0.0,979.6871871099427,0.0,0.0,69273.68306349112
2026-08-22 06:00:00+00:00,2436.94,963270.5812065457,0.0,0.0,0.0,0.0,0.0,979.6871871099427,0.0,0.0,69273.68306349112
2026-08-22 07:00:00+00:00,2432.54,963270.5812065457,0.0,0.0,0.0,0.0,0.0,979.6871871099427,0.0,0.0,69273.68306349112
2026-08-22 08:00:00+00:00,2425.34,963270.5812065457,0.0,0.0,0.0,0.0,0.0,979.6871871099427,0.0,0.0,69273.68306349112
2026-08-22 09:00:00+00:00,2421.49,963270.5812065457,0.0,0.0,0.0,0.0,0.0,979.6871871099427,0.0,0.0,69273.68306349112
2026-08-22 10:00:00+00:00,2412.14,963270.5812065457,0.0,0.0,0.0,0.0,0.0,979.6871871099427,0.0,0.0,69273.68306349112
2026-08-22 11:00:00+00:00,2423.41,963270.5812065457,0.0,0.0,0.0,0.0,0.0,979.6871871099427,0.0,0.0,69273.68306349112
2026-08-22 12:00:00+00:00,2427.31,963270.5812065457,0.0,0.0,0.0,0.0,0.0,979.6871871099427,0.0,0.0,69273.68306349112
2026-08-22 13:00:00+00:00,2429.35,963270.5812065457,0.0,0.0,0.0,0.0,0.0,979.6871871099427,0.0,0.0,69273.68306349112
2026-08-22 14:00:00+00:00,2413.02,963270.5812065457,0.0,0.0,0.0,0.0,0.0,979.6871871099427,0.0,0.0,69273.68306349112
2026-08-22 15:00:00+00:00,2410.37,963270.5812065457,0.0,0.0,0.0,0.0,0.0,979.6871871099427,0.0,0.0,69273.68306349112
2026-08-22 16:00:00+00:00,2421.89,963270.5812065457,0.0,0.0,0.0,0.0,0.0,979.6871871099427,0.0,0.0,69273.68306349112
2026-08-22 17:00:00+00:00,2425.9,963270.5812065457,0.0,0.0,0.0,0.0,0.0,979.6871871099427,0.0,0.0,69273.68306349112
2026-08-22 18:00:00+00:00,2426.54,963270.5812065457,0.0,0.0,0.0,0.0,0.0,979.6871871099427,0.0,0.0,69273.68306349112
2026-08-22 19:00:00+00:00,2438.18,963270.5812065457,0.0,0.0,0.0,0.0,0.0,979.6871871099427,0.0,0.0,69273.68306349112
2026-08-22 20:00:00+00:00,2431.02,963270.5812065457,0.0,0.0,0.0,0.0,0.0,979.6871871099427,0.0,0.0,69273.68306349112
2026-08-22 21:00:00+00:00,2406.39,963270.5812065457,0.0,0.0,0.0,0.0,0.0,979.6871871099427,0.0,0.0,69273.68306349112
2026-08-22 22:00:00+00:00,2413.17,963270.5812065457,0.0,0.0,0.0,0.0,0.0,979.6871871099427,0.0,0.0,69273.68306349112
2026-08-22 23:00:00+00:00,2421.4,963270.5812065457,0.0,0.0,0.0,0.0,0.0,979.6871871099427,0.0,0.0,69273.68306349112
2026-08-23 00:00:00+00:00,2429.95,963270.5812065457,0.0,0.0,0.0,0.0,0.0,979.6871871099427,0.0,0.0,69273.68306349112
2026-08-23 01:00:00+00:00,2422.33,963270.5812065457,0.0,0.0,0.0,0.0,0.0,979.6871871099427,0.0,0.0,69273.68306349112
2026-08-23 02:00:00+00:00,2415.98,963270.5812065457,0.0,0.0,0.0,0.0,0.0,979.6871871099427,0.0,0.0,69273.68306349112
2026-08-23 03:00:00+00:00,2413.19,963270.5812065457,0.0,0.0,0.0,0.0,0.0,979.6871871099427,0.0,0.0,69273.68306349112
2026-08-23 04:00:00+00:00,2378.24,963270.5812065457,0.0,0.0,0.0,0.0,0.0,979.6871871099427,0.0,0.0,69273.68306349112
2026-08-23 05:00:00+00:00,2372.6,963270.5812065457,0.0,0.0,0.0,0.0,0.0,979.6871871099427,0.0,0.0,69273.68306349112
2026-08-23 06:00:00+00:00,2389.35,963270.5812065457,0.0,0.0,0.0,0.0,0.0,979.6871871099427,0.0,0.0,69273.68306349112
2026-08-23 07:00:00+00:00,2388.29,963270.5812065457,0.0,0.0,0.0,0.0,0.0,979.6871871099427,0.0,0.0,69273.68306349112
2026-08-23 08:00:00+00:00,2412.25,963270.5812065457,0.0,0.0,0.0,0.0,0.0,979.6871871099427,0.0,0.0,69273.68306349112
2026-08-23 09:00:00+00:00,2410.91,963270.5812065457,0.0,0.0,0.0,0.0,0.0,979.6871871099427,0.0,0.0,69273.68306349112
2026-08-23 10:00:00+00:00,2414.8,963270.5812065457,0.0,0.0,0.0,0.0,0.0,979.6871871099427,0.0,0.0,69273.68306349112
2026-08-23 11:00:00+00:00,2433.29,963270.5812065457,0.0,0.0,0.0,0.0,0.0,979.6871871099427,0.0,0.0,69273.68306349112
2026-08-23 12:00:00+00:00,2426.61,963270.5812065457,0.0,0.0,0.0,0.0,0.0,979.6871871099427,0.0,0.0,69273.68306349112
2026-08-23 13:00:00+00:00,2458.64,963270.5812065457,0.0,0.0,0.0,0.0,0.0,979.6871871099427,0.0,0.0,69273.68306349112
2026-08-23 14:00:00+00:00,2437.94,963270.5812065457,0.0,0.0,0.0,0.0,0.0,979.6871871099427,0.0,0.0,69273.68306349112
2026-08-23 15:00:00+00:00,2437.69,963270.5812065457,0.0,0.0,0.0,0.0,0.0,979.6871871099427,0.0,0.0,69273.68306349112
2026-08-23 16:00:00+00:00,2449.7,963270.5812065457,0.0,0.0,0.0,0.0,0.0,979.6871871099427,0.0,0.0,69273.68306349112
2026-08-23 17:00:00+00:00,2439.24,963270.5812065457,0.0,0.0,0.0,0.0,0.0,979.6871871099427,0.0,0.0,69273.68306349112
2026-08-23 18:00:00+00:00,2447.59,963270.5812065457,0.0,0.0,0.0,0.0,0.0,979.6871871099427,0.0,0.0,69273.68306349112
2026-08-23 19:00:00+00:00,2443.58,963270.5812065457,0.0,0.0,0.0,0.0,0.0,979.6871871099427,0.0,0.0,69273.68306349112
2026-08-23 20:00:00+00:00,2449.22,963270.5812065457,0.0,0.0,0.0,0.0,0.0,979.6871871099427,0.0,0.0,69273.68306349112
2026-08-23 21:00:00+00:00,2469.14,963270.5812065457,0.0,0.0,0.0,0.0,0.0,979.6871871099427,0.0,0.0,69273.68306349112
2026-08-23 22:00:00+00:00,2454.13,963270.5812065457,0.0,0.0,0.0,0.0,0.0,979.6871871099427,0.0,0.0,69273.68306349112
2026-08-23 23:00:00+00:00,2462.58,963270.5812065457,0.0,0.0,0.0,0.0,0.0,979.6871871099427,0.0,0.0,69273.68306349112
2026-08-24 00:00:00+00:00,2464.6,963270.5812065457,0.0,0.0,0.0,0.0,0.0,979.6871871099427,0.0,0.0,69273.68306349112
2026-08-24 01:00:00+00:00,2428.27,963270.5812065457,0.0,0.0,0.0,0.0,0.0,979.6871871099427,0.0,0.0,69273.68306349112
2026-08-24 02:00:00+00:00,2442.54,963270.5812065457,0.0,0.0,0.0,0.0,0.0,979.6871871099427,0.0,0.0,69273.68306349112
2026-08-24 03:00:00+00:00,2429.78,963270.5812065457,0.0,0.0,0.0,0.0,0.0,979.6871871099427,0.0,0.0,69273.68306349112
2026-08-24 04:00:00+00:00,2436.72,963270.5812065457,0.0,0.0,0.0,0.0,0.0,979.6871871099427,0.0,0.0,69273.68306349112
2026-08-24 05:00:00+00:00,2448.07,963270.5812065457,0.0,0.0,0.0,0.0,0.0,979.6871871099427,0.0,0.0,69273.68306349112
2026-08-24 06:00:00+00:00,2455.58,963270.5812065457,0.0,0.0,0.0,0.0,0.0,979.6871871099427,0.0,0.0,69273.68306349112
2026-08-24 07:00:00+00:00,2453.97,963270.5812065457,0.0,0.0,0.0,0.0,0.0,979.6871871099427,0.0,0.0,69273.68306349112
2026-08-24 08:00:00+00:00,2453.62,963270.5812065457,0.0,0.0,0.0,0.0,0.0,979.6871871099427,0.0,0.0,69273.68306349112
2026-08-24 09:00:00+00:00,2462.2,963270.5812065457,0.0,0.0,0.0,0.0,0.0,979.6871871099427,0.0,0.0,69273.68306349112
2026-08-24 10:00:00+00:00,2464.24,963270.5812065457,0.0,0.0,0.0,0.0,0.0,979.6871871099427,0.0,0.0,69273.68306349112
2026-08-24 11:00:00+00:00,2493.52,963270.5812065457,0.0,0.0,0.0,0.0,0.0,979.6871871099427,0.0,0.0,69273.68306349112
2026-08-24 12:00:00+00:00,2511.99,963270.5812065457,0.0,0.0,0.0,0.0,0.0,979.6871871099427,0.0,0.0,69273.68306349112
2026-08-24 13:00:00+00:00,2492.76,963270.5812065457,0.0,0.0,0.0,0.0,0.0,979.6871871099427,0.0,0.0,69273.68306349112
2026-08-24 14:00:00+00:00,2515.0,963270.5812065457,0.0,0.0,0.0,0.0,0.0,979.6871871099427,0.0,0.0,69273.68306349112
2026-08-24 15:00:00+00:00,2486.64,963270.5812065457,0.0,0.0,0.0,0.0,0.0,979.6871871099427,0.0,0.0,69273.68306349112
2026-08-24 16:00:00+00:00,2477.03,963270.5812065457,0.0,0.0,0.0,0.0,0.0,979.6871871099427,0.0,0.0,69273.68306349112
2026-08-24 17:00:00+00:00,2467.92,963270.5812065457,0.0,0.0,0.0,0.0,0.0,979.6871871099427,0.0,0.0,69273.68306349112
2026-08-24 18:00:00+00:00,2473.21,963270.5812065457,0.0,0.0,0.0,0.0,0.0,979.6871871099427,0.0,0.0,69273.68306349112
2026-08-24 19:00:00+00:00,2470.54,963270.5812065457,0.0,0.0,0.0,0.0,0.0,979.6871871099427,0.0,0.0,69273.68306349112
2026-08-24 20:00:00+00:00,2474.44,963270.5812065457,0.0,0.0,0.0,0.0,0.0,979.6871871099427,0.0,0.0,69273.68306349112
2026-08-24 21:00:00+00:00,2482.78,963270.5812065457,0.0,0.0,0.0,0.0,0.0,979.6871871099427,0.0,0.0,69273.68306349112
2026-08-24 22:00:00+00:00,2473.38,963270.5812065457,0.0,0.0,0.0,0.0,0.0,979.6871871099427,0.0,0.0,69273.68306349112
2026-08-24 23:00:00+00:00,2481.03,963270.5812065457,0.0,0.0,0.0,0.0,0.0,979.6871871099427,0.0,0.0,69273.68306349112
2026-08-25 00:00:00+00:00,2489.233095238095,963270.5812065457,0.0,0.0,0.0,0.0,0.0,979.6871871099427,0.0,0.0,69273.68306349112
2026-08-25 01:00:00+00:00,2488.929833333333,963270.5812065457,0.0,0.0,0.0,0.0,0.0,979.6871871099427,0.0,0.0,69273.68306349112
2026-08-25 02:00:00+00:00,2497.986642857143,963270.5812065457,0.0,0.0,0.0,0.0,0.0,979.6871871099427,0.0,0.0,69273.68306349112
2026-08-25 03:00:00+00:00,2486.0649523809525,963270.5812065457,0.0,0.0,0.0,0.0,0.0,979.6871871099427,0.0,0.0,69273.68306349112
2026-08-25 04:00:00+00:00,2478.8764285714283,963270.5812065457,0.0,0.0,0.0,0.0,0.0,979.6871871099427,0.0,0.0,69273.68306349112
2026-08-25 05:00:00+00:00,2489.6985,963270.5812065457,0.0,0.0,0.0,0.0,0.0,979.6871871099427,0.0,0.0,69273.68306349112
2026-08-25 06:00:00+00:00,2479.0675,963270.5812065457,0.0,0.0,0.0,0.0,0.0,979.6871871099427,0.0,0.0,69273.68306349112
2026-08-25 07:00:00+00:00,2454.063238095238,963270.5812065457,0.0,0.0,0.0,0.0,0.0,979.6871871099427,0.0,0.0,69273.68306349112
2026-08-25 08:00:00+00:00,2457.3857142857146,963270.5812065457,0.0,0.0,0.0,0.0,0.0,979.6871871099427,0.0,0.0,69273.68306349112
2026-08-25 09:00:00+00:00,2444.1721428571427,963270.5812065457,0.0,0.0,0.0,0.0,0.0,979.6871871099427,0.0,0.0,69273.68306349112
2026-08-25 10:00:00+00:00,2448.4515,963270.5812065457,0.0,0.0,0.0,0.0,0.0,979.6871871099427,0.0,0.0,69273.68306349112
2026-08-25 11:00:00+00:00,2441.712857142857,963270.5812065457,0.0,0.0,0.0,0.0,0.0,979.6871871099427,0.0,0.0,69273.68306349112
2026-08-25 12:00:00+00:00,2434.422178571429,963270.5812065457,0.0,0.0,0.0,0.0,0.0,979.6871871099427,0.0,0.0,69273.68306349112
2026-08-25 13:00:00+00:00,2418.9901666666665,963270.5812065457,0.0,0.0,0.0,0.0,0.0,979.6871871099427,0.0,0.0,69273.68306349112
2026-08-25 14:00:00+00:00,2431.7464285714286,963270.5812065457,0.0,0.0,0.0,0.0,0.0,979.6871871099427,0.0,0.0,69273.68306349112
2026-08-25 15:00:00+00:00,2434.29219047619,963270.5812065457,0.0,0.0,0.0,0.0,0.0,979.6871871099427,0.0,0.0,69273.68306349112
2026-08-25 16:00:00+00:00,2419.6102023809526,963270.5812065457,0.0,0.0,0.0,0.0,0.0,979.6871871099427,0.0,0.0,69273.68306349112
2026-08-25 17:00:00+00:00,2417.002928571428,963270.5812065457,0.0,0.0,0.0,0.0,0.0,979.6871871099427,0.0,0.0,69273.68306349112
2026-08-25 18:00:00+00:00,2410.260523809524,963270.5812065457,0.0,0.0,0.0,0.0,0.0,979.6871871099427,0.0,0.0,69273.68306349112
2026-08-25 19:00:00+00:00,2403.410238095238,963270.5812065457,0.0,0.0,0.0,0.0,0.0,979.6871871099427,0.0,0.0,69273.68306349112
2026-08-25 20:00:00+00:00,2374.36875,963270.5812065457,0.0,0.0,0.0,0.0,0.0,979.6871871099427,0.0,0.0,69273.68306349112
2026-08-25 21:00:00+00:00,2376.8742857142856,963270.5812065457,0.0,0.0,0.0,0.0,0.0,979.6871871099427,0.0,0.0,69273.68306349112
2026-08-25 22:00:00+00:00,2385.542738095238,963270.5812065457,0.0,0.0,0.0,0.0,0.0,979.6871871099427,0.0,0.0,69273.68306349112
2026-08-25 23:00:00+00:00,2371.9565714285714,963270.5812065457,0.0,0.0,0.0,0.0,0.0,979.6871871099427,0.0,0.0,69273.68306349112
2026-08-26 00:00:00+00:00,2372.3000595238095,963270.5812065457,0.0,0.0,0.0,0.0,0.0,979.6871871099427,0.0,0.0,69273.68306349112
2026-08-26 01:00:00+00:00,2379.002214285714,963270.5812065457,0.0,0.0,0.0,0.0,0.0,979.6871871099427,0.0,0.0,69273.68306349112
2026-08-26 02:00:00+00:00,2384.974214285714,963270.5812065457,0.0,0.0,0.0,0.0,0.0,979.6871871099427,0.0,0.0,69273.68306349112
2026-08-26 03:00:00+00:00,2382.427333333333,963270.5812065457,0.0,0.0,0.0,0.0,0.0,979.6871871099427,0.0,0.0,69273.68306349112
2026-08-26 04:00:00+00:00,2370.9874642857144,963270.5812065457,0.0,0.0,0.0,0.0,0.0,979.6871871099427,0.0,0.0,69273.68306349112
2026-08-26 05:00:00+00:00,2375.855357142857,963270.5812065457,0.0,0.0,0.0,0.0,0.0,979.6871871099427,0.0,0.0,69273.68306349112
2026-08-26 06:00:00+00:00,2368.2800833333336,963270.5812065457,0.0,0.0,0.0,0.0,0.0,979.6871871099427,0.0,0.0,69273.68306349112
2026-08-26 07:00:00+00:00,2366.776285714286,963270.5812065457,0.0,0.0,0.0,0.0,0.0,979.6871871099427,0.0,0.0,69273.68306349112
2026-08-26 08:00:00+00:00,2358.851392857143,963270.5812065457,0.0,0.0,0.0,0.0,0.0,979.6871871099427,0.0,0.0,69273.68306349112
2026-08-26 09:00:00+00:00,2347.7628571428572,963270.5812065457,0.0,0.0,0.0,0.0,0.0,979.6871871099427,0.0,0.0,69273.68306349112
2026-08-26 10:00:00+00:00,2364.8504166666667,963270.5812065457,0.0,0.0,0.0,0.0,0.0,979.6871871099427,0.0,0.0,69273.68306349112
2026-08-26 11:00:00+00:00,2356.5144285714287,963270.5812065457,0.0,0.0,0.0,0.0,0.0,979.6871871099427,0.0,0.0,69273.68306349112
2026-08-26 12:00:00+00:00,2345.907142857143,963270.5812065457,0.0,0.0,0.0,0.0,0.0,979.6871871099427,0.0,0.0,69273.68306349112
2026-08-26 13:00:00+00:00,2345.048,963270.5812065457,0.0,0.0,0.0,0.0,0.0,979.6871871099427,0.0,0.0,69273.68306349112
2026-08-26 14:00:00+00:00,2324.9024999999997,963270.5812065457,0.0,0.0,0.0,0.0,0.0,979.6871871099427,0.0,0.0,69273.68306349112
2026-08-26 15:00:00+00:00,2332.352380952381,963270.5812065457,0.0,0.0,0.0,0.0,0.0,979.6871871099427,0.0,0.0,69273.68306349112
2026-08-26 16:00:00+00:00,2324.3861190476186,963270.5812065457,0.0,0.0,0.0,0.0,0.0,979.6871871099427,0.0,0.0,69273.68306349112
2026-08-26 17:00:00+00:00,2336.9429999999998,963270.5812065457,0.0,0.0,0.0,0.0,0.0,979.6871871099427,0.0,0.0,69273.68306349112
2026-08-26 18:00:00+00:00,2345.191476190476,963270.5812065457,0.0,0.0,0.0,0.0,0.0,979.6871871099427,0.0,0.0,69273.68306349112
2026-08-26 19:00:00+00:00,2340.1547142857144,963270.5812065457,0.0,0.0,0.0,0.0,0.0,979.6871871099427,0.0,0.0,69273.68306349112
2026-08-26 20:00:00+00:00,2338.8900000000003,963270.5812065457,0.0,0.0,0.0,0.0,0.0,979.6871871099427,0.0,0.0,69273.68306349112
2026-08-26 21:00:00+00:00,2359.2103095238094,963270.5812065457,0.0,0.0,0.0,0.0,0.0,979.6871871099427,0.0,0.0,69273.68306349112
2026-08-26 22:00:00+00:00,2353.1425357142857,963270.5812065457,0.0,0.0,0.0,0.0,0.0,979.6871871099427,0.0,0.0,69273.68306349112
2026-08-26 23:00:00+00:00,2362.4794285714283,963270.5812065457,0.0,0.0,0.0,0.0,0.0,979.6871871099427,0.0,0.0,69273.68306349112
2026-08-27 00:00:00+00:00,2345.418583333333,963270.5812065457,0.0,0.0,0.0,0.0,0.0,979.6871871099427,0.0,0.0,69273.68306349112
2026-08-27 01:00:00+00:00,2348.190357142857,963270.5812065457,0.0,0.0,0.0,0.0,0.0,979.6871871099427,0.0,0.0,69273.68306349112
2026-08-27 02:00:00+00:00,2342.418892857143,963270.5812065457,0.0,0.0,0.0,0.0,0.0,979.6871871099427,0.0,0.0,69273.68306349112
2026-08-27 03:00:00+00:00,2337.686428571428,963270.5812065457,0.0,0.0,0.0,0.0,0.0,979.6871871099427,0.0,0.0,69273.68306349112
2026-08-27 04:00:00+00:00,2329.566845238095,963270.5812065457,0.0,0.0,0.0,0.0,0.0,979.6871871099427,0.0,0.0,69273.68306349112
2026-08-27 05:00:00+00:00,2335.093714285714,963270.5812065457,0.0,0.0,0.0,0.0,0.0,979.6871871099427,0.0,0.0,69273.68306349112
2026-08-27 06:00:00+00:00,2328.8894047619046,963270.5812065457,0.0,0.0,0.0,0.0,0.0,979.6871871099427,0.0,0.0,69273.68306349112
2026-08-27 07:00:00+00:00,2329.7773333333334,963270.5812065457,0.0,0.0,0.0,0.0,0.0,979.6871871099427,0.0,0.0,69273.68306349112
2026-08-27 08:00:00+00:00,2358.2282142857143,963270.5812065457,0.0,0.0,0.0,0.0,0.0,979.6871871099427,0.0,0.0,69273.68306349112
2026-08-27 09:00:00+00:00,2358.633023809524,963270.5812065457,0.0,0.0,0.0,0.0,0.0,979.6871871099427,0.0,0.0,69273.68306349112
2026-08-27 10:00:00+00:00,2326.9616071428572,963270.5812065457,0.0,0.0,0.0,0.0,0.0,979.6871871099427,0.0,0.0,69273.68306349112
2026-08-27 11:00:00+00:00,2321.8092857142856,963270.5812065457,0.0,0.0,0.0,0.0,0.0,979.6871871099427,0.0,0.0,69273.68306349112
2026-08-27 12:00:00+00:00,2312.8139047619047,963270.5812065457,0.0,0.0,0.0,0.0,0.0,979.6871871099427,0.0,0.0,69273.68306349112
2026-08-27 13:00:00+00:00,2311.0675238095237,963270.5812065457,0.0,0.0,0.0,0.0,0.0,979.6871871099427,0.0,0.0,69273.68306349112
2026-08-27 14:00:00+00:00,2327.5127500000003,963270.5812065457,0.0,0.0,0.0,0.0,0.0,979.6871871099427,0.0,0.0,69273.68306349112
2026-08-27 15:00:00+00:00,2328.53580952381,963270.5812065457,0.0,0.0,0.0,0.0,0.0,979.6871871099427,0.0,0.0,69273.68306349112
2026-08-27 16:00:00+00:00,2326.097916666667,963270.5812065457,0.0,0.0,0.0,0.0,0.0,979.6871871099427,0.0,0.0,69273.68306349112
2026-08-27 17:00:00+00:00,2319.2633571428573,963270.5812065457,0.0,0.0,0.0,0.0,0.0,979.6871871099427,0.0,0.0,69273.68306349112
2026-08-27 18:00:00+00:00,2305.785380952381,963270.5812065457,0.0,0.0,0.0,0.0,0.0,979.6871871099427,0.0,0.0,69273.68306349112
2026-08-27 19:00:00+00:00,2294.6689047619047,963270.5812065457,0.0,0.0,0.0,0.0,0.0,979.6871871099427,0.0,0.0,69273.68306349112
2026-08-27 20:00:00+00:00,2301.0311428571426,963270.5812065457,0.0,0.0,0.0,0.0,0.0,979.6871871099427,0.0,0.0,69273.68306349112
2026-08-27 21:00:00+00:00,2294.508333333333,963270.5812065457,0.0,0.0,0.0,0.0,0.0,979.6871871099427,0.0,0.0,69273.68306349112
2026-08-27 22:00:00+00:00,2301.3240476190476,963270.5812065457,0.0,0.0,0.0,0.0,0.0,979.6871871099427,0.0,0.0,69273.68306349112
2026-08-27 23:00:00+00:00,2294.619428571428,963270.5812065457,0.0,0.0,0.0,0.0,0.0,979.6871871099427,0.0,0.0,69273.68306349112
2026-08-28 00:00:00+00:00,2296.0053690476193,963270.5812065457,0.0,0.0,0.0,0.0,0.0,979.6871871099427,0.0,0.0,69273.68306349112
2026-08-28 01:00:00+00:00,2289.801976190476,963270.5812065457,0.0,0.0,0.0,0.0,0.0,979.6871871099427,0.0,0.0,69273.68306349112
2026-08-28 02:00:00+00:00,2268.379821428571,963270.5812065457,0.0,0.0,0.0,0.0,0.0,979.6871871099427,0.0,0.0,69273.68306349112
2026-08-28 03:00:00+00:00,2263.450047619048,963270.5812065457,0.0,0.0,0.0,0.0,0.0,979.6871871099427,0.0,0.0,69273.68306349112
2026-08-28 04:00:00+00:00,2256.9721666666665,963270.5812065457,0.0,0.0,0.0,0.0,0.0,979.6871871099427,0.0,0.0,69273.68306349112
2026-08-28 05:00:00+00:00,2260.636285714286,963270.5812065457,0.0,0.0,0.0,0.0,0.0,979.6871871099427,0.0,0.0,69273.68306349112
2026-08-28 06:00:00+00:00,2266.4210714285714,963270.5812065457,0.0,0.0,0.0,0.0,0.0,979.6871871099427,0.0,0.0,69273.68306349112
2026-08-28 07:00:00+00:00,2257.688571428572,963270.5812065457,0.0,0.0,0.0,0.0,0.0,979.6871871099427,0.0,0.0,69273.68306349112
2026-08-28 08:00:00+00:00,2247.3538214285713,963270.5812065457,0.0,0.0,0.0,0.0,0.0,979.6871871099427,0.0,0.0,69273.68306349112
2026-08-28 09:00:00+00:00,2245.683285714286,963270.5812065457,0.0,0.0,0.0,0.0,0.0,979.6871871099427,0.0,0.0,69273.68306349112
2026-08-28 10:00:00+00:00,2257.9507619047617,963270.5812065457,0.0,0.0,0.0,0.0,0.0,979.6871871099427,0.0,0.0,69273.68306349112
2026-08-28 11:00:00+00:00,2253.699,963270.5812065457,0.0,0.0,0.0,0.0,0.0,979.6871871099427,0.0,0.0,69273.68306349112
2026-08-28 12:00:00+00:00,2245.217202380952,963270.5812065457,0.0,0.0,0.0,0.0,0.0,979.6871871099427,0.0,0.0,69273.68306349112
2026-08-28 13:00:00+00:00,2251.6863571428576,963270.5812065457,0.0,0.0,0.0,0.0,0.0,979.6871871099427,0.0,0.0,69273.68306349112
2026-08-28 14:00:00+00:00,2251.8644285714286,963270.5812065457,0.0,0.0,0.0,0.0,0.0,979.6871871099427,0.0,0.0,69273.68306349112
2026-08-28 15:00:00+00:00,2211.5514285714285,963270.5812065457,0.0,0.0,0.0,0.0,0.0,979.6871871099427,0.0,0.0,69273.68306349112
2026-08-28 16:00:00+00:00,2182.21825,963270.5812065457,0.0,0.0,0.0,0.0,0.0,979.6871871099427,0.0,0.0,69273.68306349112
2026-08-28 17:00:00+00:00,2180.7589285714284,963270.5812065457,0.0,0.0,0.0,0.0,0.0,979.6871871099427,0.0,0.0,69273.68306349112
2026-08-28 18:00:00+00:00,2164.494083333333,963270.5812065457,0.0,0.0,0.0,0.0,0.0,979.6871871099427,0.0,0.0,69273.68306349112
2026-08-28 19:00:00+00:00,2167.7930476190477,963270.5812065457,0.0,0.0,0.0,0.0,0.0,979.6871871099427,0.0,0.0,69273.68306349112
2026-08-28 20:00:00+00:00,2157.967392857143,963270.5812065457,0.0,0.0,0.0,0.0,0.0,979.6871871099427,0.0,0.0,69273.68306349112
2026-08-28 21:00:00+00:00,2152.733976190476,963270.5812065457,0.0,0.0,0.0,0.0,0.0,979.6871871099427,0.0,0.0,69273.68306349112
2026-08-28 22:00:00+00:00,2164.87244047619,963270.5812065457,0.0,0.0,0.0,0.0,0.0,979.6871871099427,0.0,0.0,69273.68306349112
2026-08-28 23:00:00+00:00,2162.825714285714,963270.5812065457,0.0,0.0,0.0,0.0,0.0,979.6871871099427,0.0,0.0,69273.68306349112
2026-08-29 00:00:00+00:00,2159.494119047619,963270.5812065457,0.0,0.0,0.0,0.0,0.0,979.6871871099427,0.0,0.0,69273.68306349112
2026-08-29 01:00:00+00:00,2157.4886666666666,963270.5812065457,0.0,0.0,0.0,0.0,0.0,979.6871871099427,0.0,0.0,69273.68306349112
2026-08-29 02:00:00+00:00,2150.302607142857,963270.5812065457,0.0,0.0,0.0,0.0,0.0,979.6871871099427,0.0,0.0,69273.68306349112
2026-08-29 03:00:00+00:00,2144.282142857143,963270.5812065457,0.0,0.0,0.0,0.0,0.0,979.6871871099427,0.0,0.0,69273.68306349112
2026-08-29 04:00:00+00:00,2145.862452380952,963270.5812065457,0.0,0.0,0.0,0.0,0.0,979.6871871099427,0.0,0.0,69273.68306349112
2026-08-29 05:00:00+00:00,2141.7814285714285,963269.6934853724,1.2817537269719774,-1.2817537269719774,0.0,0.0,0.0,981.0598052741581,0.0,-2.260339337561163,69271.42272415356
2026-08-29 06:00:00+00:00,2135.4838214285714,963247.5278017678,5.932411017387995,-5.932411017387995,0.0,0.0,0.009607446857985556,986.0255069755043,0.0,-19.049796432678704,69252.37292772088
2026-08-29 07:00:00+00:00,2133.6990476190476,963235.8474214553,7.377090062930028,-7.377090062930028,0.0,0.0,0.04442950887997814,987.5667621272985,0.0,-2.589194144238718,69249.78373357664
2026-08-29 08:00:00+00:00,2128.8575,963192.0305502207,10.911265666218359,-10.911265666218359,0.0,0.0,0.055123755015340656,991.3286402469872,0.0,-11.807092769566225,69237.97664080707
2026-08-29 09:00:00+00:00,2127.035880952381,963170.9779435375,12.358185588469532,-12.358185588469532,0.0,0.0,0.08146237406106233,992.8674655427337,0.0,-2.6338002336706268,69235.3428405734
2026-08-29 10:00:00+00:00,2123.588261904762,963124.2465102308,14.932095830268631,-14.932095830268631,0.0,0.0,0.09211537946794186,995.6004283310743,0.0,-6.7659646867687115,69228.57687588663
2026-08-29 11:00:00+00:00,2121.8152857142854,963096.707219736,16.21982329155754,-16.21982329155754,0.0,0.0,0.11120785362325498,996.9665882366728,0.0,-2.3199921658524545,69226.25688372078
2026-08-29 12:00:00+00:00,2117.7418095238095,963024.4150600021,19.441396256750576,-19.441396256750576,0.0,0.0,0.12056638672594443,1000.3778181170833,0.0,-9.511759235625505,69216.74512448515
2026-08-29 13:00:00+00:00,2115.774642857143,962984.9706767583,20.89215540957188,-20.89215540957188,0.0,0.0,0.312152707336712,1001.9125578312993,0.0,-2.4225035809504334,69214.3226209042
2026-08-29 14:00:00+00:00,2123.9415000000004,963129.4446197858,14.610244435841489,-14.610244435841489,0.0,0.0,0.3367410365273162,1008.5837635395051,0.0,-55.64402348715521,69158.67859741705
2026-08-29 15:00:00+00:00,2117.708666666667,963023.7707165834,19.441396256750576,-19.441396256750576,0.0,0.0,0.23479775589142088,1013.6992495800657,0.0,-19.491372959208093,69139.18722445784
2026-08-29 16:00:00+00:00,2120.1570238095237,963068.7953934103,17.508065921099952,-17.508065921099952,0.0,0.0,0.3127992658364486,1015.7487315253026,0.0,-16.2934240882023,69122.89380036964
2026-08-29 17:00:00+00:00,2116.9295714285718,963008.4754765189,19.92491010850689,-19.92491010850689,0.0,0.0,0.2812644402974419,1018.3068759902311,0.0,-6.090347873134306,69116.8034524965
2026-08-29 18:00:00+00:00,2115.55,962980.278410185,21.05339117154063,-21.05339117154063,0.0,0.0,0.3198820795931177,1019.5005550466816,0.0,-1.5830266081466107,69115.22042588836
2026-08-29 19:00:00+00:00,2113.5283809523808,962936.34203952,22.666192245003536,-22.666192245003536,0.0,0.0,0.33767615157595104,1021.2049054674787,0.0,-2.7411083248007344,69112.47931756356
2026-08-29 20:00:00+00:00,2110.0755,962854.0545648183,25.248351778946958,-25.248351778946958,0.0,0.0,0.36295000671147404,1023.9291812523115,0.0,-6.385137014134671,69106.09418054942
2026-08-29 21:00:00+00:00,2106.1255714285717,962748.751163463,28.317350324115054,-28.317350324115054,0.0,0.0,0.21044480880123928,1027.1610294096395,0.0,-8.595618630657555,69097.49856191876
2026-08-29 22:00:00+00:00,2104.1870000000004,962692.6834796134,29.772104355305984,-29.772104355305984,0.0,0.0,0.2358076391876707,1028.691566669954,0.0,-2.4672071995737497,69095.03135471919
2026-08-29 23:00:00+00:00,2105.571428571429,962733.0081161261,28.640572429130884,-29.772104355305984,0.0,0.0,0.24808495927321048,0.0,0.0,-0.644630429087556,69094.3867242901
2026-08-30 00:00:00+00:00,2103.768321428571,962680.1967841107,30.09547193572505,-29.772104355305984,0.0,0.0,0.24787251159462256,0.0,0.0,1.1188345172413392,69095.50555880734
2026-08-30 01:00:00+00:00,2098.8165714285715,962522.274490914,33.816524128691675,-33.816524128691675,0.0,0.0,0.24728908104441105,1032.9358142910517,0.0,-14.495233995476156,69081.01032481187
2026-08-30 02:00:00+00:00,2094.3996785714285,962365.4599841806,37.2177456344301,-37.2177456344301,0.0,0.0,0.280291193078354,1036.4975729052362,0.0,-10.732010276988149,69070.27831453488
2026-08-30 03:00:00+00:00,2093.447619047619,962329.6869839425,38.02808676783687,-37.2177456344301,0.0,0.0,0.3083422843970199,0.0,0.0,-0.031148767739068717,69070.24716576714
2026-08-30 04:00:00+00:00,2089.502380952381,962173.9472151898,41.109231222352854,-41.109231222352854,0.0,0.0,0.2738355279813587,1040.5632071059395,0.0,-12.698699529617443,69057.54846623752
2026-08-30 05:00:00+00:00,2086.7414999999996,962057.7684790673,43.219069760615255,-43.219069760615255,0.0,0.0,0.30206810308675447,1042.764550923985,0.0,-4.580318388689193,69052.96814784883
2026-08-30 06:00:00+00:00,2088.1563095238093,962118.0399252166,42.08283245530246,-43.219069760615255,0.0,0.0,0.3177863799240875,0.0,0.0,-0.5575189782684902,69052.41062887057
2026-08-30 07:00:00+00:00,2080.2181904761906,961759.6910167253,48.25576065024147,-48.25576065024147,0.0,0.0,0.3165783160909138,1048.0032589281882,0.0,-20.192917292326456,69032.21771157824
2026-08-30 08:00:00+00:00,2078.7100714285716,961686.0630031409,49.55681957701154,-48.25576065024147,0.0,0.0,0.35321565672130945,0.0,0.0,-0.4993661337066442,69031.71834544453
2026-08-30 09:00:00+00:00,2073.0394047619047,961393.218537986,53.95173743809724,-53.95173743809724,0.0,0.0,0.35225209365484594,1053.9072510931053,0.0,-24.75387183208659,69006.96447361245
2026-08-30 10:00:00+00:00,2075.2176785714287,961508.6844419363,52.160499143701976,-53.95173743809724,0.0,0.0,0.39424478160971704,0.0,0.0,-1.6615079078328563,69005.30296570461
2026-08-30 11:00:00+00:00,2072.678428571429,961373.7289307564,54.27752298182419,-53.95173743809724,0.0,0.0,0.39376238110203077,0.0,0.0,2.4352004909160314,69007.73816619553
2026-08-30 12:00:00+00:00,2077.2249166666666,961611.8011088135,50.69567310482038,-50.69567310482038,0.0,0.0,0.3946261117962642,1057.2890400747813,0.0,-99.97770148780546,68907.76046470772
2026-08-30 13:00:00+00:00,2079.4725714285714,961723.5098091135,48.906225063932844,-50.69567310482038,0.0,0.0,0.542387246506095,0.0,0.0,-1.6952835155680077,68906.06518119216
2026-08-30 14:00:00+00:00,2077.8700000000003,961644.2702334465,50.20754421549911,-50.69567310482038,0.0,0.0,0.5419692490213411,0.0,0.0,2.5458308520319406,68908.61101204419
2026-08-30 15:00:00+00:00,2078.400761904762,961670.7298649553,49.71948853635983,-50.69567310482038,0.0,0.0,0.5421076872445855,0.0,0.0,0.09440717575489543,68908.70541921994
2026-08-30 16:00:00+00:00,2115.9379404761903,962988.3528708084,20.73092770878643,-20.73092770878643,0.0,0.0,0.5518984809327069,1088.9908109048702,0.0,-335.6822766479745,68573.02314257197
2026-08-30 17:00:00+00:00,2093.146714285714,962318.2292684191,38.19017930495507,-38.19017930495507,0.0,0.0,0.22325633270527737,1107.2631984610741,0.0,-215.68947106349515,68357.33367150847
2026-08-30 18:00:00+00:00,2094.537928571429,962370.6053375147,37.2177456344301,-38.19017930495507,0.0,0.0,0.4115525582285702,0.0,0.0,-0.3431013692752458,68356.9905701392
2026-08-30 19:00:00+00:00,2085.6333333333337,962009.4681155673,44.03091133758039,-44.03091133758039,0.0,0.0,0.4098029079117924,1113.3540111702296,0.0,-26.75014296764857,68330.24042717155
2026-08-30 20:00:00+00:00,2071.694535714286,961320.0609953695,54.92919180819928,-54.92919180819928,0.0,0.0,0.46931968887391234,1124.6429652200611,0.0,-86.48879244209093,68243.75163472946
2026-08-30 21:00:00+00:00,2061.293714285714,960706.1794563379,63.24940343977941,-63.24940343977941,0.0,0.0,0.33458045951387994,1133.2181651889125,0.0,-50.81344332796289,68192.9381914015
2026-08-30 22:00:00+00:00,2049.1053214285716,959877.6330010451,72.90125198740981,-72.90125198740981,0.0,0.0,0.3829818564844502,1143.1069922991987,0.0,-67.14372344275762,68125.79446795874
2026-08-30 23:00:00+00:00,2001.4557142857143,955488.6244736158,111.62885293327389,-111.62885293327389,0.0,0.0,0.4311599938747571,1181.862781406037,0.0,-953.6171391196985,67172.17732883904
2026-08-31 00:00:00+00:00,2008.1694047619046,956219.3234986138,106.16300807090988,-111.62885293327389,0.0,0.0,0.6624213073260835,0.0,0.0,-18.080120500846533,67154.0972083382
2026-08-31 01:00:00+00:00,1992.911880952381,954504.7355412722,118.76455927807669,-118.76455927807669,0.0,0.0,0.6573884107763714,1188.9731983828094,0.0,-17.861104448325932,67136.23610388987
2026-08-31 02:00:00+00:00,1985.7667499999998,953635.2103197363,124.75044853922843,-124.75044853922843,0.0,0.0,0.6969033965982496,1194.916488314798,0.0,-26.183279527627747,67110.05282436224
2026-08-31 03:00:00+00:00,1993.5778571428568,954583.6152543518,118.26622133197186,-118.26622133197186,0.0,0.0,0.7349077076948957,1201.379894205333,0.0,-371.793850565562,66738.25897379668
2026-08-31 04:00:00+00:00,1987.7437619047619,953880.0738968765,123.08662064668465,-118.26622133197186,0.0,0.0,0.6946700986236745,0.0,0.0,-12.870288676262135,66725.38868512042
2026-08-31 05:00:00+00:00,2000.1046428571426,955337.0742210319,112.78943438854449,-118.26622133197186,0.0,0.0,1.0413885629146364,0.0,0.0,-3.8329698541783728,66721.55571526624
2026-08-31 06:00:00+00:00,1999.371369047619,955254.193761057,113.45280618232012,-118.26622133197186,0.0,0.0,1.041006771411152,0.0,0.0,4.882069450584822,66726.43778471682
2026-08-31 07:00:00+00:00,1997.6735238095237,955060.5569469694,114.77994783938686,-118.26622133197186,0.0,0.0,1.0401227593576496,0.0,0.0,8.201049387775129,66734.6388341046
2026-08-31 08:00:00+00:00,1999.6607142857142,955286.9459572289,113.12110370196643,-118.26622133197186,0.0,0.0,1.0411574239396395,0.0,0.0,-7.587341002465109,66727.05149310213
2026-08-31 09:00:00+00:00,1997.133833333333,954998.5102070748,115.27776283139394,-118.26622133197186,0.0,0.0,1.0398417603152117,0.0,0.0,11.448753600081545,66738.50024670221
2026-08-31 10:00:00+00:00,2001.4802976190474,955491.3686829171,111.62885293327389,-111.62885293327389,0.0,0.0,1.0421048210067732,1208.0221752443495,0.0,-341.47536981778103,66397.02487688443
2026-08-31 11:00:00+00:00,1991.01,954277.4602752493,120.42622570768695,-120.42622570768695,0.0,0.0,0.9784739503123783,1216.7800038281416,0.0,-52.90044921699155,66344.12442766744
2026-08-31 12:00:00+00:00,1992.5793214285716,954465.2161325671,119.0968261039875,-120.42622570768695,0.0,0.0,1.0564186482701952,0.0,0.0,-0.1751805989915738,66343.94924706845
2026-08-31 13:00:00+00:00,1980.666023809524,952988.3208119862,129.08029623458253,-129.08029623458253,0.0,0.0,2.296391096569351,1225.3504155582782,0.0,-48.49587322023581,66295.45337384821
2026-08-31 14:00:00+00:00,1999.853785714286,955308.7667167031,112.95526489959627,-112.95526489959627,0.0,0.0,2.485259400499034,1241.4742680382951,0.0,-862.6498858769191,65432.803487971294
2026-08-31 15:00:00+00:00,1996.6095238095238,954938.0050958575,115.77565249751667,-112.95526489959627,0.0,0.0,2.1712665614001625,0.0,0.0,-2.1338914280349854,65430.66959654326
2026-08-31 16:00:00+00:00,1994.9666666666667,954746.9080290787,117.10372343248925,-112.95526489959627,0.0,0.0,2.1694799923505284,0.0,0.0,-3.3582230228494154,65427.31137352041
2026-08-31 17:00:00+00:00,1997.008642857143,954984.0903349464,115.44371775575773,-112.95526489959627,0.0,0.0,2.1717005941100034,0.0,0.0,8.702044947858667,65436.01341846827
2026-08-31 18:00:00+00:00,1995.9974880952384,954867.0758294822,116.27361684895665,-112.95526489959627,0.0,0.0,2.1706009867522584,0.0,0.0,-0.6286504920572042,65435.38476797621
2026-08-31 19:00:00+00:00,1996.4291904761906,954917.1419323019,115.9416323157416,-112.95526489959627,0.0,0.0,2.1710704530815836,0.0,0.0,3.4741164745937567,65438.858884450805
2026-08-31 20:00:00+00:00,1986.2678571428573,953697.5964830753,124.41761640760468,-124.41761640760468,0.0,0.0,2.16002023869424,1252.8579182221101,0.0,-80.99298077199637,65357.86590367881
2026-08-31 21:00:00+00:00,1987.7784523809523,953884.3438303594,123.08662064668465,-124.41761640760468,0.0,0.0,2.38102186018697,0.0,0.0,1.183710263838293,65359.04961394265
2026-08-31 22:00:00+00:00,1977.5223690476191,952578.7352543963,131.74761685362603,-131.74761685362603,0.0,0.0,2.3687368097140085,1260.1055381456783,0.0,-34.45001706587209,65324.599596876775
2026-08-31 23:00:00+00:00,1973.2240000000002,952005.1953502987,135.25171486369985,-131.74761685362603,0.0,0.0,2.5028376792631977,0.0,0.0,-4.73718803722295,65319.86240883955
