timestamp,price,in_range,lp_value,delta_eth,hedge_eth,cum_fees,cum_funding,cum_binance,cum_slippage,lp_pnl,total_pnl,rebalanced
2026-05-08 02:39:24.209916,2006.390081213533,True,92618.39245783325,21.241329319200087,-21.241329319200087,12.306869995038696,0.0,17.047356983133305,4.261839245783326,-7381.607542166748,-7390.609868400626,False
2026-05-08 03:39:24.209916,2004.6239307327012,True,92580.72456207048,21.45376284041985,-21.241329319200087,15.346038844745241,-0.757362595188575,17.047356983133305,4.261839245783326,-7419.275437929522,-7388.480573918268,False
2026-05-08 04:39:24.209916,2012.9760769396073,True,92755.62758437287,20.463223725345685,-21.241329319200087,28.268379403930524,-1.5178806965195637,17.047356983133305,4.261839245783326,-7244.372415627135,-7378.826417261029,False
2026-05-08 05:39:24.209916,2032.7377238662257,True,93137.03963800316,18.16003876921715,-18.16003876921715,55.06132935020968,-2.2858649025757782,19.552739198790437,4.888184799697609,-6862.96036199684,-7394.284775918149,True
2026-05-08 06:39:24.209916,2029.7003255204572,True,93081.36196172368,18.511836033821155,-18.16003876921715,61.26022439676126,-2.9414633890318376,19.552739198790437,4.888184799697609,-6918.638038276316,-7389.259883920818,False
2026-05-08 07:39:24.209916,2026.667679079809,True,93024.70742608584,18.863897232139916,-18.16003876921715,66.44575068021626,-3.5960823227965726,19.552739198790437,4.888184799697609,-6975.292573914165,-7386.310535273476,False
2026-05-08 08:39:24.209916,2047.3009755267624,True,93389.2551513298,16.498440315616836,-16.498440315616836,94.524565827152,-4.2573658650018436,20.91345605278631,5.228364013196577,-6610.744848670205,-7370.7476379057025,True
2026-05-08 09:39:24.209916,2057.4096890642945,True,93550.07927078045,15.355138553297033,-15.355138553297033,113.86556206928549,-4.861109993652472,21.854352102114728,5.463588025528682,-6449.92072921955,-7359.140393369868,True
2026-05-08 10:39:24.209916,2051.238692163604,True,93453.28412909152,16.05478671947409,-15.355138553297033,122.5364092989297,-4.3520350904766065,21.854352102114728,5.463588025528682,-6546.715870908476,-7351.999100503903,False
2026-05-08 11:39:24.209916,2058.39735720634,True,93565.16965635598,15.238632518520307,-15.355138553297033,129.44467415384108,-3.8411835550992226,21.854352102114728,5.463588025528682,-6434.830343644018,-7342.616750437014,False
2026-05-08 12:39:24.209916,2052.3030812883744,True,93470.28906114468,15.938105803260816,-15.355138553297033,145.97442051416513,-3.3318444926167374,21.854352102114728,5.463588025528682,-6529.710938855322,-7326.879809123127,False
2026-05-08 13:39:24.209916,2046.1965202653994,True,93370.9781820106,16.615261325964664,-16.615261325964664,160.8366688177996,-2.8240209519374364,22.885735635130604,5.721433908782651,-6629.0218179894,-7318.342755237218,True
2026-05-08 14:39:24.209916,2049.384587432623,True,93423.35585260733,16.26488588804977,-16.615261325964664,164.88161636301552,-2.27366661920134,22.885735635130604,5.721433908782651,-6576.644147392668,-7314.340351870682,False
2026-05-08 15:39:24.209916,2024.413371742554,True,92981.90300439534,19.12224330343603,-19.12224330343603,207.90902436940308,-1.7300182102010777,24.915802770294853,6.228950692573713,-7018.096995604661,-7299.85645326872,True
2026-05-08 16:39:24.209916,2002.1626111332341,True,92527.61539026705,21.73715627230698,-21.73715627230698,235.17818660807364,-1.1112187381190495,27.00999516135118,6.752498790337795,-7472.3846097329515,-7303.389388117155,True
2026-05-08 17:39:24.209916,1994.9699846975552,True,92368.31812988108,22.58835744776298,-21.73715627230698,247.62229584715888,-0.4103271603232592,27.00999516135118,6.752498790337795,-7631.681870118919,-7293.194402845563,False
2026-05-08 18:39:24.209916,1982.0701915794318,True,92067.22710924348,24.129134287793356,-24.129134287793356,268.7371358852524,0.5571602733483836,28.906422490714732,7.226605622678683,-7932.772890756518,-7294.168811284021,True
2026-05-08 19:39:24.209916,1986.0784650223866,True,92162.90979117704,23.65451567607923,-24.129134287793356,275.4641716476469,1.6332827881418799,28.906422490714732,7.226605622678683,-7837.090208822963,-7287.39913924053,False
2026-05-08 20:39:24.209916,1974.5623830472541,True,91882.82461247113,25.03221820550643,-24.129134287793356,289.30441652713864,2.7031655116512447,28.906422490714732,7.226605622678683,-8117.1753875288705,-7274.701101896228,False
2026-05-08 21:39:24.209916,1956.7770908989157,True,91418.82255892703,27.177957701031946,-27.177957701031946,310.6636651811962,3.7634115799880803,31.292769614403337,7.823192403600834,-8581.17744107297,-7290.122892027649,True
2026-05-08 22:39:24.209916,1975.2602966094896,True,91900.25080309881,24.937075922082293,-24.937075922082293,331.352893441619,4.968904676830459,33.063299537345294,8.265824884336324,-8099.74919690119,-7291.348871883732,True
2026-05-08 23:39:24.209916,1972.4147033828222,True,91828.82753330108,25.293957616756618,-24.937075922082293,335.75363989386494,6.073408780705927,33.063299537345294,8.265824884336324,-8171.172466698918,-7286.306116788569,False
2026-05-09 00:39:24.209916,1973.2800032694552,True,91850.64824236117,25.174967311972154,-24.937075922082293,338.6231621045095,7.178397431403232,33.063299537345294,8.265824884336324,-8149.351757638826,-7282.088945835471,False
2026-05-09 01:39:24.209916,1955.3502641480068,True,91379.93096974285,27.34525359153118,-27.34525359153118,359.9959628279659,8.273345865706341,34.94683187417418,8.736707968543545,-8620.069030257146,-7285.577618982382,True
2026-05-09 02:39:24.209916,1948.5494507233254,True,91191.1347297865,28.182611867331044,-27.34525359153118,373.7230693092991,10.324962184679613,34.94683187417418,8.736707968543545,-8808.8652702135,-7272.62516841183,False
2026-05-09 03:39:24.209916,1949.9466501550114,True,91230.38532814971,28.01502296736514,-27.34525359153118,379.4760845377694,12.378049606761836,34.94683187417418,8.736707968543545,-8769.614671850286,-7263.775240175459,False
2026-05-09 04:39:24.209916,1935.6228342188604,True,90816.58749497856,29.7896479145006,-29.7896479145006,397.73789651374864,14.416055566829499,36.839402061124005,9.209850515281001,-9183.412505021435,-7267.950588971782,True
2026-05-09 05:39:24.209916,1940.3013832334095,True,90954.5328056958,29.21337431533167,-29.7896479145006,406.64029924524567,16.64160539042753,36.839402061124005,9.209850515281001,-9045.467194304205,-7258.24965359361,False
2026-05-09 06:39:24.209916,1932.8557296446477,True,90733.72196856761,30.12612698807616,-29.7896479145006,420.7727404213406,18.858614956736545,36.839402061124005,9.209850515281001,-9266.27803143239,-7240.907641076838,False
2026-05-09 07:39:24.209916,1929.2558055056363,True,90624.4920838071,30.58315404019828,-29.7896479145006,428.6003090779084,21.071495365275652,36.839402061124005,9.209850515281001,-9375.507916192902,-7232.856604152183,False
2026-05-09 08:39:24.209916,1921.8393808644396,True,90394.35730261472,31.49851163807119,-31.49851163807119,441.06473901872135,23.275869042492207,38.153066701319446,9.538266675329861,-9605.64269738528,-7229.0319836810995,True
2026-05-09 09:39:24.209916,1944.8068666047068,True,91084.81675483962,28.66176061342315,-28.66176061342315,483.49490748399853,25.634550375759158,40.35983984995282,10.089959962488205,-8915.183245160384,-7219.983764980488,True
2026-05-09 10:39:24.209916,1944.6496982359572,True,91080.31203267851,28.66176061342315,-28.66176061342315,485.757302563017,28.39428944740419,40.35983984995282,10.089959962488205,-8919.687967321486,-7214.961630829825,False
2026-05-09 11:39:24.209916,1931.5194927641876,True,90693.36571184188,30.294454866814707,-30.294454866814707,499.63077528008375,31.135394859171022,41.621272160412765,10.405318040103191,-9306.634288158122,-7210.535357888788,True
2026-05-09 12:39:24.209916,1941.7424024451145,True,90996.47351446594,29.021436729674335,-30.294454866814707,520.4670241625017,34.04797935811696,41.621272160412765,10.405318040103191,-9003.526485534065,-7193.376197819732,False
2026-05-09 13:39:24.209916,1926.615956853691,True,90543.36652658525,30.920188734725862,-30.294454866814707,550.4127185332708,36.93787441540563,41.621272160412765,10.405318040103191,-9456.633473414753,-7155.4001730076525,False
2026-05-09 14:39:24.209916,1929.2083241435823,True,90623.03995399736,30.58315404019828,-30.294454866814707,554.6956561795977,39.831657984772214,41.621272160412765,10.405318040103191,-9376.960046002641,-7147.084378241669,False
2026-05-09 15:39:24.209916,1905.1347776514526,True,89850.67195741647,33.624976008918736,-33.624976008918736,590.8970189521326,42.68933159523831,44.159308822623096,11.039827205655774,-10149.328042583526,-7154.270916577325,True
2026-05-09 16:39:24.209916,1888.9931903563818,True,89291.61499208769,35.68784938249931,-35.68784938249931,621.3560390872032,45.83429902968179,45.71801032472757,11.429502581181893,-10708.385007912308,-7138.911785671592,True
2026-05-09 17:39:24.209916,1891.3894004859062,True,89376.71573651154,35.37178295424458,-35.68784938249931,626.2173692910504,49.17644262551578,45.71801032472757,11.429502581181893,-10623.284263488458,-7131.123153639349,False
2026-05-09 18:39:24.209916,1900.3753490515824,True,89689.29338512888,34.23079369174483,-35.68784938249931,646.3506890792315,48.13354566817576,45.71801032472757,11.429502581181893,-10310.706614871116,-7120.144261161902,False
2026-05-09 19:39:24.209916,1902.4750595618489,True,89760.84434047222,33.964140617713554,-35.68784938249931,655.9698874631915,47.0894964217874,45.71801032472757,11.429502581181893,-10239.15565952778,-7114.9523091182355,False
2026-05-09 20:39:24.209916,1901.0759842285033,True,89713.23008017015,34.13381196914399,-35.68784938249931,658.9191711034061,46.0462149665667,45.71801032472757,11.429502581181893,-10286.76991982985,-7110.730577464106,False
2026-05-09 21:39:24.209916,1897.4207870829293,True,89587.65788774384,34.594647940505475,-35.68784938249931,663.516755493974,45.00493942769484,45.71801032472757,11.429502581181893,-10412.342112256156,-7102.30033584413,False
2026-05-09 22:39:24.209916,1879.5322954258777,True,88948.37461522035,36.90540583264015,-35.68784938249931,693.5610352755785,43.97348081974131,45.71801032472757,11.429502581181893,-11051.625384779647,-7074.1689912570155,False
2026-05-09 23:39:24.209916,1870.8895928265888,True,88624.67208729338,38.0282491803901,-38.0282491803901,711.2394282069699,42.94676519492977,47.469462174698506,11.867365543674627,-11375.32791270662,-7074.969688068722,True
2026-05-10 00:39:24.209916,1865.3836999479506,True,88413.37342357668,38.761930829593354,-38.0282491803901,720.319428057475,41.85593753119775,47.469462174698506,11.867365543674627,-11586.626576423325,-7068.899713249265,False
2026-05-10 01:39:24.209916,1878.0786747799152,True,88894.61142510973,37.100497479008354,-38.0282491803901,751.4529589902751,40.75768617777794,47.469462174698506,11.867365543674627,-11105.388574890269,-7040.39409838556,False
2026-05-10 02:39:24.209916,1882.231013486254,True,89047.46469856429,36.564183161502235,-38.0282491803901,756.6248296581355,40.02247771795646,47.469462174698506,11.867365543674627,-10952.53530143571,-7041.010333728989,False
2026-05-10 03:39:24.209916,1861.0881278055303,True,88245.76029655556,39.32516582715968,-38.0282491803901,796.4782871659867,39.29552777066938,47.469462174698506,11.867365543674627,-11754.239703444444,-6999.561303118101,False
2026-05-10 04:39:24.209916,1864.9693423734223,True,88397.30997291274,38.810882078358006,-38.0282491803901,802.6385361740278,38.56706180236031,47.469462174698506,11.867365543674627,-11602.690027087257,-6990.175638431537,False
2026-05-10 05:39:24.209916,1860.3817542871125,True,88217.96336012497,39.39867902330963,-38.0282491803901,816.738065290454,37.84038776795683,47.469462174698506,11.867365543674627,-11782.036639875034,-6981.691453254113,False
2026-05-10 06:39:24.209916,1852.3367262307615,True,87896.7554413341,40.47814034208123,-40.47814034208123,841.2655563277641,37.116856160090876,49.28467152432596,12.32116788108149,-12103.244558665901,-6975.4260927124205,True
2026-05-10 07:39:24.209916,1859.6250135357088,True,88188.1135034084,39.49671377197002,-40.47814034208123,851.1081883011142,36.34368228575493,49.28467152432596,12.32116788108149,-11811.8864965916,-6970.014888922171,False
2026-05-10 08:39:24.209916,1871.9672869074338,True,88665.56657967677,37.88164486043225,-37.88164486043225,867.7950805137283,35.56537688046437,51.2288933652259,12.807223341306475,-11334.433420323228,-6978.675776828616,True
2026-05-10 09:39:24.209916,1883.1872407086441,True,89082.34855947041,36.44237579332994,-37.88164486043225,891.0180573418033,34.83263068701329,51.2288933652259,12.807223341306475,-10917.65144052959,-6964.433871648258,False
2026-05-10 10:39:24.209916,1873.093787587185,True,88708.15147973172,37.73508451297557,-37.88164486043225,905.542111095545,33.31137603192313,51.2288933652259,12.807223341306475,-11291.848520268279,-6943.27154572576,False
2026-05-10 11:39:24.209916,1869.3952151672097,True,88567.71443366195,38.223790031472596,-37.88164486043225,912.5446964869242,31.793125214947413,51.2288933652259,12.807223341306475,-11432.285566338047,-6938.11625031703,False
2026-05-10 12:39:24.209916,1873.3799735811012,True,88718.94495361412,37.710662062577654,-37.88164486043225,920.1150875844426,30.271638130611933,51.2288933652259,12.807223341306475,-11281.055046385882,-6931.78602944134,False
2026-05-10 13:39:24.209916,1885.143257473696,True,89153.33455614738,36.17450674436423,-37.88164486043225,930.6358967092813,28.740597360017205,51.2288933652259,12.807223341306475,-10846.665443852617,-6934.019201365547,False
2026-05-10 14:39:24.209916,1879.3720900536732,True,88942.4630843162,36.92978802123316,-37.88164486043225,940.6476550289015,27.21424370939543,51.2288933652259,12.807223341306475,-11057.536915683799,-6917.783953892333,False
2026-05-10 15:39:24.209916,1877.1473309553116,True,88860.02041693857,37.22246938994212,-37.88164486043225,944.6729786679938,25.689696922454086,51.2288933652259,12.807223341306475,-11139.979583061431,-6913.448310353666,False
2026-05-10 16:39:24.209916,1863.891815390106,True,88355.43502354702,38.95776519735926,-37.88164486043225,962.7476860565558,24.175915754881522,51.2288933652259,12.807223341306475,-11644.56497645298,-6899.332044441178,False
2026-05-10 17:39:24.209916,1849.6639465114613,True,87788.14332892618,40.82210360531358,-40.82210360531358,997.47221900692,22.673689914600676,53.40443757587043,13.351109393967608,-12211.856671073823,-6897.14578623362,True
2026-05-10 18:39:24.209916,1859.3341951934399,True,88176.6225893787,39.54573849902894,-40.82210360531358,1008.3648469715199,22.98864525357073,53.40443757587043,13.351109393967608,-11823.377410621295,-6892.218836062399,False
2026-05-10 19:39:24.209916,1875.5810308349821,True,88801.59091089234,37.41768788075827,-37.41768788075827,1040.6960410906493,23.306352667794336,55.958540597491336,13.989635149372834,-11198.409089107663,-6901.024249609982,True
2026-05-10 20:39:24.209916,1874.7261091961138,True,88769.56617448546,37.53973909523984,-37.41768788075827,1043.4321080016416,23.597431694045525,55.958540597491336,13.989635149372834,-11230.433825514541,-6898.032649033937,False
2026-05-10 21:39:24.209916,1886.836348913168,True,89214.38133766661,35.95545070968513,-37.41768788075827,1061.0867220097107,23.890391014579286,55.958540597491336,13.989635149372834,-10785.618662333392,-6888.407082418079,False
2026-05-10 22:39:24.209916,1891.2264832075552,True,89370.95343298736,35.39608846361061,-35.39608846361061,1071.279320851237,24.18403196855766,57.48786153994998,14.371965384987496,-10629.046567012643,-6887.529073261887,True
2026-05-10 23:39:24.209916,1883.4320097020916,True,89091.25678363253,36.39366137151107,-35.39608846361061,1085.607259379004,24.460663293341476,57.48786153994998,14.371965384987496,-10908.743216367468,-6876.727279037499,False
2026-05-11 00:39:24.209916,1887.8113134986613,True,89249.367616679,35.83379549799774,-35.39608846361061,1095.1445958634465,24.737937833598235,57.48786153994998,14.371965384987496,-10750.632383321004,-6863.812059558745,False
2026-05-11 01:39:24.209916,1906.5276049225604,True,89897.35196661626,33.43127422365598,-33.43127422365598,1133.240206479447,25.017961351500567,58.986250574757356,14.746562643689339,-10102.648033383739,-6841.808568732134,True
2026-05-11 02:39:24.209916,1906.100668873367,True,89883.07099516396,33.50390331396363,-33.43127422365598,1135.3641029475282,26.39814332276623,58.986250574757356,14.746562643689339,-10116.929004836042,-6838.312445608544,False
2026-05-11 03:39:24.209916,1925.3266564634234,True,90503.42572249277,31.06470440899531,-31.06470440899531,1159.4608471903568,27.79224657420607,60.80881855417651,15.202204638544128,-9496.574277507229,-6837.49434410352,True
2026-05-11 04:39:24.209916,1893.273222301781,True,89443.10163453849,35.12879468569911,-35.12879468569911,1193.593945465367,29.066096025633748,63.88659187173665,15.971647967934162,-10556.898365461515,-6870.528243453707,True
2026-05-11 05:39:24.209916,1903.285868635661,True,89788.32176051562,33.842983146442435,-35.12879468569911,1206.1177138879316,30.514217048448995,63.88659187173665,15.971647967934162,-10211.678239484376,-6863.068425354574,False
2026-05-11 06:39:24.209916,1904.3591149609904,True,89824.56788278712,33.721855959239264,-35.12879468569911,1214.0321155387867,31.96315465409711,63.88659187173665,15.971647967934162,-10175.432117212884,-6855.1608136362565,False
2026-05-11 07:39:24.209916,1900.723148697005,True,89701.18343475982,34.18230040602252,-35.12879468569911,1224.0863758103155,33.40932582340905,63.88659187173665,15.971647967934162,-10298.81656524018,-6839.317717851038,False
2026-05-11 08:39:24.209916,1901.852418729957,True,89739.68459624005,34.03684963997854,-35.12879468569911,1226.3195083978408,34.85635620136752,63.88659187173665,15.971647967934162,-10260.315403759945,-6836.806288537603,False
2026-05-11 09:39:24.209916,1877.7843633857071,True,88883.69116797295,37.12488942193982,-37.12488942193982,1250.7159713298347,36.28507432392776,65.38588606515637,16.346471516289093,-11116.308832027047,-6823.36687881973,True
2026-05-11 10:39:24.209916,1875.1525745283916,True,88785.55193794477,37.46650470522803,-37.12488942193982,1257.1199053341181,38.69955080569044,65.38588606515637,16.346471516289093,-11214.448062055235,-6814.982828052139,False
2026-05-11 11:39:24.209916,1879.4610224235064,True,88945.74425614293,36.90540583264015,-37.12488942193982,1266.5029256293278,41.11957491395401,65.38588606515637,16.346471516289093,-11054.255743857066,-6802.938117136822,False
2026-05-11 12:39:24.209916,1897.362857220756,True,89585.65601767642,34.618914594092175,-34.618914594092175,1298.862899778608,43.56264971136442,67.28778348895169,16.821945872237922,-10414.343982323582,-6795.204315734113,True
2026-05-11 13:39:24.209916,1891.0802618467287,True,89365.77918216102,35.42039518822172,-34.618914594092175,1308.8056575306805,45.83327049769058,67.28778348895169,16.821945872237922,-10634.220817838985,-6785.371140028427,False
2026-05-11 14:39:24.209916,1881.3150093682414,True,89013.93567952352,36.66165098264529,-36.66165098264529,1324.0014369740445,48.09216614166887,68.82499574013875,17.206248935034687,-10986.064320476478,-6783.619041350063,True
2026-05-11 15:39:24.209916,1875.2840581252042,True,88790.4781687434,37.46650470522803,-36.66165098264529,1335.527186421995,50.47668235950003,68.82499574013875,17.206248935034687,-11209.5218312566,-6772.061656898822,False
2026-05-11 16:39:24.209916,1886.3318765208335,True,89196.23131021539,36.028458435931185,-36.66165098264529,1353.6565158650594,52.87524642358781,68.82499574013875,17.206248935034687,-10803.768689784614,-6750.811884059894,False
2026-05-11 17:39:24.209916,1890.3222918717418,True,89338.90949837377,35.51763424033227,-36.66165098264529,1357.494731722548,55.27888449770564,68.82499574013875,17.206248935034687,-10661.090501626226,-6748.1870568406885,False
2026-05-11 18:39:24.209916,1883.924238589353,True,89109.15342731407,36.344951820647346,-36.66165098264529,1367.699255122408,55.83841802549861,68.82499574013875,17.206248935034687,-10890.846572685929,-6732.615874565436,False
2026-05-11 19:39:24.209916,1890.144018016382,True,89332.57926495204,35.541947042080245,-36.66165098264529,1375.9696035195889,56.39979885428894,68.82499574013875,17.206248935034687,-10667.420735047956,-6728.385690244265,False
2026-05-11 20:39:24.209916,1891.3314652669887,True,89374.66646452258,35.37178295424458,-36.66165098264529,1379.5969995931407,56.961532359973376,68.82499574013875,17.206248935034687,-10625.333535477417,-6725.643137756535,False
2026-05-11 21:39:24.209916,1903.1232850005792,True,89782.8184865032,33.867212217728934,-33.867212217728934,1425.1284798120048,57.52676808637322,70.95226033294698,17.738065083236744,-10217.181513496806,-6706.361060094823,True
2026-05-11 22:39:24.209916,1894.5881723091613,True,89489.17054749926,34.95877516865845,-33.867212217728934,1440.6799512798402,58.046578449406155,70.95226033294698,17.738065083236744,-10510.829452500737,-6694.877244445403,False
2026-05-11 23:39:24.209916,1890.6235322313269,True,89349.59604950431,35.46901228342223,-33.867212217728934,1447.433291144944,58.56530105045035,70.95226033294698,17.738065083236744,-10650.403950495689,-6692.908373091276,False
2026-05-12 00:39:24.209916,1885.8878955736607,True,89180.22903818738,36.077136337456494,-36.077136337456494,1458.6934949413799,59.082724354345864,72.61932799195917,18.154831997989792,-10819.770961812625,-6692.198780210409,True
2026-05-12 01:39:24.209916,1868.2878622432675,True,88525.31987031749,38.370497005246406,-38.370497005246406,1490.0924669926503,59.62876693752226,74.33319115171037,18.58329778792759,-11474.680129682514,-6682.346460391161,True
2026-05-12 02:39:24.209916,1871.8485059141508,True,88661.06734691991,37.906075859756434,-38.370497005246406,1497.9214929393693,59.77268823882234,74.33319115171037,18.58329778792759,-11338.93265308009,-6675.2497038510965,False
2026-05-12 03:39:24.209916,1874.9944119781383,True,88779.62558027534,37.49091494806329,-38.370497005246406,1505.470347762618,59.916851420217455,74.33319115171037,18.58329778792759,-11220.374419724656,-6669.708431698035,False
2026-05-12 04:39:24.209916,1875.0665783896095,True,88782.33116506992,37.49091494806329,-38.370497005246406,1508.8857144576912,60.061020150290155,74.33319115171037,18.58329778792759,-11217.668834930082,-6666.212372553553,False
2026-05-12 05:39:24.209916,1872.2595724837522,True,88676.63298202983,37.857215082566505,-38.370497005246406,1513.0179264498258,60.204973057372136,74.33319115171037,18.58329778792759,-11323.367017970173,-6659.9281789900215,False
2026-05-12 06:39:24.209916,1855.359263247973,True,88018.43658327,40.06079421368583,-38.370497005246406,1543.3669387742827,60.34762654599696,74.33319115171037,18.58329778792759,-11981.563416730001,-6639.159647017567,False
2026-05-12 07:39:24.209916,1850.3734171995018,True,87817.06560597825,40.72380381844288,-40.72380381844288,1550.2103738350247,60.48989668658421,76.07498969957166,19.018747424892915,-12182.934394021751,-6644.41277642132,True
2026-05-12 08:39:24.209916,1846.3231322513695,True,87651.0509962586,41.26469600714955,-40.72380381844288,1559.284367032241,60.64056190412799,76.07498969957166,19.018747424892915,-12348.949003741407,-6636.2597180896855,False
2026-05-12 09:39:24.209916,1836.86219719608,True,87254.73557243854,42.54553599403911,-40.72380381844288,1571.1800470099647,60.790455082469435,76.07498969957166,19.018747424892915,-12745.264427561458,-6635.244305623029,False
2026-05-12 10:39:24.209916,1834.974448028764,True,87174.22176811233,42.792233374987006,-42.792233374987006,1575.1742245374576,61.821237492975754,77.59319585309403,19.398298963273508,-12825.77823188767,-6635.754580954946,True
2026-05-12 11:39:24.209916,1839.7440816815051,True,87376.72481362135,42.15107664720455,-42.792233374987006,1583.2088607734822,62.907190442524715,77.59319585309403,19.398298963273508,-12623.275186378654,-6628.234222641641,False
2026-05-12 12:39:24.209916,1862.1351909032667,True,88286.83893300912,39.17817251000982,-39.17817251000982,1629.5028122238616,64.00636027987082,80.28514382059015,20.071285955147538,-11713.161066990884,-6632.257488267963,True
2026-05-12 13:39:24.209916,1864.2310063968057,True,88368.63267802198,38.908799261751426,-39.17817251000982,1635.8110421188767,65.01383125362187,80.28514382059015,20.071285955147538,-11631.367321978018,-6625.258263341353,False
2026-05-12 14:39:24.209916,1867.3221539263243,True,88488.2165856955,38.49278643987458,-39.17817251000982,1640.0993612494606,66.0229727507152,80.28514382059015,20.071285955147538,-11511.783414304504,-6621.482406205534,False
2026-05-12 15:39:24.209916,1866.4418522542885,True,88454.28924970364,38.61510644915429,-39.17817251000982,1643.1667439290354,67.0316385136427,80.28514382059015,20.071285955147538,-11545.710750296363,-6616.845082987021,False
2026-05-12 16:39:24.209916,1843.6348480551505,True,87539.65708792492,41.63382739747479,-41.63382739747479,1671.5209640289788,68.02797887556035,82.09607619072109,20.524019047680273,-12460.34291207508,-6610.853604816192,True
2026-05-12 17:39:24.209916,1843.332033243991,True,87527.04775442701,41.65844600123581,-41.63382739747479,1673.018145986963,69.08659510800872,82.09607619072109,20.524019047680273,-12472.95224557299,-6608.299800542452,False
2026-05-12 18:39:24.209916,1844.0544291295334,True,87557.10788939636,41.584593882404846,-41.63382739747479,1675.642656848568,68.25139222455961,82.09607619072109,20.524019047680273,-12442.892110603643,-6606.526463206273,False
2026-05-12 19:39:24.209916,1873.4154861018453,True,88720.28415428288,37.710662062577654,-37.710662062577654,1716.2795894421681,67.40289123067676,85.03596366789478,21.258990916973694,-11279.715845717117,-6629.649804259163,True
2026-05-12 20:39:24.209916,1871.1173862288692,True,88633.32928703526,38.0038120728581,-37.710662062577654,1726.7735590957343,66.63528745304191,85.03596366789478,21.258990916973694,-11366.67071296474,-6620.215437935,False
2026-05-12 21:39:24.209916,1874.748645342999,True,88770.40958170695,37.51532641138021,-37.710662062577654,1734.7402956013511,65.8661939943031,85.03596366789478,21.258990916973694,-11229.590418293054,-6612.874685531038,False
2026-05-12 22:39:24.209916,1874.342214326744,True,88755.15393254103,37.588568124831035,-37.710662062577654,1736.2791951108013,65.09726726908177,85.03596366789478,21.258990916973694,-11244.846067458973,-6612.033579206985,False
2026-05-12 23:39:24.209916,1860.3628516702117,True,88217.21862198898,39.39867902330963,-37.710662062577654,1754.8844329789094,64.33407541205366,85.03596366789478,21.258990916973694,-11782.781378011015,-6604.955822757243,False
2026-05-13 00:39:24.209916,1874.0529653540486,True,88744.28081493375,37.61298447068468,-37.710662062577654,1784.2586801973562,63.565267347802376,85.03596366789478,21.258990916973694,-11255.71918506625,-6565.5514413877245,False
2026-05-13 01:39:24.209916,1883.1191080676085,True,89079.865644162,36.44237579332994,-37.710662062577654,1812.0002497309047,62.79274000572987,85.03596366789478,21.258990916973694,-10920.134355838003,-6544.88781405016,False
2026-05-13 02:39:24.209916,1892.703452743616,True,89423.07097220793,35.201678410441694,-35.201678410441694,1821.6355234796665,67.23501690421769,86.93546847640478,21.733867119101195,-10576.929027792066,-6551.411299535788,True
2026-05-13 03:39:24.209916,1881.712350249706,True,89028.4923568171,36.61291463550002,-35.201678410441694,1831.6105621004247,71.35765773903199,86.93546847640478,21.733867119101195,-10971.507643182893,-6544.986980104223,False
2026-05-13 04:39:24.209916,1898.7212980779286,True,89632.53145826496,34.42481533276928,-35.201678410441694,1877.4346574380033,75.51756345275541,86.93546847640478,21.733867119101195,-10367.468541735041,-6489.707389154138,False
2026-05-13 05:39:24.209916,1881.7452095977033,True,89029.6954333203,36.61291463550002,-35.201678410441694,1906.7640912257473,79.64027627906715,86.93546847640478,21.733867119101195,-10970.304566679697,-6461.50446013664,False
2026-05-13 06:39:24.209916,1888.8486575493648,True,89286.45922045011,35.71217069479167,-35.201678410441694,1915.9786117412766,83.77855203910232,86.93546847640478,21.733867119101195,-10713.54077954989,-6441.441167130971,False
2026-05-13 07:39:24.209916,1915.5701885372807,True,90194.44225864028,32.29483957517874,-32.29483957517874,1962.7433794628269,87.97537196227961,89.16277000268964,22.29069250067241,-9805.55774135972,-6425.9234086751985,True
2026-05-13 08:39:24.209916,1903.4558356553582,True,89794.07146420683,33.81875528651856,-32.29483957517874,1971.3345111468977,91.80128267504696,89.16277000268964,22.29069250067241,-10205.928535793166,-6422.646077833013,False
2026-05-13 09:39:24.209916,1896.5690489887045,True,89558.15298810543,34.71599334206906,-34.71599334206906,1982.9142713401811,95.61335107511604,90.99952412154028,22.74988103038507,-10441.84701189457,-6423.0609974015715,True
2026-05-13 10:39:24.209916,1897.7918454247451,True,89600.48312732467,34.54611827299655,-34.71599334206906,1986.7609703039755,93.62422077712792,90.99952412154028,22.74988103038507,-10399.516872675333,-6421.323882448822,False
2026-05-13 11:39:24.209916,1891.687232743576,True,89387.24124591344,35.323175581004854,-34.71599334206906,2000.5842891305147,91.64148889953076,90.99952412154028,22.74988103038507,-10612.758754086564,-6410.797483715734,False
2026-05-13 12:39:24.209916,1872.9863946257542,True,88704.09973813267,37.759508184465545,-37.759508184465545,2021.7434069102799,89.67835790903173,93.27970887820034,23.319927219550085,-11295.900261867326,-6428.375064063637,True
2026-05-13 13:39:24.209916,1873.8205051917842,True,88735.53553101377,37.63740203732522,-37.759508184465545,2024.766046284974,87.54217037659538,93.27970887820034,23.319927219550085,-11264.464468986233,-6427.548424085044,False
2026-05-13 14:39:24.209916,1861.1137391831369,True,88246.76487773919,39.300663878658355,-37.759508184465545,2040.062365674586,85.4204687754689,93.27970887820034,23.319927219550085,-11753.235122260812,-6423.343224469533,False
2026-05-13 15:39:24.209916,1866.783350008421,True,88467.46264169784,38.56617477599504,-37.759508184465545,2050.8449465216067,83.29230372070577,93.27970887820034,23.319927219550085,-11532.537358302157,-6408.072761078669,False
2026-05-13 16:39:24.209916,1855.8233569688205,True,88037.0139729451,40.01171798620548,-40.01171798620548,2064.3810746797076,81.17663324609154,94.95159030014557,23.737897575036392,-11962.986027054896,-6415.346877044869,True
2026-05-13 17:39:24.209916,1874.3654676636452,True,88756.02560084529,37.56415299970306,-37.56415299970306,2089.7733936287823,78.9123719999279,96.78664281637067,24.19666070409267,-11243.974399154715,-6417.402711077385,True
2026-05-13 18:39:24.209916,1864.9882692264875,True,88398.04454077517,38.810882078358006,-37.56415299970306,2101.1516649700015,79.93649695129577,96.78664281637067,24.19666070409267,-11601.955459224831,-6410.734858052949,False
2026-05-13 19:39:24.209916,1861.1523908755057,True,88248.28391490932,39.300663878658355,-37.56415299970306,2110.053227627391,80.95851549867469,96.78664281637067,24.19666070409267,-11751.71608509068,-6406.480381449498,False
2026-05-13 20:39:24.209916,1870.8945927498585,True,88624.86222562136,38.0282491803901,-37.56415299970306,2130.619622195532,81.98588380196651,96.78664281637067,24.19666070409267,-11375.137774378643,-6374.26586962821,False
2026-05-13 21:39:24.209916,1856.2008180308678,True,88052.10195562005,39.96264666585729,-39.96264666585729,2152.1696076659614,83.00518328168029,98.5674771784336,24.6418692946084,-11947.898044379952,-6374.72369594463,True
2026-05-13 22:39:24.209916,1858.9200336755775,True,88160.23764511904,39.59476812856045,-39.96264666585729,2157.943804038871,84.09115419453279,98.5674771784336,24.6418692946084,-11839.762354880964,-6368.394893177689,False
2026-05-13 23:39:24.209916,1874.5731480641816,True,88763.82405350101,37.53973909523984,-37.53973909523984,2173.7945776564247,85.18626957116729,100.38424416728196,25.09606104182049,-11236.175946498988,-6375.673434069614,True
2026-05-14 00:39:24.209916,1855.3655573200226,True,88018.68872879515,40.06079421368583,-40.06079421368583,2200.9125819058863,86.20444821168121,102.25523570122998,25.563808925307494,-11981.311271204846,-6373.963370119059,True
2026-05-14 01:39:24.209916,1857.5734989462103,True,88106.81116520958,39.766410445971964,-40.06079421368583,2205.802189980975,87.29229767954595,102.25523570122998,25.563808925307494,-11893.188834790417,-6368.31537128421,False
2026-05-14 02:39:24.209916,1860.6814283578021,True,88229.76444700488,39.37417339942409,-40.06079421368583,2219.5700100234885,91.80871063878017,102.25523570122998,25.563808925307494,-11770.235552995116,-6351.5839770756065,False
2026-05-14 03:39:24.209916,1870.0411713848619,True,88592.37208986962,38.150453046644785,-40.06079421368583,2230.5629907386437,96.34784240632743,102.25523570122998,25.563808925307494,-11407.62791013038,-6348.402961028188,False
2026-05-14 04:39:24.209916,1855.2817094899322,True,88015.3305426829,40.085334167753835,-40.06079421368583,2266.6012226126777,100.8511486833003,102.25523570122998,25.563808925307494,-11984.669457317097,-6293.62720438638,False
2026-05-14 05:39:24.209916,1839.6536643062798,True,87372.913623908,42.15107664720455,-42.15107664720455,2299.8830310459234,105.31652116638496,103.79339399653308,25.94834849913327,-12627.086376092004,-6274.147738049611,True
2026-05-14 06:39:24.209916,1845.8299215631419,True,87630.6865881021,41.33850014009961,-42.15107664720455,2311.6619841123834,110.03066056737134,103.79339399653308,25.94834849913327,-12369.313411897907,-6260.217574414915,False
2026-05-14 07:39:24.209916,1849.3580119893013,True,87775.65170740962,40.87126087135576,-42.15107664720455,2323.385195964257,114.75381050063586,103.79339399653308,25.94834849913327,-12224.34829259038,-6247.518903293566,False
2026-05-14 08:39:24.209916,1852.340690507189,True,87896.91590787168,40.47814034208123,-42.15107664720455,2330.215408006415,119.48457801673258,103.79339399653308,25.94834849913327,-12103.084092128323,-6240.41683409471,False
2026-05-14 09:39:24.209916,1856.4698026613441,True,88062.8414272106,39.91358025215034,-39.91358025215034,2338.955407862374,124.22589103871238,105.45493179292579,26.363732948231448,-11937.158572789398,-6237.133447018025,True
2026-05-14 10:39:24.209916,1848.404925687085,True,87736.65343626583,40.99417554384058,-39.91358025215034,2352.2864323552117,124.97619733333364,105.45493179292579,26.363732948231448,-12263.346563734172,-6227.341992839533,False
2026-05-14 11:39:24.209916,1851.169608138649,True,87849.44421588289,40.625523688581026,-39.91358025215034,2360.6467159330873,125.72762587049885,105.45493179292579,26.363732948231448,-12150.55578411711,-6215.787876009638,False
2026-05-14 12:39:24.209916,1854.6613900483703,True,87990.44894734508,40.15896139200543,-39.91358025215034,2370.1633766698665,126.48047179511522,105.45493179292579,26.363732948231448,-12009.551052654919,-6203.88315536272,False
2026-05-14 13:39:24.209916,1846.1980593952733,True,87645.89034513246,41.28929615480244,-39.91358025215034,2381.8850733602594,127.22988227646142,105.45493179292579,26.363732948231448,-12354.109654867541,-6198.168823180731,False
2026-05-14 14:39:24.209916,1868.4232204424693,True,88530.51012327957,38.34604278660646,-39.91358025215034,2404.9005513695947,127.9883144164285,105.45493179292579,26.363732948231448,-11469.489876720429,-6176.8608839585395,False
2026-05-14 15:39:24.209916,1874.1179878379214,True,88746.7265046099,37.61298447068468,-37.61298447068468,2414.301787298985,128.74905818182128,107.17956696764132,26.79489174191033,-11253.273495390094,-6179.936872357519,True
2026-05-14 16:39:24.209916,1859.8705168644854,True,88197.80604152201,39.472203246714635,-37.61298447068468,2431.9485581500335,129.46050311640576,107.17956696764132,26.79489174191033,-11802.19395847799,-6174.6092151894,False
2026-05-14 17:39:24.209916,1867.725697342962,True,88503.73608374954,38.44386699749311,-37.61298447068468,2444.8680720251473,130.17495284530844,107.17956696764132,26.79489174191033,-11496.263916250464,-6150.501990709222,False
2026-05-14 18:39:24.209916,1856.102561105268,True,88048.17534881983,39.96264666585729,-39.96264666585729,2471.927326169842,130.54140588923704,108.92405257491816,27.23101314372954,-11951.82465118017,-6143.636782650363,True
2026-05-14 19:39:24.209916,1865.5021951668268,True,88417.96140832001,38.73745704072992,-39.96264666585729,2485.3856761539305,130.93272276402683,108.92405257491816,27.23101314372954,-11582.038591679986,-6135.635311081733,False
2026-05-14 20:39:24.209916,1879.4201526718125,True,88944.23802661584,36.92978802123316,-36.92978802123316,2507.0022125280298,131.3269591377314,111.20405883768277,27.80101470942069,-11055.761973384157,-6146.396345948719,True
2026-05-14 21:39:24.209916,1869.5690228759831,True,88574.35391538905,38.19934314763114,-36.92978802123316,2523.2734830147742,131.6893663960542,111.20405883768277,27.80101470942069,-11425.646084610955,-6135.846644300817,False
2026-05-14 22:39:24.209916,1881.1616207314428,True,89008.31090263596,36.686020983800425,-36.92978802123316,2547.138580626474,132.05402082554545,111.20405883768277,27.80101470942069,-10991.68909736404,-6105.772086430241,False
2026-05-14 23:39:24.209916,1886.156864231362,True,89189.92697701551,36.05279677825053,-36.92978802123316,2551.6896554084233,132.41964355975256,111.20405883768277,27.80101470942069,-10810.073022984492,-6103.712598100998,False
2026-05-15 00:39:24.209916,1896.1337918004817,True,89543.03796485587,34.76453999708499,-34.76453999708499,2565.0649887436803,132.7872002749588,112.8462988161694,28.21157470404235,-10456.962035144126,-6107.357340414053,True
2026-05-15 01:39:24.209916,1919.3417140821523,True,90315.3025862579,31.81205974751929,-31.81205974751929,2602.0671100575837,133.13744157654915,115.11302621736745,28.778256554341862,-9684.697413742106,-6107.38650805841,True
2026-05-15 02:39:24.209916,1916.3357342289041,True,90219.11952189624,32.19824498533024,-31.81205974751929,2610.651607321588,133.20229750426887,115.11302621736745,28.778256554341862,-9780.880478103762,-6099.293808536972,False
2026-05-15 03:39:24.209916,1907.1093984905167,True,89916.77830074188,33.358656026350175,-31.81205974751929,2623.4440515409324,133.26684117847628,115.11302621736745,28.778256554341862,-10083.221699258123,-6095.269298037529,False
2026-05-15 04:39:24.209916,1896.2762060738798,True,89547.9854921887,34.74026606277416,-34.74026606277416,2633.23242215802,133.33101821716582,117.33410140220468,29.33352535055117,-10452.014507811298,-6112.359738501554,True
2026-05-15 05:39:24.209916,1886.3956402358583,True,89198.52630796234,36.004121310437775,-34.74026606277416,2652.3880519188447,133.40073738789346,117.33410140220468,29.33352535055117,-10801.47369203766,-6099.3400877327385,False
2026-05-15 06:39:24.209916,1885.4742459067427,True,89165.29764214762,36.12581910677193,-34.74026606277416,2654.9198305451937,133.4704225048695,117.33410140220468,29.33352535055117,-10834.70235785238,-6097.957805661926,False
2026-05-15 07:39:24.209916,1889.6130597461988,True,89313.69920393903,35.590576292466096,-34.74026606277416,2660.298022986982,133.54026058799036,117.33410140220468,29.33352535055117,-10686.300796060968,-6087.891707312602,False
2026-05-15 08:39:24.209916,1892.9785515001422,True,89432.74874299091,35.177382620849386,-34.74026606277416,2665.7410133100084,133.61022305609663,117.33410140220468,29.33352535055117,-10567.251257009091,-6080.247294433658,False
2026-05-15 09:39:24.209916,1903.0540620405059,True,89780.47607265008,33.891442500438764,-34.74026606277416,2681.006585668631,133.68055790432535,117.33410140220468,29.33352535055117,-10219.523927349917,-6067.209974458152,False
2026-05-15 10:39:24.209916,1903.2235513767014,True,89786.21422914162,33.867212217728934,-34.74026606277416,2682.6580727405835,134.0435621781678,117.33410140220468,29.33352535055117,-10213.785770858376,-6065.345431255049,False
2026-05-15 11:39:24.209916,1921.0517047895523,True,90369.51074891185,31.594966274252823,-31.594966274252823,2696.6019077954656,134.40996683862215,119.75101481052994,29.937753702632484,-9630.489251088147,-6090.114606500285,True
2026-05-15 12:39:24.209916,1917.8061367580026,True,90266.31018855846,32.005113749832276,-31.594966274252823,2704.878891650781,134.74263512026133,119.75101481052994,29.937753702632484,-9733.689811441538,-6082.161902219114,False
2026-05-15 13:39:24.209916,1951.5531459485637,True,91275.21965517185,27.823564602435752,-27.823564602435752,2776.7717549228723,135.08115725716914,122.69505112943804,30.67376278235951,-8724.780344828148,-6070.936712828044,True
2026-05-15 14:39:24.209916,1959.4075483485412,True,91489.87118145764,26.86742062867169,-27.823564602435752,2792.1295196011633,135.38047078119604,122.69505112943804,30.67376278235951,-8510.128818542362,-6059.16558092924,False
2026-05-15 15:39:24.209916,1948.6814478539745,True,91194.85475368719,28.182611867331044,-27.823564602435752,2803.9469824543694,135.67814581661915,122.69505112943804,30.67376278235951,-8805.145246312808,-6043.628520768263,False
2026-05-15 16:39:24.209916,1935.3604716679092,True,90808.77075027116,29.813674324092002,-29.813674324092002,2823.094250960555,135.97378597760837,124.23568300526826,31.058920751317064,-9191.229249728844,-6041.558363881408,True
2026-05-15 17:39:24.209916,1941.3667755937174,True,90985.56539851258,29.069413929028936,-29.813674324092002,2833.216132136415,136.29155524353126,124.23568300526826,31.058920751317064,-9014.434601487417,-6033.394054333761,False
2026-05-15 18:39:24.209916,1938.5987611625012,True,90904.64653644658,29.42939588465061,-29.813674324092002,2839.9275663533767,138.8531773390352,124.23568300526826,31.058920751317064,-9095.353463553416,-6022.515179310627,False
2026-05-15 19:39:24.209916,1947.5035251078054,True,91161.59688730918,28.326306186410232,-29.813674324092002,2857.2396201086194,141.4265659952811,124.23568300526826,31.058920751317064,-8838.403112690823,-6011.163118234762,False
2026-05-15 20:39:24.209916,1953.431866652024,True,91327.24856012805,27.584349311097583,-27.584349311097583,2865.2476668658187,144.0077882326649,125.97761681387135,31.494404203467838,-8672.75143987195,-6013.8452377633785,True
2026-05-15 21:39:24.209916,1952.5312105196929,True,91302.36034263423,27.70394200655856,-27.584349311097583,2868.31124173144,146.39489780979568,125.97761681387135,31.494404203467838,-8697.63965736577,-6008.438757451043,False
2026-05-15 22:39:24.209916,1941.971769571932,True,91003.12599419006,28.99744992899205,-28.99744992899205,2887.173654509285,148.76909771230527,127.07529741687763,31.768824354219408,-8996.874005809936,-5996.533286335671,True
2026-05-15 23:39:24.209916,1923.2153552423308,True,90437.57456442296,31.329762434264726,-31.329762434264726,2930.5987492397717,151.24081816773926,128.86951310622328,32.21737827655582,-9562.425435577039,-5974.542485158491,True
2026-05-16 00:39:24.209916,1917.7290990949928,True,90263.84574387938,32.0292509299462,-31.329762434264726,2942.316792494987,153.90372509006033,128.86951310622328,32.21737827655582,-9736.154256120615,-5962.0072537749065,False
2026-05-16 01:39:24.209916,1928.2974620067096,True,90595.14136843533,30.70349649307001,-31.329762434264726,2963.4040548107737,156.58130695618266,128.86951310622328,32.21737827655582,-9404.858631564668,-5938.051084380232,False
2026-05-16 02:39:24.209916,1930.9568327272304,True,90676.30618909719,30.36661342245594,-31.329762434264726,2969.0194773953526,153.8410280294744,128.86951310622328,32.21737827655582,-9323.693810902812,-5937.328572959063,False
2026-05-16 03:39:24.209916,1915.6086662923387,True,90195.6848915671,32.29483957517874,-31.329762434264726,3004.714847925026,151.12253014744422,128.86951310622328,32.21737827655582,-9804.3151084329,-5904.118589634795,False
2026-05-16 04:39:24.209916,1917.7474923720922,True,90264.43486676703,32.0292509299462,-31.329762434264726,3010.102791370769,148.40099699298597,128.86951310622328,32.21737827655582,-9735.565133232973,-5899.711117110468,False
2026-05-16 05:39:24.209916,1922.5013845350215,True,90415.18016935542,31.426183318918163,-31.329762434264726,3016.631154793846,145.6727174471568,128.86951310622328,32.21737827655582,-9584.819830644585,-5894.104042747522,False
2026-05-16 06:39:24.209916,1911.6500833765315,True,90066.92100708195,32.802278228554904,-31.329762434264726,3042.665933605705,142.95983730922117,128.86951310622328,32.21737827655582,-9933.078992918046,-5879.072618948904,False
2026-05-16 07:39:24.209916,1913.5458103374579,True,90128.8318859699,32.5605743270365,-31.329762434264726,3048.123331479031,140.24426688812966,128.86951310622328,32.21737827655582,-9871.168114030093,-5873.812587934772,False
2026-05-16 08:39:24.209916,1914.2709155998855,True,90152.39179473327,32.463926598208666,-31.329762434264726,3050.5450093278887,137.52766744834824,128.86951310622328,32.21737827655582,-9847.608205266733,-5873.264976374027,False
2026-05-16 09:39:24.209916,1900.3069026623882,True,89686.95041090144,34.23079369174483,-34.23079369174483,3069.2453437303384,134.83088475937987,131.0746529955948,32.7686632488987,-10313.049589098562,-5887.970025393304,True
2026-05-16 10:39:24.209916,1904.6813857128463,True,89835.42183191868,33.673413562201354,-34.23079369174483,3077.9614026147756,137.98232154157444,131.0746529955948,32.7686632488987,-10164.578168081323,-5877.3731355177015,False
2026-05-16 11:39:24.209916,1911.551890623267,True,90063.70006106935,32.802278228554904,-34.23079369174483,3091.1793617377066,141.1451260843033,131.0746529955948,32.7686632488987,-9936.29993893065,-5867.896978848094,False
2026-05-16 12:39:24.209916,1924.8809942827695,True,90489.57406173222,31.136978504956307,-31.136978504956307,3113.0170839179127,144.32998461877133,133.45674341674385,33.36418585418596,-9510.425938267785,-5876.2438079613,True
2026-05-16 13:39:24.209916,1937.9396331408043,True,90885.23610930302,29.50142467820067,-29.50142467820067,3135.056413311354,147.24664595503523,134.7245852499458,33.68114631248645,-9114.76389069698,-5863.817129378909,True
2026-05-16 14:39:24.209916,1920.9106566047087,True,90365.05353367308,31.61908294750563,-31.61908294750563,3177.8099762520224,149.9858188677323,136.35171818456777,34.08792954614194,-9634.946466326917,-5838.1618166972885,True
2026-05-16 15:39:24.209916,1909.4076313478542,True,89993.09728764385,33.068292134474994,-31.61908294750563,3202.6718097399735,152.90403340742608,136.35171818456777,34.08792954614194,-10006.902712356154,-5818.622904955146,False
2026-05-16 16:39:24.209916,1915.7332549168423,True,90199.7045930198,32.270689116628425,-31.61908294750563,3214.009851256957,155.8319156191081,136.35171818456777,34.08792954614194,-9800.295406980207,-5797.760092173064,False
2026-05-16 17:39:24.209916,1922.0644408300843,True,90401.4425027056,31.47440099293177,-31.61908294750563,3228.1828075001554,158.76947400390378,136.35171818456777,34.08792954614194,-9598.557497294401,-5779.097960406142,False
2026-05-16 18:39:24.209916,1928.4321483221818,True,90599.27249432508,30.679425595706807,-31.61908294750563,3236.038480078832,157.2085727648671,136.35171818456777,34.08792954614194,-9400.72750567492,-5776.314268825103,False
2026-05-16 19:39:24.209916,1976.6655750955902,True,91935.16404494703,24.770622704158157,-24.770622704158157,3313.486899047207,155.60863068341394,141.76656442674206,35.441641106685516,-8064.835955052971,-5896.43952110979,True
2026-05-16 20:39:24.209916,1987.5635986748912,True,92197.87231928838,23.46480107810284,-23.46480107810284,3342.136605542839,154.34831380856653,142.80472583886606,35.701181459716516,-7802.127680711623,-5877.590389216699,True
2026-05-16 21:39:24.209916,2002.0966168782027,True,92526.18086283235,21.73715627230698,-21.73715627230698,3362.2711588840216,153.14570688105994,144.1882905672065,36.04707264180163,-7473.819137167651,-5873.093736374624,True
2026-05-16 22:39:24.209916,2014.3899166698893,True,92784.42579480533,20.2983360034391,-20.2983360034391,3376.492593224201,152.02480380997017,145.34762858380958,36.336907145952395,-7215.574205194673,-5870.418824327524,True
2026-05-16 23:39:24.209916,2022.83076691457,True,92951.50077956656,19.310220617731655,-20.2983360034391,3387.2471628834082,150.97370926931157,145.34762858380958,36.336907145952395,-7048.499220433441,-5864.975578868982,False
2026-05-17 00:39:24.209916,2018.7581406532163,True,92871.92508802272,19.78049297893323,-20.2983360034391,3392.4423752081484,149.92473092902895,145.34762858380958,36.336907145952395,-7128.074911977281,-5857.737500158978,False
2026-05-17 01:39:24.209916,2028.6158275932476,True,93061.22585451386,18.65262883001745,-18.65262883001745,3404.2552167152785,148.8706303802573,146.68303163164435,36.67075790791109,-6938.774145486139,-5859.4418882447435,True
2026-05-17 02:39:24.209916,2018.6018750047783,True,92868.83364486453,19.804018943288632,-19.804018943288632,3417.8190774440363,148.99615131459873,147.61271092824882,36.903177732062204,-7131.166355135472,-5852.520274597621,True
2026-05-17 03:39:24.209916,2015.5511615010485,True,92807.90363632151,20.15704959381684,-19.804018943288632,3421.649879322852,149.12921899987228,147.61271092824882,36.903177732062204,-7192.096363678487,-5849.070025558134,False
2026-05-17 04:39:24.209916,2009.3010389286787,True,92679.67609985478,20.8874858043826,-20.8874858043826,3431.8586077232826,149.26187404896012,148.4835153641052,37.1208788410263,-7320.323900145217,-5844.2671382990775,True
2026-05-17 05:39:24.209916,2010.367398145624,True,92701.87785051507,20.7695969247969,-20.8874858043826,3436.023657701281,149.4018608351925,148.4835153641052,37.1208788410263,-7298.122149484931,-5840.0339138808795,False
2026-05-17 06:39:24.209916,2040.4320327355276,True,93273.32762881742,17.293399387218678,-17.293399387218678,3468.0065665452657,149.54394109527416,151.41691098570556,37.85422774642639,-6726.672371182576,-5868.10051921202,True
2026-05-17 07:39:24.209916,2016.164551055112,True,92820.2417493281,20.086422281342845,-20.086422281342845,3521.9307360672215,149.66017472199093,153.66938848547295,38.41734712136824,-7179.7582506719045,-5850.294339605941,True
2026-05-17 08:39:24.209916,2025.0654520021926,True,92994.3454213847,19.051771192505274,-19.051771192505274,3537.8814538700117,149.79577703456133,154.50748295542553,38.62687073885638,-7005.6545786153,-5839.939220628886,True
2026-05-17 09:39:24.209916,2004.248627363788,True,92572.67074742468,21.477372466176856,-21.477372466176856,3578.42337305538,149.92307234211987,156.4520861647408,39.1130215411852,-7427.32925257532,-5826.778054142231,True
2026-05-17 10:39:24.209916,1998.2056019530314,True,92440.73650528275,22.209856661575426,-21.477372466176856,3586.5728863111503,149.8916958529894,156.4520861647408,39.1130215411852,-7559.263494717248,-5820.805851948127,False
2026-05-17 11:39:24.209916,2012.2150326469748,True,92740.02984110943,20.557471193591937,-21.477372466176856,3613.3026896568963,149.86009938311744,156.4520861647408,39.1130215411852,-7259.970158890574,-5795.700070298492,False
2026-05-17 12:39:24.209916,2013.055874985795,True,92757.26050964484,20.463223725345685,-21.477372466176856,3615.372059340644,149.82848971005936,156.4520861647408,39.1130215411852,-7242.739490355161,-5794.4907258485655,False
2026-05-17 13:39:24.209916,1999.2070205086118,True,92462.89849445199,22.091637247120556,-21.477372466176856,3642.094971599789,149.79709749632156,156.4520861647408,39.1130215411852,-7537.101505548009,-5764.724215159658,False
2026-05-17 14:39:24.209916,1990.0719393797124,True,92256.32802180928,23.15667665272196,-23.15667665272196,3657.0025024582437,149.7658487246667,157.7888606204713,39.447215155117824,-7743.671978190716,-5761.891833871114,True
2026-05-17 15:39:24.209916,1998.7722774884314,True,92453.29132461859,22.138921466526938,-23.15667665272196,3673.020958322239,149.73200933088123,157.7888606204713,39.447215155117824,-7546.708675381407,-5750.414830944556,False
2026-05-17 16:39:24.209916,1989.4470676237102,True,92241.83766462846,23.25146283848817,-23.15667665272196,3683.1556341597966,149.69832781373447,157.7888606204713,39.447215155117824,-7758.16233537154,-5735.826627058154,False
2026-05-17 17:39:24.209916,1992.220973564337,True,92305.81643411808,22.91979410548875,-23.15667665272196,3687.3734932954503,149.66459933411156,157.7888606204713,39.447215155117824,-7694.183565881918,-5731.898169844663,False
2026-05-17 18:39:24.209916,1992.8144468487574,True,92319.38572838732,22.848752433133406,-23.15667665272196,3690.4193509757056,150.80506753348928,157.7888606204713,39.447215155117824,-7680.614271612678,-5727.88541864514,False
2026-05-17 19:39:24.209916,1984.5188425444137,True,92125.90608215221,23.82057820771147,-23.15667665272196,3700.238767271647,151.94078823973302,157.7888606204713,39.447215155117824,-7874.093917847786,-5718.311301363448,False
2026-05-17 20:39:24.209916,2011.9938190515204,True,92735.48280828001,20.58103600588694,-20.58103600588694,3745.0830282359875,153.09223260606691,159.86172984508326,39.965432461270815,-7264.517191719991,-5701.5591034519475,True
2026-05-17 21:39:24.209916,2020.1983387352782,True,92900.28604609279,19.615844159032722,-20.58103600588694,3753.5596878466404,154.1197787355035,159.86172984508326,39.965432461270815,-7099.713953907209,-5696.109174921502,False
2026-05-17 22:39:24.209916,1994.152219305747,True,92349.8186224558,22.68302996400505,-22.68302996400505,3801.1902236683604,155.1340768641406,161.53840821170266,40.384602052925665,-7650.181377544199,-5663.971490773597,True
2026-05-17 23:39:24.209916,1996.5486213415184,True,92403.80494372977,22.399069206483468,-22.68302996400505,3804.641596731747,156.2533112464255,161.53840821170266,40.384602052925665,-7596.195056270226,-5659.772221237158,False
2026-05-18 00:39:24.209916,1988.107646493679,True,92210.61450214378,23.393677664919352,-22.68302996400505,3820.253497261853,157.36781374832006,161.53840821170266,40.384602052925665,-7789.385497856216,-5644.7693743921955,False
2026-05-18 01:39:24.209916,1999.0130391266273,True,92458.61496505249,22.115278765800525,-22.68302996400505,3840.2486616287288,158.4884296452287,161.53840821170266,40.384602052925665,-7541.385034947511,-5623.020479082111,False
2026-05-18 02:39:24.209916,1988.894082018083,True,92228.97181268167,23.29886304045368,-22.68302996400505,3852.825624542569,157.1371207799822,161.53840821170266,40.384602052925665,-7771.028187318327,-5611.909370106742,False
2026-05-18 03:39:24.209916,1987.443071828679,True,92195.04577943472,23.488511253258018,-22.68302996400505,3857.252575812727,155.78679777061924,161.53840821170266,40.384602052925665,-7804.954220565283,-5609.845467488575,False
2026-05-18 04:39:24.209916,1993.898778288903,True,92344.06873017378,22.70670105158172,-22.68302996400505,3868.641683218928,154.4320885782765,161.53840821170266,40.384602052925665,-7655.931269826222,-5597.223101611738,False
2026-05-18 05:39:24.209916,2005.0071598253933,True,92588.9289393215,21.406547130025142,-21.406547130025142,3882.9383441330942,153.06983204865497,162.56215110031224,40.64053777507806,-7411.0710606785,-5592.679917934038,True
2026-05-18 06:39:24.209916,1989.6499329541984,True,92246.54780226496,23.22776451486488,-23.22776451486488,3899.630565438591,151.7940831651066,164.0115851193688,41.0028962798422,-7753.452197735038,-5592.7111742877305,True
2026-05-18 07:39:24.209916,1985.3993181780372,True,92146.83148122097,23.72567821594251,-23.22776451486488,3903.814309254854,150.4127539830873,164.0115851193688,41.0028962798422,-7853.168518779028,-5590.8928016333975,False
2026-05-18 08:39:24.209916,1979.3748874990217,True,92001.80411278343,24.437890984489922,-24.437890984489922,3914.897912282074,149.03561626110616,164.96970269723826,41.242425674309565,-7998.195887216571,-5587.4772945897375,True
2026-05-18 09:39:24.209916,1971.1133824568285,True,91795.83684235571,25.436785252898197,-24.437890984489922,3923.078185919929,147.59277938474563,164.96970269723826,41.242425674309565,-8204.163157644289,-5584.813368667028,False
2026-05-18 10:39:24.209916,1993.5598183357856,True,92336.36801411939,22.754046777368515,-22.754046777368515,3956.4658660698683,148.64287115148994,166.31244035790016,41.57811008947504,-7663.631985880609,-5560.066400062794,True
2026-05-18 11:39:24.209916,1998.753588816118,True,92452.87757756992,22.138921466526938,-22.754046777368515,3964.5920873486507,149.62315571041555,166.31244035790016,41.57811008947504,-7547.122422430082,-5552.629627234958,False
2026-05-18 12:39:24.209916,1982.6740346802853,True,92081.76465807648,24.057911237083154,-24.057911237083154,3993.578429978347,150.59555408531028,167.34649564150763,41.83662391037691,-7918.235341923515,-5529.201447862339,True
2026-05-18 13:39:24.209916,1994.3859664326953,True,92355.11498553996,22.65936005989404,-22.65936005989404,4009.7550494453344,151.6297465914741,168.46219597795718,42.115548994489295,-7644.885014460044,-5521.799548360531,True
2026-05-18 14:39:24.209916,2021.715149841484,True,92929.89583286586,19.451252953255448,-19.451252953255448,4044.765485768113,152.61716646686497,171.05654747387933,42.76413686846983,-7070.104167134137,-5533.525591208983,True
2026-05-18 15:39:24.209916,2035.152333160302,True,93180.54180225535,17.878790856837497,-17.878790856837497,4069.3065050926757,153.4704213109893,172.33662743561177,43.084156858902944,-6819.4581977446505,-5520.455499316572,True
2026-05-18 16:39:24.209916,2015.4375046412633,True,92805.61369316815,20.18059438553228,-20.18059438553228,4100.418908268875,154.247100625778,174.1922838996306,43.54807097490765,-7194.386306831846,-5513.336800622493,True
2026-05-18 17:39:24.209916,2009.2022823323266,True,92677.6144274919,20.911067116995586,-20.18059438553228,4111.5692487131055,155.12106126784792,174.1922838996306,43.54807097490765,-7322.385572508094,-5503.481272892167,False
2026-05-18 18:39:24.209916,2025.5983672263503,True,93004.47683691105,18.9813096510699,-18.9813096510699,4138.943064988275,157.59857109529722,175.1639915796172,43.7909978949043,-6995.523163088947,-5478.864910727431,True
2026-05-18 19:39:24.209916,2016.4413772473958,True,92825.79650213878,20.06288219787946,-20.06288219787946,4147.791361392509,159.91831407313413,176.03636263396987,44.00909065849247,-7174.203497861221,-5473.656007673298,True
2026-05-18 20:39:24.209916,2022.198171285281,True,92939.2668234212,19.380731497045414,-20.06288219787946,4159.674689727288,162.37723821294142,176.03636263396987,44.00909065849247,-7060.733176578797,-5461.341314535832,False
2026-05-18 21:39:24.209916,2032.2767292632745,True,93128.65978522782,18.230377116940485,-18.230377116940485,4177.965711989401,164.8484175361716,177.52602560686947,44.38150640171737,-6871.340214772179,-5455.253151296977,True
2026-05-18 22:39:24.209916,2020.247899276762,True,92901.25821795098,19.615844159032722,-19.615844159032722,4191.114161647227,167.08059341394787,178.64562035939107,44.66140508984777,-7098.741782049023,-5449.383479549185,True
2026-05-18 23:39:24.209916,2019.4886591984061,True,92886.34231110258,19.709922142891898,-19.615844159032722,4193.677289834654,169.48150692325314,178.64562035939107,44.66140508984777,-7113.657688897423,-5444.442209644533,False
2026-05-19 00:39:24.209916,1977.9709665778882,True,91967.3821583282,24.604227731754463,-24.604227731754463,4251.068630731853,171.8330612105426,182.59237151019013,45.64809287754753,-8032.617841671803,-5494.188317886222,True
2026-05-19 01:39:24.209916,1958.599536575183,True,91468.13653690292,26.962949000340505,-26.962949000340505,4278.37298321953,174.75373786728625,184.44028766361518,46.110071915903795,-8531.863463097077,-5488.899730082552,True
2026-05-19 02:39:24.209916,1955.4420651043856,True,91382.44129017499,27.34525359153118,-26.962949000340505,4285.130936333251,173.48416654118475,184.44028766361518,46.110071915903795,-8617.55870982501,-5483.971852785726,False
2026-05-19 03:39:24.209916,1939.873854461665,True,90942.03921987768,29.261370708444904,-29.261370708444904,4321.105506830346,172.22470288034393,186.22374693484673,46.55593673371168,-9057.960780122317,-5472.123270749583,True
2026-05-19 04:39:24.209916,1960.2919253155233,True,91513.56712809355,26.748037026962905,-26.748037026962905,4362.791285853919,170.84349140263626,188.19449402341982,47.048623505854955,-8486.43287190645,-5460.214969254611,True
2026-05-19 05:39:24.209916,1942.4130418304171,True,91015.906402105,28.949479925317817,-28.949479925317817,4380.725571497314,169.59243104587304,189.90493858206364,47.47623464551591,-8984.093597895,-5465.1054881944565,True
2026-05-19 06:39:24.209916,1936.9523638153273,True,90856.06362604626,29.621496678449148,-28.949479925317817,4392.021802697597,168.24221126055352,189.90493858206364,47.47623464551591,-9143.936373953737,-5456.918464261763,False
2026-05-19 07:39:24.209916,1938.587520474854,True,90904.31572979981,29.42939588465061,-28.949479925317817,4398.021277894698,166.8908516326054,189.90493858206364,47.47623464551591,-9095.684270200189,-5451.355179828782,False
2026-05-19 08:39:24.209916,1956.5931479120572,True,91413.82284954551,27.20185352937713,-27.20185352937713,4428.130482006468,165.5269405579274,191.27269611462674,47.818174028656685,-8586.177150454489,-5436.066013997763,True
2026-05-19 09:39:24.209916,1938.676899575609,True,90906.94193804517,29.405388687540356,-29.405388687540356,4465.148622809341,164.2571014600975,192.98147319804022,48.245368299510055,-9093.058061954827,-5421.979432103316,True
2026-05-19 10:39:24.209916,1953.1979899127975,True,91320.7949876698,27.608265458515284,-27.608265458515284,4505.338180181519,165.10383911148685,194.38552818946317,48.59638204736579,-8679.205012330203,-5395.843461726317,True
2026-05-19 11:39:24.209916,1953.3372733291783,True,91324.6403612032,27.608265458515284,-27.608265458515284,4507.964545924082,165.8988847108818,194.38552818946317,48.59638204736579,-8675.3596387968,-5392.422050384365,False
2026-05-19 12:39:24.209916,1941.0964093266293,True,90977.7047798424,29.117395926103548,-29.117395926103548,4528.20995185589,166.68894804469932,195.55727528219958,48.889318820549896,-9022.295220157597,-5381.8378235215005,True
2026-05-19 13:39:24.209916,1946.8662813573449,True,91143.53283673034,28.398169512369034,-29.117395926103548,4541.601742733308,167.52467485367396,195.55727528219958,48.889318820549896,-8856.467163269655,-5369.78589730846,False
2026-05-19 14:39:24.209916,1949.3633772712585,True,91214.02908861468,28.086839599673702,-29.117395926103548,4547.048002066278,168.3614735852659,195.55727528219958,48.889318820549896,-8785.970911385317,-5365.715517750437,False
2026-05-19 15:39:24.209916,1941.8882004682278,True,91000.70478256902,29.021436729674335,-29.117395926103548,4559.293218175157,169.19506346491156,195.55727528219958,48.889318820549896,-8999.295217430976,-5348.303335216101,False
2026-05-19 16:39:24.209916,1942.7684277944275,True,91026.18086551316,28.90151471816437,-29.117395926103548,4561.963771763545,170.02903119771617,195.55727528219958,48.889318820549896,-8973.81913448684,-5344.952658512703,False
2026-05-19 17:39:24.209916,1937.986590021952,True,90886.62140419532,29.50142467820067,-29.117395926103548,4575.425216575897,170.86094624202292,195.55727528219958,48.889318820549896,-9113.37859580468,-5330.98409629832,False
2026-05-19 18:39:24.209916,1939.408475171625,True,90928.41383827363,29.30937190119744,-29.117395926103548,4578.341171783504,170.49108946770943,195.55727528219958,48.889318820549896,-9071.586161726373,-5328.047156651196,False
2026-05-19 19:39:24.209916,1947.669217526609,True,91166.28486639066,28.302354139648592,-29.117395926103548,4599.3478961602705,170.11965732051294,195.55727528219958,48.889318820549896,-8833.715133609337,-5310.072142098192,False
2026-05-19 20:39:24.209916,1967.5840584868374,True,91705.3372107074,25.865525328209852,-25.865525328209852,4633.419284210131,169.7444272942555,198.11660678167067,49.52915169541767,-8294.662789292604,-5320.391113176555,True
2026-05-19 21:39:24.209916,1952.043909105304,True,91288.85186834812,27.751787456440898,-27.751787456440898,4648.693748067922,169.41373609093597,199.58943338102642,49.897358345256606,-8711.148131651877,-5321.819588698329,True
2026-05-19 22:39:24.209916,1978.9308616027342,True,91990.94480717015,24.509171033587112,-24.509171033587112,4692.058905954052,169.05404197057982,202.1561988656365,50.539049716409124,-8009.055192829852,-5326.0906340264,True
2026-05-19 23:39:24.209916,1954.331846976424,True,91352.02112625976,27.488696678006107,-27.488696678006107,4711.050904107457,168.74032451186142,204.4853916079449,51.121347901986226,-8647.978873740241,-5346.346068436038,True
2026-05-20 00:39:24.209916,1952.4422832139867,True,91299.89670571414,27.70394200655856,-27.488696678006107,4716.313016495277,168.38880931107954,204.4853916079449,51.121347901986226,-8700.103294285858,-5341.618246675226,False
2026-05-20 01:39:24.209916,1959.8309516932134,True,91501.22892045858,26.819663606629305,-27.488696678006107,4731.93936672891,168.03596386391533,204.4853916079449,51.121347901986226,-8498.771079541417,-5328.117393824124,False
2026-05-20 02:39:24.209916,1963.3756392442613,True,91595.45354342944,26.390065236071933,-27.488696678006107,4737.497443540649,169.15030533763522,204.4853916079449,51.121347901986226,-8404.546456570562,-5324.6591934768685,False
2026-05-20 03:39:24.209916,1955.564859164878,True,91385.79616734697,27.321350593720677,-27.488696678006107,4750.519854116276,170.2602136932036,204.4853916079449,51.121347901986226,-8614.203832653031,-5305.4760862073645,False
2026-05-20 04:39:24.209916,1952.9686507001245,True,91314.46190311316,27.656101340742833,-27.488696678006107,4760.119216752821,171.3686485341226,204.4853916079449,51.121347901986226,-8685.538096886841,-5294.73616596323,False
2026-05-20 05:39:24.209916,1946.81727426718,True,91142.14112507654,28.398169512369034,-27.488696678006107,4768.96389596773,172.47359207478164,204.4853916079449,51.121347901986226,-8857.858874923462,-5288.014000326834,False
2026-05-20 06:39:24.209916,1939.486783795586,True,90930.70901485637,29.30937190119744,-29.30937190119744,4777.675470322038,173.57437509241495,205.89786182113036,51.47446545528259,-9069.290985143627,-5289.893711866879,True
2026-05-20 07:39:24.209916,1950.0900814128859,True,91234.40077533366,27.99108648359726,-29.30937190119744,4803.448431465311,174.754483575356,205.89786182113036,51.47446545528259,-8765.599224666337,-5270.024875007897,False
2026-05-20 08:39:24.209916,1954.5694931336964,True,91358.54397778891,27.440877534571015,-27.440877534571015,4817.791781519498,175.93730280064722,207.35870265597043,51.83967566399261,-8641.456022211089,-5263.470298340536,True
2026-05-20 09:39:24.209916,1945.9177122507417,True,91116.55269914895,28.517965678139703,-27.440877534571015,4831.576230245609,177.03981451837655,207.35870265597043,51.83967566399261,-8883.447300851054,-5253.162156871562,False
2026-05-20 10:39:24.209916,1957.1833765047904,True,91429.85142108184,27.130169628387414,-27.440877534571015,4855.135773747936,177.60259197220142,207.35870265597043,51.83967566399261,-8570.14857891816,-5224.880827123461,False
2026-05-20 11:39:24.209916,1961.0539754931865,True,91533.90995844195,26.652551631242144,-27.440877534571015,4865.748160877621,178.16648239575088,207.35870265597043,51.83967566399261,-8466.090041558055,-5215.858645036132,False
2026-05-20 12:39:24.209916,1971.31083350103,True,91800.85545239305,25.412977671348497,-25.412977671348497,4878.4616190633915,178.73332212313318,208.95775104382076,52.23943776095519,-8199.14454760695,-5219.088848139404,True
2026-05-20 13:39:24.209916,1979.2950192451042,True,91999.85350149282,24.461649812924122,-25.412977671348497,4889.440905481872,179.26039814927339,208.95775104382076,52.23943776095519,-8000.14649850718,-5211.4863706330725,False
2026-05-20 14:39:24.209916,1968.8154676032786,True,91737.08509488878,25.722569095765817,-25.412977671348497,4912.782887064626,179.78468352501463,208.95775104382076,52.23943776095519,-8262.914905111218,-5184.071898399158,False
2026-05-20 15:39:24.209916,1961.7691297090332,True,91552.93819584168,26.580950115239045,-25.412977671348497,4931.784340749664,180.3070924974203,208.95775104382076,52.23943776095519,-8447.061804158322,-5169.626507217584,False
2026-05-20 16:39:24.209916,1971.200991183552,True,91798.06532672365,25.436785252898197,-25.412977671348497,4949.242523922028,180.83201312575235,208.95775104382076,52.23943776095519,-8201.934673276352,-5146.207957586117,False
2026-05-20 17:39:24.209916,1978.9403986085624,True,91991.17855127715,24.509171033587112,-25.412977671348497,4958.739194740064,181.35899471825124,208.95775104382076,52.23943776095519,-8008.821448722854,-5139.752468703341,False
2026-05-20 18:39:24.209916,1978.6865481934733,True,91984.95773653458,24.532933425934697,-25.412977671348497,4962.526104598413,181.05541961069832,208.95775104382076,52.23943776095519,-8015.042263465424,-5136.038853764591,False
2026-05-20 19:39:24.209916,1980.186659368077,True,92021.59959972836,24.342867548682612,-25.412977671348497,4965.761168894765,180.7516143522852,208.95775104382076,52.23943776095519,-7978.400400271639,-5134.588023317612,False
2026-05-20 20:39:24.209916,1996.4835913621594,True,92402.34833272161,22.399069206483468,-22.399069206483468,4987.434806311936,180.44530877724162,211.364638562209,52.84115964055225,-7597.651667278391,-5149.634136757323,True
2026-05-20 21:39:24.209916,1988.9379533312924,True,92229.99396439953,23.29886304045368,-22.399069206483468,5000.740953617776,180.17635056576916,211.364638562209,52.84115964055225,-7770.006035600469,-5139.93604752457,False
2026-05-20 22:39:24.209916,1995.9372487581895,True,92390.09645287384,22.470043424668518,-22.399069206483468,5018.697712497894,179.9064458602261,211.364638562209,52.84115964055225,-7609.9035471261595,-5118.924407539378,False
2026-05-20 23:39:24.209916,1993.3632128292468,True,92331.89484058574,22.777721415697087,-22.399069206483468,5025.465359850843,179.63688923396757,211.364638562209,52.84115964055225,-7668.105159414263,-5112.971920188427,False
2026-05-21 00:39:24.209916,1990.5948384651888,True,92268.42072652199,23.10929066797345,-22.399069206483468,5031.702664079299,179.36770696680674,211.364638562209,52.84115964055225,-7731.579273478012,-5108.4689033208915,False
2026-05-21 01:39:24.209916,2004.6771852340162,True,92581.8638309294,21.430154395055624,-22.399069206483468,5055.668581423269,179.09662038543945,211.364638562209,52.84115964055225,-7418.136169070596,-5086.762428015537,False
2026-05-21 02:39:24.209916,2015.3243920400255,True,92803.33101364267,20.18059438553228,-20.18059438553228,5071.983932973833,180.09861512426085,213.15301713012482,53.288254282531206,-7196.6689863573265,-5088.700894326325,True
2026-05-21 03:39:24.209916,2025.8735087684734,True,93009.69524819504,18.95782481909426,-18.95782481909426,5090.778289507431,181.00609454932393,214.14388771891487,53.53597192972872,-6990.304751804957,-5076.7608578737245,True
2026-05-21 04:39:24.209916,2042.9106702565018,True,93315.78058657823,16.989284869083743,-16.989284869083743,5102.225490636421,181.86575785778064,215.75250822639595,53.93812705659899,-6684.219413421772,-5083.366953592109,True
2026-05-21 05:39:24.209916,2043.1974234139605,True,93320.64742868872,16.965899630877676,-16.989284869083743,5104.164191177437,182.63626370527072,215.75250822639595,53.93812705659899,-6679.352571311276,-5080.662636172279,False
2026-05-21 06:39:24.209916,2052.161003421014,True,93468.02460906238,15.938105803260816,-15.938105803260816,5118.795678129056,183.41014978940888,216.61538370099368,54.15384592524842,-6531.975390937616,-5071.243491292762,True
2026-05-21 07:39:24.209916,2048.0950049901553,True,93402.30821629812,16.405004531791505,-15.938105803260816,5123.834526020903,184.1347147235072,216.61538370099368,54.15384592524842,-6597.691783701885,-5066.392158044167,False
2026-05-21 08:39:24.209916,2052.367297794878,True,93471.30869525956,15.91477312006645,-15.938105803260816,5132.132125695759,184.86079108825052,216.61538370099368,54.15384592524842,-6528.691304740438,-5056.460257787304,False
2026-05-21 09:39:24.209916,2050.667434611303,True,93444.10331891583,16.10146725382772,-15.938105803260816,5135.880529749808,185.58626608379342,216.61538370099368,54.15384592524842,-6555.896681084167,-5052.099155810554,False
2026-05-21 10:39:24.209916,2051.954654480645,True,93464.73481291278,15.961439653060141,-15.938105803260816,5141.705664578001,187.38855599901015,216.61538370099368,54.15384592524842,-6535.265187087221,-5044.356083539827,False
2026-05-21 11:39:24.209916,2059.8102250575466,True,93586.56529841096,15.075572992174903,-15.075572992174903,5161.1036717321,189.19774568445237,217.32604526248264,54.33151131562066,-6413.434701589038,-5027.409643153606,True
2026-05-21 12:39:24.209916,2049.045901261041,True,93417.84528517904,16.288236076444928,-16.288236076444928,5174.97151368832,190.90008332873145,218.31996619145627,54.57999154786407,-6582.154714820965,-5019.523528840624,True
2026-05-21 13:39:24.209916,2076.727738790758,True,93825.29193010397,13.169690880493373,-13.169690880493373,5211.414452034779,192.76420307513231,220.91051391669836,55.22762847917459,-6174.708069896034,-5027.896315193211,True
2026-05-21 14:39:24.209916,2063.38941434217,True,93639.75897344432,14.679808793329082,-14.679808793329082,5230.205450738616,194.2617380267516,222.15689844299985,55.53922461074996,-6360.241026555683,-5019.037109003651,True
2026-05-21 15:39:24.209916,2047.4026676037456,True,93390.9301148337,16.47507961779799,-16.47507961779799,5250.143817095512,195.91805652247115,223.62715535303536,55.90678883825884,-6609.069885166304,-5013.4267185517565,True
2026-05-21 16:39:24.209916,2062.671321218525,True,93629.20148430193,14.749625093505376,-14.749625093505376,5273.350219034996,197.7907976157658,225.0507735783654,56.26269339459135,-6370.798515698072,-5003.408012792478,True
2026-05-21 17:39:24.209916,2073.1778997219976,True,93777.86240733607,13.564170997658993,-13.564170997658993,5285.710003495677,199.47594441568035,226.03383647142286,56.508459117855715,-6222.13759266393,-4996.899081055763,True
2026-05-21 18:39:24.209916,2081.5011545560155,True,93886.85131409657,12.636515888324631,-12.636515888324631,5294.6886376321945,199.62353412531837,226.80620254386656,56.70155063596664,-6113.148685903434,-4992.647459865375,True
2026-05-21 19:39:24.209916,2089.9144384902365,True,93989.18318617875,11.710714142561045,-11.710714142561045,5309.970356628662,199.761585908358,227.58014111812687,56.89503527953172,-6010.8168138212495,-4982.177836329281,True
2026-05-21 20:39:24.209916,2089.7622951368344,True,93987.4033070842,11.733836628061393,-11.710714142561045,5312.308697188059,199.88951415135938,227.58014111812687,56.89503527953172,-6012.596692915802,-4979.709739301052,False
2026-05-21 21:39:24.209916,2077.7884588852894,True,93839.1911107378,13.053731112035825,-13.053731112035825,5325.916789104577,200.01670939624074,228.6963431818316,57.1740857954579,-6160.808889262204,-4975.359727534005,True
2026-05-21 22:39:24.209916,2078.8102776998567,True,93852.46146977799,12.937800328447876,-13.053731112035825,5329.935165488595,200.1585614683168,228.6963431818316,57.1740857954579,-6147.538530222009,-4971.267688088297,False
2026-05-21 23:39:24.209916,2069.8174974558833,True,93731.66617216785,13.95898654869185,-13.95898654869185,5341.101188333752,200.29979989877054,229.44582859881467,57.36145714970367,-6268.333827832146,-4964.3032459396,True
2026-05-22 00:39:24.209916,2082.80856737904,True,93903.26982801518,12.497527565104294,-12.497527565104294,5361.283597066089,200.4517809381575,230.66340431557038,57.665851078892594,-6096.730171984818,-4955.229340276954,True
2026-05-22 01:39:24.209916,2080.857849393109,True,93878.70301823191,12.70602568690299,-12.497527565104294,5366.75732618989,200.58772263373572,230.66340431557038,57.665851078892594,-6121.296981768086,-4949.807327439922,False
2026-05-22 02:39:24.209916,2069.886977201646,True,93732.63214202253,13.935752814039217,-13.935752814039217,5382.670248604832,201.31188323959987,231.85418980079157,57.96354745019789,-6267.367857977471,-4943.620824858979,True
2026-05-22 03:39:24.209916,2065.638613693638,True,93672.44580985562,14.423905267126857,-13.935752814039217,5391.049031613077,202.1177234567402,231.85418980079157,57.96354745019789,-6327.554190144379,-4935.41839008872,False
2026-05-22 04:39:24.209916,2071.1257166572445,True,93749.79985632723,13.796374797682383,-13.935752814039217,5398.699710039756,202.925704284641,231.85418980079157,57.96354745019789,-6250.200143672773,-4926.072594928535,False
2026-05-22 05:39:24.209916,2063.666334199028,True,93643.81247877522,14.633270410606304,-14.633270410606304,5409.563460160486,203.73077508252007,232.42996723341034,58.107491808352584,-6356.187521224783,-4917.158763269623,True
2026-05-22 06:39:24.209916,2052.8292224137613,True,93478.64522065669,15.868111253259487,-15.868111253259487,5424.621426270533,204.57170224277746,233.44393418014172,58.36098354503543,-6521.35477934331,-4909.112199577482,True
2026-05-22 07:39:24.209916,2056.0503591328093,True,93529.12707406517,15.494984245545044,-15.868111253259487,5429.409807537607,205.48502261404298,233.44393418014172,58.36098354503543,-6470.872925934833,-4904.042000350478,False
2026-05-22 08:39:24.209916,2059.293439373336,True,93578.76722210708,15.145448658465144,-15.868111253259487,5435.111936621218,206.3997835975173,233.44393418014172,58.36098354503543,-6421.2327778929175,-4899.2465203014,False
2026-05-22 09:39:24.209916,2052.6236976243704,True,93475.38419110839,15.891441603418786,-15.868111253259487,5441.732816800151,207.31158180773886,233.44393418014172,58.36098354503543,-6524.615808891613,-4889.260668807848,False
2026-05-22 10:39:24.209916,2046.446538719969,True,93375.12793575018,16.591894787533317,-15.868111253259487,5450.286794719371,206.58639509892367,233.44393418014172,58.36098354503543,-6624.872064249823,-4883.668288231552,False
2026-05-22 11:39:24.209916,2049.5047573839242,True,93425.30634922217,16.241536867076487,-15.868111253259487,5455.6008073317425,205.86012466791698,233.44393418014172,58.36098354503543,-6574.69365077783,-4877.430286574628,False
2026-05-22 12:39:24.209916,2030.5786250512683,True,93097.57196253317,18.417997631246017,-18.417997631246017,5480.508855806379,205.1405609743487,235.51503209032126,58.878758022580314,-6902.428037466831,-4883.2430874217935,True
2026-05-22 13:39:24.209916,2012.3512190116414,True,92742.82524841002,20.533907559449258,-20.533907559449258,5504.87002722494,204.31286586446888,237.2182136596567,59.304553414914174,-7257.174751589977,-4880.872980936319,True
2026-05-22 14:39:24.209916,2003.115749095083,True,92548.26548711654,21.61905501227181,-21.61905501227181,5518.822185325596,203.39431789066936,238.0876840407924,59.5219210101981,-7451.734512883457,-4873.845684544674,True
2026-05-22 15:39:24.209916,2000.3881259340988,True,92488.88424329372,21.94981295470532,-21.61905501227181,5525.096506565106,202.42854464535267,238.0876840407924,59.5219210101981,-7511.115756706276,-4868.949745203237,False
2026-05-22 16:39:24.209916,2004.39052878348,True,92575.71841706889,21.477372466176856,-21.61905501227181,5534.403206466124,201.4608390682356,238.0876840407924,59.5219210101981,-7424.281582931115,-4860.304744486221,False
2026-05-22 17:39:24.209916,2023.4493952359464,True,92963.41958895797,19.239720313727904,-19.239720313727904,5556.952840224623,200.48393200513325,240.01346938352543,60.00336734588136,-7036.580411042029,-4865.47275988757,True
2026-05-22 18:39:24.209916,2034.616814438948,True,93170.95216839998,17.949087016319314,-17.949087016319314,5568.56796524241,199.939383078338,241.06384706679836,60.26596176669959,-6829.047831600023,-4863.040598550569,True
2026-05-22 19:39:24.209916,2032.5433857014507,True,93133.50921203967,18.183483712887515,-17.949087016319314,5571.8624420522965,199.43188113409695,241.06384706679836,60.26596176669959,-6866.490787960327,-4860.48042721375,False
2026-05-22 20:39:24.209916,2032.3072225859282,True,93129.21293452052,18.20692982877578,-17.949087016319314,5573.63679593088,198.9244381569811,241.06384706679836,60.26596176669959,-6870.787065479482,-4859.270881520879,False
2026-05-22 21:39:24.209916,2019.2993521145536,True,92882.61281176371,19.733444578793716,-19.733444578793716,5590.86976977086,198.4202430906361,242.50510789473645,60.626276973684114,-7117.387188236287,-4857.464402551257,True
2026-05-22 22:39:24.209916,2019.0712393231247,True,92878.11247270455,19.756968190787852,-19.733444578793716,5592.492857802817,197.86598752149825,242.50510789473645,60.626276973684114,-7121.8875272954465,-4856.3944580202215,False
2026-05-22 23:39:24.209916,2015.3499517651908,True,92803.84682408883,20.18059438553228,-19.733444578793716,5597.062430106032,197.31275348360367,242.50510789473645,60.626276973684114,-7196.153175911168,-4853.209946584378,False
2026-05-23 00:39:24.209916,2019.535195070065,True,92887.25700320146,19.6864008830237,-19.733444578793716,5603.485017801633,196.75837055389948,242.50510789473645,60.626276973684114,-7112.742996798537,-4846.5208295113525,False
2026-05-23 01:39:24.209916,2008.8653058910756,True,92670.56578608007,20.934649608644673,-20.934649608644673,5620.4901743948485,196.20691661718195,243.47033153862824,60.86758288465706,-7329.434213919929,-4837.411206755658,True
2026-05-23 02:39:24.209916,2015.5761251758825,True,92808.4068303532,20.15704959381684,-20.934649608644673,5633.3802409352,197.12720447611437,243.47033153862824,60.86758288465706,-7191.593169646803,-4826.248458397615,False
2026-05-23 03:39:24.209916,2035.4899840055914,True,93186.57273694986,17.85536114666744,-17.85536114666744,5657.407263268505,198.0565847638946,245.9774758675157,61.49436896687892,-6813.427263050136,-4843.149736546945,True
2026-05-23 04:39:24.209916,2034.0829071024125,True,93161.35918311638,18.019393720488655,-17.85536114666744,5660.599938465463,198.8487140679538,245.9774758675157,61.49436896687892,-6838.640816883621,-4839.2546196120165,False
2026-05-23 05:39:24.209916,2039.339501012844,True,93254.38923971575,17.41041915224013,-17.85536114666744,5667.216897836853,199.64289043806988,245.9774758675157,61.49436896687892,-6745.610760284253,-4832.671809943273,False
2026-05-23 06:39:24.209916,2048.3937133147188,True,93407.20171365389,16.38164850541148,-16.38164850541148,5680.839853990361,200.44059277404727,247.18497335134816,61.79624333783704,-6592.7982863461075,-4828.614279919002,True
2026-05-23 07:39:24.209916,2043.1435389329308,True,93319.73322999192,16.965899630877676,-16.38164850541148,5687.583401918714,201.17058002042566,247.18497335134816,61.79624333783704,-6680.266770008078,-4822.602717091675,False
2026-05-23 08:39:24.209916,2046.0924433930204,True,93369.24979278141,16.638629032693718,-16.38164850541148,5694.293123202725,201.90162087004123,247.18497335134816,61.79624333783704,-6630.750207218589,-4813.953308509786,False
2026-05-23 09:39:24.209916,2046.2693003371269,True,93372.18744192168,16.615261325964664,-16.38164850541148,5695.447704407693,202.6327249082244,247.18497335134816,61.79624333783704,-6627.8125580783235,-4812.027182420465,False
2026-05-23 10:39:24.209916,2047.562686959344,True,93393.56644645757,16.47507961779799,-16.38164850541148,5698.546711082383,204.21267170532457,247.18497335134816,61.79624333783704,-6606.4335535424325,-4807.157029439548,False
2026-05-23 11:39:24.209916,2037.4527953711715,True,93221.36341762231,17.621128462175466,-17.621128462175466,5715.1417741125915,205.78481747589916,248.19512611243428,62.04878152810857,-6778.636582377687,-4796.838850000119,True
2026-05-23 12:39:24.209916,2037.7845866761897,True,93227.20282255727,17.597711634158955,-17.621128462175466,5717.4454589321385,207.4761914483624,248.19512611243428,62.04878152810857,-6772.797177442728,-4792.850923481507,False
2026-05-23 13:39:24.209916,2044.3122201048736,True,93339.47784696882,16.848990976291752,-17.621128462175466,5740.800958131395,209.17298339746327,248.19512611243428,62.04878152810857,-6660.522153031183,-4770.547875122435,False
2026-05-23 14:39:24.209916,2063.4303788916855,True,93640.35760248856,14.656539020266983,-14.656539020266983,5770.7683026061795,210.8856435381212,250.6420156785845,62.660503919646125,-6359.642397511445,-4777.930258887623,True
2026-05-23 15:39:24.209916,2076.17040852724,True,93817.93938238274,13.239280657319908,-13.239280657319908,5784.405573297334,212.3189599650099,251.81900362833989,62.95475090708497,-6182.060617617259,-4773.47386828545,True
2026-05-23 16:39:24.209916,2105.03893343842,True,94153.48147583459,10.048929661649336,-10.048929661649336,5822.4860375885555,213.63168018371448,254.50532885122811,63.62633221280703,-5846.518524165411,-4784.095000314229,True
2026-05-23 17:39:24.209916,2094.721284850236,True,94044.13060043466,11.179215925473168,-11.179215925473168,5831.326909374935,214.62318243562075,255.45238272915037,63.86309568228759,-5955.869399565345,-4781.115994087001,True
2026-05-23 18:39:24.209916,2106.480024021648,True,94167.8249498588,9.887686122689747,-9.887686122689747,5847.841886329008,215.0680270324562,256.54061542114715,64.13515385528679,-5832.1750501412025,-4773.275598185486,True
2026-05-23 19:39:24.209916,2108.969333894143,True,94192.06724181082,9.611399885167113,-9.887686122689747,5851.690534487369,215.4619438900069,256.54061542114715,64.13515385528679,-5807.932758189185,-4769.404255898898,False
2026-05-23 20:39:24.209916,2138.7959617369042,True,94430.2804148808,6.400278776923184,-6.400278776923184,5904.099284272808,215.86143181553012,259.52415652037,64.8810391300925,-5569.719585119194,-4777.028605699473,True
2026-05-23 21:39:24.209916,2127.7542070150707,True,94353.28320586892,7.56744255185896,-7.56744255185896,5917.476817728642,216.11868453776702,260.5175315733281,65.12938289333202,-5646.716794131076,-4770.962438943342,True
2026-05-23 22:39:24.209916,2116.343088732042,True,94259.91387236703,8.806511187717044,-8.806511187717044,5933.236468049207,216.421218989003,261.56644931091324,65.39161232772831,-5740.086127632967,-4763.227752786125,True
2026-05-23 23:39:24.209916,2108.2387383877817,True,94185.02400418813,9.703476880127074,-9.703476880127074,5943.271857298264,216.77194123251783,262.3228564388107,65.58071410970267,-5814.975995811867,-4757.305966406418,True
2026-05-24 00:39:24.209916,2079.7404938564973,True,93864.44235903033,12.845076565815045,-12.845076565815045,6008.384413562814,217.15316165087776,264.9363412715355,66.23408531788388,-6135.557640969666,-4739.128633988687,True
2026-05-24 01:39:24.209916,2072.7545475073357,True,93772.11185572663,13.610602470440426,-13.610602470440426,6018.249569310085,217.6561109464975,265.5710401915543,66.39276004788857,-6227.888144273369,-4732.149390159865,True
2026-05-24 02:39:24.209916,2062.703762069226,True,93629.67997468747,14.749625093505376,-14.749625093505376,6044.104472162062,217.71713256084558,266.5108266914255,66.62770667285638,-6370.320025312525,-4713.042834743733,True
2026-05-24 03:39:24.209916,2064.7051906397037,True,93658.94846278903,14.516944811288246,-14.749625093505376,6049.681614778583,217.78332501963916,266.5108266914255,66.62770667285638,-6341.051537210966,-4707.651332632837,False
2026-05-24 04:39:24.209916,2069.2454473422326,True,93723.67333984075,14.00545750302843,-14.00545750302843,6058.574377875255,217.84966303468747,267.1267728508871,66.78169321272178,-6276.326660159248,-4701.704371359301,True
2026-05-24 05:39:24.209916,2094.2953022022975,True,94039.3640706753,11.225408902747398,-11.225408902747398,6096.965774917378,217.91341663291956,269.4556699402722,67.36391748506804,-5960.635929324693,-4701.304288945793,True
2026-05-24 06:39:24.209916,2107.1063909961454,True,94173.98864228776,9.818599022208303,-9.818599022208303,6117.534714381604,217.9648278774088,270.64138917635233,67.66034729408808,-5826.011357712239,-4691.351225870071,True
2026-05-24 07:39:24.209916,2099.340047805143,True,94094.52804758794,10.671397917040979,-10.671397917040979,6124.126060816631,218.0096303308974,271.3575151254108,67.8393787813527,-5905.471952412059,-4688.816219456391,True
2026-05-24 08:39:24.209916,2087.2958074920534,True,93958.17341501822,11.988260283577281,-11.988260283577281,6140.0760503955535,218.0580447580601,272.45698764409696,68.11424691102424,-6041.8265849817835,-4682.017907678942,True
2026-05-24 09:39:24.209916,2093.90043749426,True,94034.92828112579,11.271606499319311,-11.271606499319311,6153.3561576872935,218.1126056766905,273.0572283130528,68.2643070782632,-5965.071718874213,-4671.856697740373,True
2026-05-24 10:39:24.209916,2076.265350764045,True,93819.19355768798,13.21608290526314,-13.21608290526314,6177.671968236702,218.3462195586661,274.67212790786857,68.66803197696714,-6180.806442312023,-4666.284863035965,True
2026-05-24 11:39:24.209916,2100.7979458165646,True,94109.94850921517,10.50993656320232,-10.50993656320232,6199.710258963436,218.62337091569609,276.9461545784607,69.23653864461518,-5890.0514907848265,-4680.281812858596,True
2026-05-24 12:39:24.209916,2116.7542098725153,True,94263.52254641561,8.76056007602779,-8.76056007602779,6221.621479387021,218.845446338606,278.4273545960122,69.60683864900305,-5736.47745358439,-4674.125302847348,True
2026-05-24 13:39:24.209916,2110.4092565181954,True,94205.78119197545,9.45030944718006,-9.45030944718006,6238.094137033743,219.0300024904573,279.0096159790352,69.7524039947588,-5794.218808024554,-4660.351925177604,True
2026-05-24 14:39:24.209916,2087.370966890334,True,93959.07444544755,11.988260283577281,-11.988260283577281,6283.89190784486,219.22691605738132,281.12867393555143,70.28216848388786,-6040.92555455245,-4645.993843656054,True
2026-05-24 15:39:24.209916,2105.578425656335,True,94158.8768809698,9.979818377660035,-9.979818377660035,6308.716718215065,219.47889111697975,282.8202467140648,70.7050616785162,-5841.123119030206,-4641.504843466473,True
2026-05-24 16:39:24.209916,2104.0449393986637,True,94143.45641866767,10.16413817340327,-9.979818377660035,6313.657967551213,219.6884990040348,282.8202467140648,70.7050616785162,-5856.543581332327,-4636.470534209194,False
2026-05-24 17:39:24.209916,2120.8193845459314,True,94298.21946982136,8.324253608323739,-8.324253608323739,6334.507965039138,219.89977798467632,284.2247082561367,71.05617706403417,-5701.780530178643,-4629.807699470286,True
2026-05-24 18:39:24.209916,2099.2643498788093,True,94093.72024489455,10.671397917040979,-10.671397917040979,6352.167218032289,219.52826017001166,286.19561880466114,71.54890470116528,-5906.279755105454,-4640.053252298932,True
2026-05-24 19:39:24.209916,2091.22563731547,True,94004.42577637691,11.572003504325616,-11.572003504325616,6361.369211090347,219.05381129782282,286.94896660195684,71.73724165048921,-5995.574223623087,-4635.777560873207,True
2026-05-24 20:39:24.209916,2091.3078723320514,True,94005.37366898867,11.54888910987466,-11.572003504325616,6364.318064251798,218.53930139435153,286.94896660195684,71.73724165048921,-5994.626331011328,-4633.346948903527,False
2026-05-24 21:39:24.209916,2091.949755385457,True,94012.76000658497,11.479552860089095,-11.572003504325616,6366.685929298736,218.0246335728653,286.94896660195684,71.73724165048921,-5987.239993415031,-4631.535287025157,False
2026-05-24 22:39:24.209916,2085.9346809421404,True,93941.75601108628,12.150239115397966,-11.572003504325616,6375.561022464646,217.51144559823095,286.94896660195684,71.73724165048921,-6058.243988913717,-4624.570914795725,False
2026-05-24 23:39:24.209916,2094.2921016998093,True,94039.32814372619,11.225408902747398,-11.572003504325616,6387.060801667989,216.9962015056026,286.94896660195684,71.73724165048921,-5960.67185627381,-4612.726349339974,False
2026-05-25 00:39:24.209916,2080.0193767118394,True,93868.01359294693,12.798721637969592,-12.798721637969592,6422.971956007687,216.48446883204986,287.96960559705417,71.99240139926354,-6131.986407053075,-4584.753253619901,True
2026-05-25 01:39:24.209916,2078.1335894936246,True,93843.6860021266,13.007355320822064,-12.798721637969592,6429.809706364061,215.9190018314771,287.96960559705417,71.99240139926354,-6156.313997873396,-4578.67289541005,False
2026-05-25 02:39:24.209916,2079.748668588198,True,93864.54736408494,12.845076565815045,-12.798721637969592,6437.2915908317855,216.58745967658504,287.96960559705417,71.99240139926354,-6135.452635915062,-4570.332138893634,False
2026-05-25 03:39:24.209916,2086.6306320084655,True,93950.1775009118,12.080812674385557,-12.080812674385557,6447.490599390618,217.25812947283282,288.56880993081734,72.14220248270433,-6049.822499088201,-4562.661663267586,True
2026-05-25 04:39:24.209916,2096.1833081882514,True,94060.3373857405,11.017576875314925,-11.017576875314925,6462.925888459324,217.89407802749042,289.46030478468936,72.36507619617234,-5939.662614259505,-4552.949000849927,True
2026-05-25 05:39:24.209916,2081.136809411416,True,93882.24259282101,12.682854595595195,-12.682854595595195,6476.423739869554,218.4698934546548,290.84657308931656,72.71164327232914,-6117.757407178986,-4552.927005334681,True
2026-05-25 06:39:24.209916,2060.781729437826,True,93601.14598011914,14.959136836559297,-14.959136836559297,6520.64643583091,219.12625871175698,292.7229414306056,73.1807353576514,-6398.854019880862,-4533.329497657953,True
2026-05-25 07:39:24.209916,2077.7421175380146,True,93838.5861832511,13.053731112035825,-13.053731112035825,6537.529530005141,219.90679797521202,294.3065181205418,73.57662953013545,-6161.4138167489,-4533.917898342596,True
2026-05-25 08:39:24.209916,2082.185006434601,True,93895.4631353031,12.567016514912982,-13.053731112035825,6545.566795856051,220.58937325142668,294.3065181205418,73.57662953013545,-6104.5368646969,-4526.317382180159,False
2026-05-25 09:39:24.209916,2072.2299136986494,True,93764.9586251119,13.680258385658773,-13.053731112035825,6556.168982109471,221.268685080756,294.3065181205418,73.57662953013545,-6235.0413748880965,-4515.589290518116,False
2026-05-25 10:39:24.209916,2092.950546063996,True,94024.18519463873,11.364015552204222,-11.364015552204222,6580.238692251381,222.14454464687228,295.7211145619988,73.9302786404997,-5975.814805361268,-4503.666960203666,True
2026-05-25 11:39:24.209916,2094.515092986527,True,94041.82600598069,11.202311836726961,-11.364015552204222,6583.167392323665,222.90760020847526,295.7211145619988,73.9302786404997,-5958.173994019307,-4500.113928787615,False
2026-05-25 12:39:24.209916,2110.4217028676594,True,94205.89881382938,9.45030944718006,-9.45030944718006,6601.713240834007,223.67645072814594,297.3366053207801,74.33415133019503,-5794.101186170621,-4499.508747429423,True
2026-05-25 13:39:24.209916,2111.347414929093,True,94214.5957244205,9.358283078112702,-9.45030944718006,6604.203793102289,224.31610687682544,297.3366053207801,74.33415133019503,-5785.404275579494,-4496.429893860866,False
2026-05-25 14:39:24.209916,2139.4369418376873,True,94434.34893243694,6.331714722162365,-6.331714722162365,6636.084075642181,224.96427305965355,300.0054200253093,75.00135500632733,-5565.651067563056,-4512.9389770134785,True
2026-05-25 15:39:24.209916,2163.6599137244357,True,94556.10833553101,3.7566101614019396,-3.7566101614019396,6677.520086329695,225.40346178922246,302.2340802300158,75.55852005750396,-5443.891664468989,-4505.463147468064,True
2026-05-25 16:39:24.209916,2160.2217719023465,True,94542.60312425355,4.120343182446863,-4.120343182446863,6681.864115616662,225.66361866961375,302.54837782650424,75.63709445662606,-5457.396875746446,-4501.84128606857,True
2026-05-25 17:39:24.209916,2173.7308055400863,True,94588.53569428116,2.7124970724455313,-2.7124970724455313,6701.784044501846,225.95074961337988,303.7724892100121,75.94312230250303,-5411.464305718837,-4492.893650092101,True
2026-05-25 18:39:24.209916,2182.7551656701553,True,94608.60162798261,1.7612713563310483,-1.7612713563310483,6720.480181857658,225.94303931040562,304.603006348239,76.15075158705974,-5391.398372017386,-4479.655986194102,True
2026-05-25 19:39:24.209916,2202.0029632015717,False,94623.51686733754,0.0,0.0,6720.480181857658,225.93798872973474,306.1543362464962,76.53858406162405,-5376.483132662455,1187.2421176168173,True
2026-05-25 20:39:24.209916,2188.4364652308122,True,94616.9017828098,1.1734175596589766,0.0,6735.394068752495,225.93798872973474,306.1543362464962,76.53858406162405,-5383.0982171902,1195.5409199839096,False
2026-05-25 21:39:24.209916,2198.0949656525836,True,94623.3706245655,0.18032726956319872,0.0,6748.160812052824,225.93798872973474,306.1543362464962,76.53858406162405,-5376.629375434495,1214.776505039944,False
2026-05-25 22:39:24.209916,2213.0727011983795,False,94623.51686733754,0.0,0.0,6748.160812052824,225.93798872973474,306.1543362464962,76.53858406162405,-5376.483132662455,1214.9227478119838,False
2026-05-25 23:39:24.209916,2188.2738383438564,True,94616.71109434642,1.19601319350109,0.0,6782.395988878043,225.93798872973474,306.1543362464962,76.53858406162405,-5383.288905653579,1242.3521516460787,False
2026-05-26 00:39:24.209916,2171.7500844789192,True,94582.99576711816,2.91659115988709,0.0,6801.405627611503,225.93798872973474,306.1543362464962,76.53858406162405,-5417.004232881838,1227.64646315128,False
2026-05-26 01:39:24.209916,2143.5564098806185,True,94459.44852846347,5.874883745347297,0.0,6844.388238073527,225.93798872973474,306.1543362464962,76.53858406162405,-5540.551471536528,1147.0818349586134,False
2026-05-26 02:39:24.209916,2139.8697649351298,True,94437.07148472576,6.2860110653741526,0.0,6848.9909443068545,225.93798872973474,306.1543362464962,76.53858406162405,-5562.928515274238,1129.3074974542315,False
2026-05-26 03:39:24.209916,2149.747856702597,True,94493.77874333324,5.236087329671249,0.0,6866.4462839451335,225.93798872973474,306.1543362464962,76.53858406162405,-5506.221256666759,1203.4700956999895,False
2026-05-26 04:39:24.209916,2170.5645362677237,True,94579.48302812781,3.0300164532821015,0.0,6897.953460690944,225.93798872973474,306.1543362464962,76.53858406162405,-5420.516971872188,1320.6815572403702,False
2026-05-26 05:39:24.209916,2171.608178172876,True,94582.58188444043,2.91659115988709,0.0,6900.727224586894,225.93798872973474,306.1543362464962,76.53858406162405,-5417.4181155595725,1326.5541774489366,False
2026-05-26 06:39:24.209916,2194.4119625875196,True,94622.03653703103,0.5637622864026376,0.0,6924.10678093716,225.93798872973474,306.1543362464962,76.53858406162405,-5377.963462968968,1389.3883863898063,False
2026-05-26 07:39:24.209916,2175.09541129946,True,94592.11225748743,2.5538207072538905,0.0,6943.81639579027,225.93798872973474,306.1543362464962,76.53858406162405,-5407.887742512568,1379.173721699316,False
2026-05-26 08:39:24.209916,2151.4854748771204,True,94502.68194602254,5.053738261558926,0.0,6980.60607502058,225.93798872973474,306.1543362464962,76.53858406162405,-5497.318053977462,1326.5330894647323,False
2026-05-26 09:39:24.209916,2150.7317549481586,True,94498.85770921169,5.122110615058319,0.0,6984.493522491557,225.93798872973474,306.1543362464962,76.53858406162405,-5501.14229078831,1326.596300124862,False
2026-05-26 10:39:24.209916,2156.0458866187937,True,94524.52519224689,4.552654237492977,0.0,6991.457230742374,225.93798872973474,306.1543362464962,76.53858406162405,-5475.474807753111,1359.2274914108775,False
2026-05-26 11:39:24.209916,2155.606345064966,True,94522.5153878756,4.598184558598458,0.0,6994.086435916159,225.93798872973474,306.1543362464962,76.53858406162405,-5477.4846121244045,1359.8468922133688,False
2026-05-26 12:39:24.209916,2127.23751834756,True,94349.36041218067,7.636191970428084,0.0,7014.224881257294,225.93798872973474,306.1543362464962,76.53858406162405,-5650.639587819329,1206.83036185958,False
2026-05-26 13:39:24.209916,2126.034680573084,True,94340.11594313558,7.773721747125136,0.0,7016.970823466023,225.93798872973474,306.1543362464962,76.53858406162405,-5659.884056864423,1200.3318350232148,False
2026-05-26 14:39:24.209916,2108.3420029043023,True,94186.02167025689,9.680455905000944,0.0,7041.145599485073,225.93798872973474,306.1543362464962,76.53858406162405,-5813.978329743113,1070.4123381635745,False
2026-05-26 15:39:24.209916,2117.424673750287,True,94269.36864627345,8.691642023322164,0.0,7051.342287380912,225.93798872973474,306.1543362464962,76.53858406162405,-5730.631353726552,1163.9560020759745,False
2026-05-26 16:39:24.209916,2122.4188367085585,True,94311.38214247282,8.16361357018947,0.0,7057.478880638945,225.93798872973474,306.1543362464962,76.53858406162405,-5688.617857527177,1212.1060915333828,False
2026-05-26 17:39:24.209916,2109.681326972677,True,94198.87773837138,9.542354222441586,0.0,7072.262453474546,225.93798872973474,306.1543362464962,76.53858406162405,-5801.122261628625,1114.385260267536,False
2026-05-26 18:39:24.209916,2102.7550527525923,True,94130.28366985141,10.30242640980216,0.0,7083.895282428296,225.93798872973474,306.1543362464962,76.53858406162405,-5869.716330148585,1057.4240207013254,False
2026-05-26 19:39:24.209916,2088.537207558623,True,93972.96828987384,11.849466398149467,0.0,7102.932133986282,225.93798872973474,306.1543362464962,76.53858406162405,-6027.031710126161,919.1454922817355,False
2026-05-26 20:39:24.209916,2087.710094821536,True,93963.12983062491,11.941991028792753,0.0,7104.369293614638,225.93798872973474,306.1543362464962,76.53858406162405,-6036.870169375092,910.7441926611608,False
2026-05-26 21:39:24.209916,2100.5444380263925,True,94107.28339970633,10.532999011324545,0.0,7114.086625107888,225.93798872973474,306.1543362464962,76.53858406162405,-5892.716600293672,1064.6150932358305,False
2026-05-26 22:39:24.209916,2087.324645717191,True,93958.51913516727,11.988260283577281,0.0,7129.807209062164,225.93798872973474,306.1543362464962,76.53858406162405,-6041.480864832731,931.5714126510474,False
2026-05-26 23:39:24.209916,2094.092162997344,True,94037.0841244341,11.24850712359229,0.0,7141.871823838669,225.93798872973474,306.1543362464962,76.53858406162405,-5962.915875565901,1022.2010166943828,False
2026-05-27 00:39:24.209916,2086.9977679473855,True,93954.59696335917,12.034534165287305,0.0,7146.670356531439,225.93798872973474,306.1543362464962,76.53858406162405,-6045.403036640826,944.5123883122277,False
2026-05-27 01:39:24.209916,2076.4287474194994,True,93821.35302143291,13.21608290526314,0.0,7160.018457200234,225.93798872973474,306.1543362464962,76.53858406162405,-6178.646978567092,824.6165470547556,False
2026-05-27 02:39:24.209916,2075.016380421599,True,93802.60219155173,13.35528681664286,0.0,7163.078802820665,225.93798872973474,306.1543362464962,76.53858406162405,-6197.397808448266,808.9260627940138,False
2026-05-27 03:39:24.209916,2061.3028271180956,True,93608.92435130989,14.912570523825238,0.0,7192.987963650263,225.93798872973474,306.1543362464962,76.53858406162405,-6391.075648690108,645.1573833817691,False
2026-05-27 04:39:24.209916,2054.011484006141,True,93497.31024422371,15.728153645293022,0.0,7203.098196256265,225.93798872973474,306.1543362464962,76.53858406162405,-6502.689755776286,543.6535089015932,False
2026-05-27 05:39:24.209916,2038.3105136020201,True,93236.42822069119,17.527468174396997,0.0,7228.3915823178695,225.93798872973474,306.1543362464962,76.53858406162405,-6763.5717793088115,308.0648714306725,False
2026-05-27 06:39:24.209916,2064.157338988561,True,93650.98221694642,14.586736681256502,0.0,7265.856588886208,225.93798872973474,306.1543362464962,76.53858406162405,-6349.017783053583,760.083874254239,False
2026-05-27 07:39:24.209916,2064.6358012036576,True,93657.94309729864,14.540207604814364,0.0,7267.105738110578,225.93798872973474,306.1543362464962,76.53858406162405,-6342.056902701355,768.2939038308376,False
2026-05-27 08:39:24.209916,2055.4070074122715,True,93519.13830545655,15.564922825095993,0.0,7284.592837640791,225.93798872973474,306.1543362464962,76.53858406162405,-6480.861694543448,646.9762115189577,False
2026-05-27 09:39:24.209916,2058.2401765945956,True,93562.7762651198,15.261931395529707,0.0,7290.432227698112,225.93798872973474,306.1543362464962,76.53858406162405,-6437.223734880201,696.4535612395256,False
2026-05-27 10:39:24.209916,2056.7703292815618,True,93540.25083604205,15.425056155469802,0.0,7294.7135315473015,225.93798872973474,306.1543362464962,76.53858406162405,-6459.749163957953,678.209436010963,False
2026-05-27 11:39:24.209916,2053.870598064561,True,93495.09497951815,15.751476997746847,0.0,7312.784136265773,225.93798872973474,306.1543362464962,76.53858406162405,-6504.905020481849,651.1241842055387,False
2026-05-27 12:39:24.209916,2061.9847690214556,True,93619.05434033903,14.81945186638852,0.0,7319.43651929347,225.93798872973474,306.1543362464962,76.53858406162405,-6380.945659660967,781.7359280541176,False
2026-05-27 13:39:24.209916,2072.034120204096,True,93762.28097968106,13.703479345909406,0.0,7344.472740285891,225.93798872973474,306.1543362464962,76.53858406162405,-6237.719020318938,949.9987883885669,False
2026-05-27 14:39:24.209916,2065.0112298665995,True,93663.38532973162,14.493683180814587,0.0,7354.514117196024,225.93798872973474,306.1543362464962,76.53858406162405,-6336.614670268376,861.1445153492622,False
2026-05-27 15:39:24.209916,2057.41435621891,True,93550.15093558622,15.355138553297033,0.0,7367.303958213916,225.93798872973474,306.1543362464962,76.53858406162405,-6449.849064413778,760.6999622217526,False
2026-05-27 16:39:24.209916,2053.8015424105556,True,93494.00725097253,15.751476997746847,0.0,7373.720504962154,225.93798872973474,306.1543362464962,76.53858406162405,-6505.992749027471,710.9728243562976,False
2026-05-27 17:39:24.209916,2023.728255156167,True,92968.77871880005,19.216222562188044,0.0,7410.4738484478985,225.93798872973474,306.1543362464962,76.53858406162405,-7031.221281199949,222.49763566956418,False
2026-05-27 18:39:24.209916,2004.1777832344585,True,92571.15011563577,21.500983272385554,0.0,7434.128361793814,225.93798872973474,306.1543362464962,76.53858406162405,-7428.84988436423,-151.4764541488013,False
2026-05-27 19:39:24.209916,2021.8280873105439,True,92932.08842798843,19.42774462587681,0.0,7462.296603381653,225.93798872973474,306.1543362464962,76.53858406162405,-7067.911572011566,237.63009979170138,False
2026-05-27 20:39:24.209916,2043.2732294814907,True,93321.93354682185,16.965899630877676,0.0,7481.550164065798,225.93798872973474,306.1543362464962,76.53858406162405,-6678.066453178151,646.7287793092609,False
2026-05-27 21:39:24.209916,2040.025446720381,True,93266.2962398654,17.340203782839062,0.0,7489.1311361229045,225.93798872973474,306.1543362464962,76.53858406162405,-6733.703760134595,598.6724444099244,False
2026-05-27 22:39:24.209916,2047.5911836651046,True,93394.033513645,16.451720087926333,0.0,7499.5260865780165,225.93798872973474,306.1543362464962,76.53858406162405,-6605.966486354999,736.8046686446322,False
2026-05-27 23:39:24.209916,2051.692536941689,True,93460.54872602006,15.984774669522782,0.0,7504.630932273631,225.93798872973474,306.1543362464962,76.53858406162405,-6539.451273979939,808.4247267153058,False
2026-05-28 00:39:24.209916,2092.6020359710037,True,94020.21948573586,11.410227009441115,0.0,7552.929762063586,225.93798872973474,306.1543362464962,76.53858406162405,-5979.780514264145,1416.3943162210562,False
2026-05-28 01:39:24.209916,2115.270245065875,True,94250.41012975018,8.921409071556848,0.0,7598.069009141924,225.93798872973474,306.1543362464962,76.53858406162405,-5749.589870249823,1691.7242073137145,False
2026-05-28 02:39:24.209916,2113.548435694011,True,94234.89613494152,9.105305440068838,0.0,7601.430269844253,225.93798872973474,306.1543362464962,76.53858406162405,-5765.1038650584815,1679.5714732073861,False
2026-05-28 03:39:24.209916,2100.653256667669,True,94108.42958634731,10.532999011324545,0.0,7621.846844879737,225.93798872973474,306.1543362464962,76.53858406162405,-5891.570413652691,1573.5214996486602,False
2026-05-28 04:39:24.209916,2079.1429835262493,True,93856.75905763112,12.914617649277062,0.0,7645.659238953333,225.93798872973474,306.1543362464962,76.53858406162405,-6143.2409423688805,1345.6633650060676,False
2026-05-28 05:39:24.209916,2081.868514954311,True,93891.48352171511,12.590181814461525,0.0,7652.301249572242,225.93798872973474,306.1543362464962,76.53858406162405,-6108.516478284888,1387.0298397089691,False
2026-05-28 06:39:24.209916,2071.810483763922,True,93759.21686037313,13.726701467179035,0.0,7670.569028268855,225.93798872973474,306.1543362464962,76.53858406162405,-6240.783139626874,1273.0309570635955,False
2026-05-28 07:39:24.209916,2053.0183006618677,True,93481.6408574819,15.844782069530162,0.0,7716.6219623811,225.93798872973474,306.1543362464962,76.53858406162405,-6518.359142518093,1041.507888284622,False
2026-05-28 08:39:24.209916,2044.5379748296916,True,93343.27123907034,16.802235697040413,0.0,7728.920463908147,225.93798872973474,306.1543362464962,76.53858406162405,-6656.728760929662,915.4367714000999,False
2026-05-28 09:39:24.209916,2030.4230343520487,True,93094.70773339519,18.441455472537058,0.0,7754.005462516142,225.93798872973474,306.1543362464962,76.53858406162405,-6905.292266604811,691.9582643329458,False
2026-05-28 10:39:24.209916,2052.514185155855,True,93473.64388011013,15.891441603418786,0.0,7786.0183254442345,225.93798872973474,306.1543362464962,76.53858406162405,-6526.356119889868,1102.9072739759813,False
2026-05-28 11:39:24.209916,2064.159306064003,True,93651.01091015791,14.586736681256502,0.0,7811.215684986971,225.93798872973474,306.1543362464962,76.53858406162405,-6348.989089842085,1305.4716635665,False
2026-05-28 12:39:24.209916,2064.0655918233456,True,93649.64392520617,14.586736681256502,0.0,7812.716179099449,225.93798872973474,306.1543362464962,76.53858406162405,-6350.356074793832,1305.6051727272315,False
2026-05-28 13:39:24.209916,2083.753167287769,True,93915.0127413317,12.381735808072838,0.0,7847.081791374415,225.93798872973474,306.1543362464962,76.53858406162405,-6084.987258668305,1605.3396011277246,False
2026-05-28 14:39:24.209916,2084.7988185746963,True,93927.89704082353,12.265972993915561,0.0,7850.004974644202,225.93798872973474,306.1543362464962,76.53858406162405,-6072.102959176467,1621.1470838893492,False
2026-05-28 15:39:24.209916,2073.3314575789504,True,93779.94529236581,13.564170997658993,0.0,7866.382887857759,225.93798872973474,306.1543362464962,76.53858406162405,-6220.05470763419,1489.5732486451834,False
2026-05-28 16:39:24.209916,2093.686885709957,True,94032.5218951636,11.294707029986355,0.0,7895.404152733414,225.93798872973474,306.1543362464962,76.53858406162405,-5967.478104836395,1771.1711163186333,False
2026-05-28 17:39:24.209916,2100.944531696418,True,94111.48549371661,10.486875268116075,0.0,7907.401373933872,225.93798872973474,306.1543362464962,76.53858406162405,-5888.514506283391,1862.131936072095,False
2026-05-28 18:39:24.209916,2087.032812377649,True,93955.01870675248,12.034534165287305,0.0,7926.479829358883,225.93798872973474,306.1543362464962,76.53858406162405,-6044.981293247518,1724.7436045329791,False
2026-05-28 19:39:24.209916,2084.4996937453648,True,93924.22472724078,12.312274646896583,0.0,7931.846659171722,225.93798872973474,306.1543362464962,76.53858406162405,-6075.775272759216,1699.3164548341206,False
2026-05-28 20:39:24.209916,2072.8434957683126,True,93773.32249514721,13.610602470440426,0.0,7959.052738115921,225.93798872973474,306.1543362464962,76.53858406162405,-6226.6775048527925,1575.620301684743,False
2026-05-28 21:39:24.209916,2054.561524979616,True,93505.9422941929,15.68151043856748,0.0,7993.677470328955,225.93798872973474,306.1543362464962,76.53858406162405,-6494.057705807107,1342.8648329434627,False
2026-05-28 22:39:24.209916,2066.8082807394167,True,93689.2182359834,14.284380834318291,0.0,8016.852059531073,225.93798872973474,306.1543362464962,76.53858406162405,-6310.781764016603,1549.3153639360844,False
2026-05-28 23:39:24.209916,2092.274501904212,True,94016.4812155487,11.45644308782377,0.0,8047.336839594964,225.93798872973474,306.1543362464962,76.53858406162405,-5983.518784451298,1907.0631235652795,False
2026-05-29 00:39:24.209916,2073.6115401479733,True,93783.73197061123,13.517744167560533,0.0,8067.277185035787,225.93798872973474,306.1543362464962,76.53858406162405,-6216.268029388768,1694.254224068633,False
2026-05-29 01:39:24.209916,2081.120550988338,True,93882.03638960516,12.682854595595195,0.0,8082.648567861486,225.93798872973474,306.1543362464962,76.53858406162405,-6117.963610394843,1807.9300258882572,False
2026-05-29 02:39:24.209916,2072.470074548653,True,93768.23791583543,13.65703858636913,0.0,8099.600867127045,225.93798872973474,306.1543362464962,76.53858406162405,-6231.762084164569,1711.0838513840895,False
2026-05-29 03:39:24.209916,2066.020114625741,True,93677.93306902566,14.377392472197922,0.0,8115.45402393497,225.93798872973474,306.1543362464962,76.53858406162405,-6322.066930974339,1636.6321613822456,False
2026-05-29 04:39:24.209916,2058.2008129803858,True,93562.17550034025,15.261931395529707,0.0,8125.483424039472,225.93798872973474,306.1543362464962,76.53858406162405,-6437.82449965975,1530.9039928013372,False
2026-05-29 05:39:24.209916,2046.8442387725388,True,93381.7135565263,16.545165215330083,0.0,8141.11260514574,225.93798872973474,306.1543362464962,76.53858406162405,-6618.2864434736985,1366.0712300936566,False
2026-05-29 06:39:24.209916,2047.4927016567963,True,93392.41343302603,16.47507961779799,0.0,8142.700976127742,225.93798872973474,306.1543362464962,76.53858406162405,-6607.586566973972,1378.3594775753845,False
2026-05-29 07:39:24.209916,2036.626545340555,True,93206.77171710625,17.71480748294812,0.0,8157.07401541084,225.93798872973474,306.1543362464962,76.53858406162405,-6793.228282893746,1207.0908009387085,False
2026-05-29 08:39:24.209916,2040.1723410080947,True,93268.83765938091,17.316801000003206,0.0,8165.779517678518,225.93798872973474,306.1543362464962,76.53858406162405,-6731.162340619092,1277.8622454810402,False
2026-05-29 09:39:24.209916,2039.5270365102979,True,93257.6493360172,17.38701285889901,0.0,8168.03683147969,225.93798872973474,306.1543362464962,76.53858406162405,-6742.350663982797,1268.931235918507,False
2026-05-29 10:39:24.209916,2036.4168994775596,True,93203.05683462409,17.738230165610698,0.0,8175.158963771698,225.93798872973474,306.1543362464962,76.53858406162405,-6796.943165375909,1221.4608668174033,False
2026-05-29 11:39:24.209916,2024.614910710582,True,92985.75376917218,19.09875142530616,0.0,8191.6877280825165,225.93798872973474,306.1543362464962,76.53858406162405,-7014.246230827819,1020.6865656763121,False
2026-05-29 12:39:24.209916,2017.154324580495,True,92840.05783956102,19.96873363259672,0.0,8204.63753349926,225.93798872973474,306.1543362464962,76.53858406162405,-7159.942160438979,887.9404414818963,False
2026-05-29 13:39:24.209916,2026.957686909533,True,93030.1722995066,18.84041827034495,0.0,8215.187667260101,225.93798872973474,306.1543362464962,76.53858406162405,-6969.827700493406,1088.6050351883096,False
2026-05-29 14:39:24.209916,2033.4886886203676,True,93150.64300871108,18.089710970927264,0.0,8225.920926061797,225.93798872973474,306.1543362464962,76.53858406162405,-6849.356991288922,1219.8090031944903,False
2026-05-29 15:39:24.209916,2020.796758340877,True,92911.9992220332,19.545298017227534,0.0,8233.55124278605,225.93798872973474,306.1543362464962,76.53858406162405,-7088.000777966794,988.795533240871,False
2026-05-29 16:39:24.209916,2022.0955135842619,True,92937.2782032874,19.40423747382634,0.0,8236.842296901721,225.93798872973474,306.1543362464962,76.53858406162405,-7062.721796712605,1017.3655686107304,False
2026-05-29 17:39:24.209916,2031.8707338627537,True,93121.25767093725,18.2772752103339,0.0,8245.927225690599,225.93798872973474,306.1543362464962,76.53858406162405,-6878.7423290627485,1210.429965049465,False
2026-05-29 18:39:24.209916,2010.2532677084168,True,92699.5096010456,20.79317234311327,0.0,8290.074909995827,225.93798872973474,306.1543362464962,76.53858406162405,-7300.490398954396,832.8295794630448,False
2026-05-29 19:39:24.209916,2017.2792442628954,True,92842.55232742433,19.96873363259672,0.0,8304.21701604004,225.93798872973474,306.1543362464962,76.53858406162405,-7157.447672575669,990.0144118859862,False
2026-05-29 20:39:24.209916,2008.7398427648884,True,92667.93893345477,20.958233279388935,0.0,8319.449718457907,225.93798872973474,306.1543362464962,76.53858406162405,-7332.061066545226,830.6337203342954,False
2026-05-29 21:39:24.209916,2016.1125429209217,True,92819.19709198267,20.086422281342845,0.0,8337.873572201222,225.93798872973474,306.1543362464962,76.53858406162405,-7180.802908017329,1000.315732605508,False
2026-05-29 22:39:24.209916,2006.2833409278053,True,92616.12515227249,21.241329319200087,0.0,8349.151581322649,225.93798872973474,306.1543362464962,76.53858406162405,-7383.874847727508,808.5218020167557,False
2026-05-29 23:39:24.209916,1983.2149559929856,True,92094.74926889015,23.98669886849531,0.0,8405.06271385824,225.93798872973474,306.1543362464962,76.53858406162405,-7905.250731109845,343.0570511700097,False
2026-05-30 00:39:24.209916,1962.6417842526982,True,91576.069614073,26.46163811862741,0.0,8444.766388395205,225.93798872973474,306.1543362464962,76.53858406162405,-8423.930385927,-135.91892911018127,False
2026-05-30 01:39:24.209916,1963.2580749310637,True,91592.35101353473,26.390065236071933,0.0,8447.178881434784,225.93798872973474,306.1543362464962,76.53858406162405,-8407.648986465269,-117.22503660887028,False
2026-05-30 02:39:24.209916,1966.5408057618454,True,91678.29681161934,25.98468828544661,0.0,8455.992849149181,225.93798872973474,306.1543362464962,76.53858406162405,-8321.703188380663,-22.465270809867576,False
2026-05-30 03:39:24.209916,1955.184479332309,True,91375.39608079946,27.36915778446177,0.0,8468.510432293837,225.93798872973474,306.1543362464962,76.53858406162405,-8624.603919200541,-312.8484184850896,False
2026-05-30 04:39:24.209916,1963.2161577977784,True,91591.24481765283,26.390065236071933,0.0,8478.549090678851,225.93798872973474,306.1543362464962,76.53858406162405,-8408.755182347173,-86.9610232467077,False
2026-05-30 05:39:24.209916,1942.4273063336027,True,91016.3193520536,28.949479925317817,0.0,8504.049552605362,225.93798872973474,306.1543362464962,76.53858406162405,-8983.6806479464,-636.3860269194231,False
2026-05-30 06:39:24.209916,1941.6157279795093,True,90992.79744031798,29.04542472966662,0.0,8506.49994035774,225.93798872973474,306.1543362464962,76.53858406162405,-9007.202559682017,-657.457550902662,False
2026-05-30 07:39:24.209916,1926.6116417703447,True,90543.23310339378,30.920188734725862,0.0,8523.089239433917,225.93798872973474,306.1543362464962,76.53858406162405,-9456.76689660622,-1090.4325887506875,False
2026-05-30 08:39:24.209916,1918.5887240310522,True,90291.31566566411,31.90857709645829,0.0,8541.931551862648,225.93798872973474,306.1543362464962,76.53858406162405,-9708.684334335892,-1323.5077140516296,False
2026-05-30 09:39:24.209916,1919.1827382219287,True,90310.24443535501,31.836187275174336,0.0,8544.316920443649,225.93798872973474,306.1543362464962,76.53858406162405,-9689.755564644991,-1302.1935757797273,False
2026-05-30 10:39:24.209916,1908.6369976303065,True,89967.58093483272,33.1650607424537,0.0,8562.858846759595,225.93798872973474,306.1543362464962,76.53858406162405,-10032.419065167283,-1626.3151499860742,False
2026-05-30 11:39:24.209916,1903.9484216994663,True,89810.71510361866,33.770303200516864,0.0,8569.944939968766,225.93798872973474,306.1543362464962,76.53858406162405,-10189.284896381345,-1776.0948879909647,False
2026-05-30 12:39:24.209916,1916.281333809995,True,90217.3679238809,32.19824498533024,0.0,8581.092716579136,225.93798872973474,306.1543362464962,76.53858406162405,-9782.632076119102,-1358.2942911183509,False
2026-05-30 13:39:24.209916,1909.2184751926095,True,89986.84115342976,33.09248247217919,0.0,8593.836698945364,225.93798872973474,306.1543362464962,76.53858406162405,-10013.158846570237,-1576.077079203258,False
2026-05-30 14:39:24.209916,1919.4851231266748,True,90319.86472335058,31.81205974751929,0.0,8603.011014272295,225.93798872973474,306.1543362464962,76.53858406162405,-9680.135276649424,-1233.879193955514,False
2026-05-30 15:39:24.209916,1905.6450980449888,True,89867.80330198185,33.55232875997668,0.0,8623.938496737006,225.93798872973474,306.1543362464962,76.53858406162405,-10132.196698018146,-1665.0131328595253,False
2026-05-30 16:39:24.209916,1912.1392851861278,True,90082.93941535229,32.72975436885608,0.0,8631.211532807189,225.93798872973474,306.1543362464962,76.53858406162405,-9917.060584647712,-1442.6039834189087,False
2026-05-30 17:39:24.209916,1929.902914846596,True,90644.24498222391,30.486901736113122,0.0,8679.886391072068,225.93798872973474,306.1543362464962,76.53858406162405,-9355.755017776086,-832.6235582824031,False
2026-05-30 18:39:24.209916,1899.5759234794098,True,89661.90324372005,34.32779481166002,0.0,8738.63162739894,225.93798872973474,306.1543362464962,76.53858406162405,-10338.096756279949,-1756.2200604593945,False
2026-05-30 19:39:24.209916,1889.9073147132094,True,89324.16684080365,35.56626105943792,0.0,8754.710701594011,225.93798872973474,306.1543362464962,76.53858406162405,-10675.83315919635,-2077.877389180725,False
2026-05-30 20:39:24.209916,1896.9225809050185,True,89570.4109578499,34.6674515412333,0.0,8771.930342402664,225.93798872973474,306.1543362464962,76.53858406162405,-10429.589042150095,-1814.4136313258168,False
2026-05-30 21:39:24.209916,1894.4658818219389,True,89484.89632121052,34.9830600281514,0.0,8776.005429385925,225.93798872973474,306.1543362464962,76.53858406162405,-10515.103678789485,-1895.8531809819451,False
2026-05-30 22:39:24.209916,1898.9895341719714,True,89641.76061632759,34.40055838341782,0.0,8785.664971452756,225.93798872973474,306.1543362464962,76.53858406162405,-10358.239383672408,-1729.3293437980374,False
2026-05-30 23:39:24.209916,1891.6618270139395,True,89386.34559319695,35.34747866006294,0.0,8798.64330833657,225.93798872973474,306.1543362464962,76.53858406162405,-10613.654406803049,-1971.7660300448642,False
2026-05-31 00:39:24.209916,1892.7229702171483,True,89423.75802003461,35.201678410441694,0.0,8802.171289049249,225.93798872973474,306.1543362464962,76.53858406162405,-10576.241979965387,-1930.8256224945235,False
2026-05-31 01:39:24.209916,1890.8457945120188,True,89357.47456678195,35.44470312813867,0.0,8808.65945652719,225.93798872973474,306.1543362464962,76.53858406162405,-10642.525433218048,-1990.620908269244,False
2026-05-31 02:39:24.209916,1905.0650208389973,True,89848.3263862712,33.624976008918736,0.0,8836.13566829036,225.93798872973474,306.1543362464962,76.53858406162405,-10151.673613728795,-1472.29287701682,False
2026-05-31 03:39:24.209916,1908.1855937185978,True,89952.60120533941,33.237649899740916,0.0,8842.871611290917,225.93798872973474,306.1543362464962,76.53858406162405,-10047.398794660592,-1361.2821149480606,False
2026-05-31 04:39:24.209916,1912.330749112604,True,90089.20108963389,32.705582166196955,0.0,8847.511657607234,225.93798872973474,306.1543362464962,76.53858406162405,-9910.79891036611,-1220.0421843372606,False
2026-05-31 05:39:24.209916,1907.2990126670638,True,89923.10029488798,33.33445238096629,0.0,8854.172035086149,225.93798872973474,306.1543362464962,76.53858406162405,-10076.899705112024,-1379.4826016042607,False
2026-05-31 06:39:24.209916,1901.3572386999358,True,89722.82108017654,34.08532838062421,0.0,8864.003369232223,225.93798872973474,306.1543362464962,76.53858406162405,-10277.178919823462,-1569.9304821696242,False
2026-05-31 07:39:24.209916,1896.1029753459682,True,89541.96664499035,34.76453999708499,0.0,8873.508933069763,225.93798872973474,306.1543362464962,76.53858406162405,-10458.033355009655,-1741.2793535182773,False
2026-05-31 08:39:24.209916,1900.914526167669,True,89707.71972490093,34.15805558150813,0.0,8879.644086027452,225.93798872973474,306.1543362464962,76.53858406162405,-10292.280275099067,-1569.3911206499997,False
2026-05-31 09:39:24.209916,1895.8021390814715,True,89531.50588053324,34.81309150676636,0.0,8898.285011741933,225.93798872973474,306.1543362464962,76.53858406162405,-10468.494119466763,-1726.964039303215,False
2026-05-31 10:39:24.209916,1899.3379575154543,True,89653.73384960338,34.352048122923826,0.0,8908.988994238214,225.93798872973474,306.1543362464962,76.53858406162405,-10346.266150396623,-1594.032087736794,False
2026-05-31 11:39:24.209916,1924.7876886235915,True,90486.668805428,31.136978504956307,0.0,8954.314031385427,225.93798872973474,306.1543362464962,76.53858406162405,-9513.331194572005,-715.7720947649634,False
2026-05-31 12:39:24.209916,1935.5776643586103,True,90815.24190074537,29.7896479145006,0.0,8971.581581735585,225.93798872973474,306.1543362464962,76.53858406162405,-9184.758099254628,-369.9314490974285,False
2026-05-31 13:39:24.209916,1931.5475389936587,True,90694.21535707478,30.294454866814707,0.0,8978.516619127951,225.93798872973474,306.1543362464962,76.53858406162405,-9305.784642925224,-484.02295537565817,False
2026-05-31 14:39:24.209916,1946.4899680477695,True,91132.84265523491,28.446084385001964,0.0,8995.530134542905,225.93798872973474,306.1543362464962,76.53858406162405,-8867.157344765088,-28.38214180056835,False
2026-05-31 15:39:24.209916,1941.415664391235,True,90986.9865672041,29.069413929028936,0.0,9004.554847343352,225.93798872973474,306.1543362464962,76.53858406162405,-9013.013432795895,-165.21351703092856,False
2026-05-31 16:39:24.209916,1916.2257992489972,True,90215.58169157985,32.22239182176451,0.0,9044.697533754354,225.93798872973474,306.1543362464962,76.53858406162405,-9784.41830842015,-896.4757062441823,False
2026-05-31 17:39:24.209916,1903.893088601879,True,89808.8464881361,33.770303200516864,0.0,9057.959555315796,225.93798872973474,306.1543362464962,76.53858406162405,-10191.1535118639,-1289.9488881264897,False
2026-05-31 18:39:24.209916,1881.2069746110997,True,89009.97475601675,36.686020983800425,0.0,9095.817408915282,225.93798872973474,306.1543362464962,76.53858406162405,-10990.025243983255,-2050.9627666463584,False
2026-05-31 19:39:24.209916,1876.9833205717157,True,88853.91774413109,37.24686743131658,0.0,9103.294922296822,225.93798872973474,306.1543362464962,76.53858406162405,-11146.08225586891,-2199.542265150474,False
2026-05-31 20:39:24.209916,1877.2156693829734,True,88862.56085385512,37.19807256837813,0.0,9104.46517417568,225.93798872973474,306.1543362464962,76.53858406162405,-11137.439146144883,-2189.728903547588,False
2026-05-31 21:39:24.209916,1897.509698988102,True,89590.73376380102,34.594647940505475,0.0,9128.334576017003,225.93798872973474,306.1543362464962,76.53858406162405,-10409.266236198979,-1437.686591760361,False
2026-05-31 22:39:24.209916,1901.5015292431879,True,89727.7392707255,34.08532838062421,0.0,9134.904237258763,225.93798872973474,306.1543362464962,76.53858406162405,-10272.260729274494,-1294.1114235941168,False
2026-05-31 23:39:24.209916,1898.8434548347423,True,89636.73668205991,34.42481533276928,0.0,9144.65031614497,225.93798872973474,306.1543362464962,76.53858406162405,-10363.263317940087,-1375.3679333735035,False
2026-06-01 00:39:24.209916,1908.9773777841488,True,89978.86036421965,33.11667401937011,0.0,9163.762296212608,225.93798872973474,306.1543362464962,76.53858406162405,-10021.139635780346,-1014.1322711461236,False
2026-06-01 01:39:24.209916,1882.119774394008,True,89043.39733202069,36.564183161502235,0.0,9190.667266546176,225.93798872973474,306.1543362464962,76.53858406162405,-10956.602667979314,-1922.6903330115238,False
2026-06-01 02:39:24.209916,1884.9754962308782,True,89147.26574642463,36.19885238891644,0.0,9197.435704524298,225.93798872973474,306.1543362464962,76.53858406162405,-10852.73425357537,-1812.0534806294581,False
2026-06-01 03:39:24.209916,1894.324372951982,True,89479.94797099159,35.007346101857046,0.0,9206.96303478476,225.93798872973474,306.1543362464962,76.53858406162405,-10520.05202900841,-1469.8439258020353,False
2026-06-01 04:39:24.209916,1876.4643007021518,True,88834.57868656877,37.295667173741414,0.0,9244.917029157446,225.93798872973474,306.1543362464962,76.53858406162405,-11165.42131343123,-2077.2592158521693,False
2026-06-01 05:39:24.209916,1890.2841868576384,True,89337.55609842013,35.51763424033227,0.0,9263.703076467516,225.93798872973474,306.1543362464962,76.53858406162405,-10662.44390157987,-1555.4957566907397,False
2026-06-01 06:39:24.209916,1894.401308838397,True,89482.63736065108,34.9830600281514,0.0,9271.13017940453,225.93798872973474,306.1543362464962,76.53858406162405,-10517.362639348925,-1402.98739152278,False
2026-06-01 07:39:24.209916,1889.3754344431975,True,89305.24003352653,35.63921040577707,0.0,9284.441063894663,225.93798872973474,306.1543362464962,76.53858406162405,-10694.759966473473,-1567.073834157196,False
2026-06-01 08:39:24.209916,1897.0661107890978,True,89575.38257394443,34.64318246098121,0.0,9293.110120542333,225.93798872973474,306.1543362464962,76.53858406162405,-10424.61742605557,-1288.2622370916233,False
2026-06-01 09:39:24.209916,1924.8937459099352,True,90489.96859674693,31.112885935117944,0.0,9320.223417126579,225.93798872973474,306.1543362464962,76.53858406162405,-9510.031403253073,-346.5629177048796,False
2026-06-01 10:39:24.209916,1927.1502363607249,True,90559.85511715423,30.84794715316606,0.0,9324.349602721688,225.93798872973474,306.1543362464962,76.53858406162405,-9440.144882845765,-272.55021170246266,False
2026-06-01 11:39:24.209916,1930.2302625208117,True,90654.21909412429,30.46284166767555,0.0,9332.637117232787,225.93798872973474,306.1543362464962,76.53858406162405,-9345.780905875712,-169.89872022131036,False
2026-06-01 12:39:24.209916,1924.5655001849998,True,90479.74976944557,31.161072279393135,0.0,9338.791993870835,225.93798872973474,306.1543362464962,76.53858406162405,-9520.250230554433,-338.2131682619839,False
2026-06-01 13:39:24.209916,1914.1198660710677,True,90147.49003170998,32.48808671839153,0.0,9345.845750493307,225.93798872973474,306.1543362464962,76.53858406162405,-9852.509968290018,-663.419149375097,False
2026-06-01 14:39:24.209916,1924.3467931467196,True,90472.93323134104,31.185167258488526,0.0,9359.985659248523,225.93798872973474,306.1543362464962,76.53858406162405,-9527.066768658959,-323.8360409888211,False
2026-06-01 15:39:24.209916,1913.8257939829307,True,90137.93560904036,32.51224804655018,0.0,9379.580823527089,225.93798872973474,306.1543362464962,76.53858406162405,-9862.06439095964,-639.238499010937,False
2026-06-01 16:39:24.209916,1914.7149550023864,True,90166.78598123943,32.39145348491107,0.0,9383.87848403865,225.93798872973474,306.1543362464962,76.53858406162405,-9833.21401876057,-606.0904663003041,False
2026-06-01 17:39:24.209916,1908.871817871839,True,89975.36435777697,33.140866776108076,0.0,9392.604743300833,225.93798872973474,306.1543362464962,76.53858406162405,-10024.635642223031,-788.7858305005832,False
2026-06-01 18:39:24.209916,1914.7530443806259,True,90168.01975156294,32.39145348491107,0.0,9401.515177375339,225.93798872973474,306.1543362464962,76.53858406162405,-9831.98024843706,-587.2200026401061,False
2026-06-01 19:39:24.209916,1918.8639925278403,True,90300.09369378819,31.884445949583565,0.0,9412.194758229423,225.93798872973474,306.1543362464962,76.53858406162405,-9699.906306211808,-444.4664795607697,False
2026-06-01 20:39:24.209916,1931.6804231096341,True,90698.23757648071,30.270404419999036,0.0,9423.489415816466,225.93798872973474,306.1543362464962,76.53858406162405,-9301.762423519292,-35.02793928121187,False
2026-06-01 21:39:24.209916,1925.3860678810172,True,90505.27132061885,31.06470440899531,0.0,9432.913943755879,225.93798872973474,306.1543362464962,76.53858406162405,-9494.72867938115,-218.5696672036576,False
2026-06-01 22:39:24.209916,1922.0688804577564,True,90401.58223732721,31.47440099293177,0.0,9439.705829851067,225.93798872973474,306.1543362464962,76.53858406162405,-9598.41776267279,-315.46686440010865,False
2026-06-01 23:39:24.209916,1910.0575746770717,True,90014.55981467199,32.99572837767744,0.0,9461.14795718113,225.93798872973474,306.1543362464962,76.53858406162405,-9985.440185328014,-681.0471597252692,False
2026-06-02 00:39:24.209916,1904.6359794302164,True,89833.89284738536,33.673413562201354,0.0,9469.255182651883,225.93798872973474,306.1543362464962,76.53858406162405,-10166.10715261464,-853.6069015411433,False
2026-06-02 01:39:24.209916,1909.2592442448838,True,89988.19030257754,33.09248247217919,0.0,9477.654823179153,225.93798872973474,306.1543362464962,76.53858406162405,-10011.80969742246,-690.9098058216935,False
2026-06-02 02:39:24.209916,1918.5578832984575,True,90290.3315817704,31.90857709645829,0.0,9484.724476961448,225.93798872973474,306.1543362464962,76.53858406162405,-9709.668418229601,-381.6988728465386,False
2026-06-02 03:39:24.209916,1907.2604042050427,True,89921.81330294923,33.33445238096629,0.0,9499.297604312133,225.93798872973474,306.1543362464962,76.53858406162405,-10078.186697050769,-735.6440243170221,False
2026-06-02 04:39:24.209916,1917.9334517683676,True,90270.38491994726,32.005113749832276,0.0,9518.628543153784,225.93798872973474,306.1543362464962,76.53858406162405,-9729.61508005274,-367.7414684773413,False
2026-06-02 05:39:24.209916,1934.684858448636,True,90788.60557063908,29.90979197596251,0.0,9537.487150208748,225.93798872973474,306.1543362464962,76.53858406162405,-9211.394429360924,169.3377892694388,False
2026-06-02 06:39:24.209916,1939.830360250637,True,90940.76651964514,29.261370708444904,0.0,9546.588273271494,225.93798872973474,306.1543362464962,76.53858406162405,-9059.233480354858,330.59986133825066,False
2026-06-02 07:39:24.209916,1963.3214089431142,True,91594.0224022444,26.390065236071933,0.0,9585.902689136352,225.93798872973474,306.1543362464962,76.53858406162405,-8405.977597755598,1023.1701598023683,False
2026-06-02 08:39:24.209916,1953.6176994313023,True,91332.37150505529,27.560434359397654,0.0,9599.595919608762,225.93798872973474,306.1543362464962,76.53858406162405,-8667.628494944714,775.2124930856625,False
2026-06-02 09:39:24.209916,1938.1028825714006,True,90890.04785665858,29.477413879920714,0.0,9624.18287346319,225.93798872973474,306.1543362464962,76.53858406162405,-9109.95214334142,357.4757985433861,False
2026-06-02 10:39:24.209916,1916.1397765798574,True,90212.80983542927,32.22239182176451,0.0,9648.639445615447,225.93798872973474,306.1543362464962,76.53858406162405,-9787.190164570726,-295.30565053366456,False
2026-06-02 11:39:24.209916,1934.6160635811266,True,90786.54793046284,29.90979197596251,0.0,9674.733422927147,225.93798872973474,306.1543362464962,76.53858406162405,-9213.452069537161,304.5264218116007,False
2026-06-02 12:39:24.209916,1942.7596830337327,True,91025.92812868324,28.90151471816437,0.0,9690.501198167442,225.93798872973474,306.1543362464962,76.53858406162405,-8974.071871316759,559.6743952722971,False
2026-06-02 13:39:24.209916,1942.078624745387,True,91006.22452173199,28.99744992899205,0.0,9693.320218801417,225.93798872973474,306.1543362464962,76.53858406162405,-8993.775478268013,542.789808955018,False
2026-06-02 14:39:24.209916,1945.5784419375855,True,91106.87677255654,28.565892530389164,0.0,9698.873097581294,225.93798872973474,306.1543362464962,76.53858406162405,-8893.123227443459,648.9949385594499,False
2026-06-02 15:39:24.209916,1931.6025040528793,True,90695.88049358058,30.294454866814707,0.0,9721.643921462304,225.93798872973474,306.1543362464962,76.53858406162405,-9304.119506419418,260.7694834645007,False
2026-06-02 16:39:24.209916,1962.1374906769845,True,91562.71377464168,26.53322173738362,0.0,9776.502614110572,225.93798872973474,306.1543362464962,76.53858406162405,-8437.286225358315,1182.4614571738712,False
2026-06-02 17:39:24.209916,1963.774780634762,True,91605.96542145322,26.318503088107047,0.0,9778.665467704057,225.93798872973474,306.1543362464962,76.53858406162405,-8394.03457854678,1227.8759575788918,False
2026-06-02 18:39:24.209916,1965.163650233424,True,91642.400328571,26.15156647944225,0.0,9783.841472035732,225.93798872973474,306.1543362464962,76.53858406162405,-8357.599671428994,1269.4868690283529,False
2026-06-02 19:39:24.209916,1974.339352335209,True,91877.24252829212,25.05600674955878,0.0,9796.833813866911,225.93798872973474,306.1543362464962,76.53858406162405,-8122.757471707882,1517.3214105806437,False
2026-06-02 20:39:24.209916,1980.4480489763334,True,92027.95749555084,24.31911465891621,0.0,9808.327427781076,225.93798872973474,306.1543362464962,76.53858406162405,-7972.042504449157,1679.5299917535335,False
2026-06-02 21:39:24.209916,1983.3038135809004,True,92096.88066909366,23.98669886849531,0.0,9816.413567889687,225.93798872973474,306.1543362464962,76.53858406162405,-7903.119330906338,1756.5393054049632,False
2026-06-02 22:39:24.209916,1973.2902614923532,True,91850.90649278731,25.174967311972154,0.0,9826.661732313585,225.93798872973474,306.1543362464962,76.53858406162405,-8149.093507212689,1520.8132935225112,False
2026-06-02 23:39:24.209916,1979.2746505091475,True,91999.3552486067,24.461649812924122,0.0,9834.704556603088,225.93798872973474,306.1543362464962,76.53858406162405,-8000.644751393294,1677.304873631408,False
2026-06-03 00:39:24.209916,2003.3105114401026,True,92552.47197439452,21.5954383029188,0.0,9866.318720942596,225.93798872973474,306.1543362464962,76.53858406162405,-7447.528025605483,2262.035763758727,False
2026-06-03 01:39:24.209916,2020.6752458015003,True,92909.62505790833,19.568812222128805,0.0,9886.194297430227,225.93798872973474,306.1543362464962,76.53858406162405,-7090.374942091672,2639.0644237601696,False
2026-06-03 02:39:24.209916,2041.4303983090053,True,93290.51227669165,17.17640887201958,0.0,9935.756126904986,225.93798872973474,306.1543362464962,76.53858406162405,-6709.487723308353,3069.5134720182464,False
2026-06-03 03:39:24.209916,2034.7627807152264,True,93173.56901067258,17.925653791604862,0.0,9943.961647446153,225.93798872973474,306.1543362464962,76.53858406162405,-6826.4309893274185,2960.7757265403484,False
2026-06-03 04:39:24.209916,2021.9067098264118,True,92933.61588614856,19.42774462587681,0.0,9959.983210802076,225.93798872973474,306.1543362464962,76.53858406162405,-7066.38411385144,2736.8441653722507,False
2026-06-03 05:39:24.209916,2020.2884921891502,True,92902.05448219435,19.615844159032722,0.0,9964.140253530855,225.93798872973474,306.1543362464962,76.53858406162405,-7097.945517805652,2709.439804146817,False
2026-06-03 06:39:24.209916,2021.0218653596758,True,92916.3947722334,19.521784987948354,0.0,9966.038620704876,225.93798872973474,306.1543362464962,76.53858406162405,-7083.605227766602,2725.678461359888,False
2026-06-03 07:39:24.209916,2035.259639474162,True,93182.46030939848,17.878790856837497,0.0,9984.489507671602,225.93798872973474,306.1543362464962,76.53858406162405,-6817.539690601523,3010.194885491693,False
2026-06-03 08:39:24.209916,2013.3084799068745,True,92762.41871021644,20.416107058958147,0.0,10018.747936969572,225.93798872973474,306.1543362464962,76.53858406162405,-7237.581289783557,2624.4117156076295,False
2026-06-03 09:39:24.209916,2033.158374585291,True,93144.66660681686,18.113152398295618,0.0,10044.399234808001,225.93798872973474,306.1543362464962,76.53858406162405,-6855.333393183144,3032.3109100464712,False
2026-06-03 10:39:24.209916,2031.1115700465937,True,93107.3635481255,18.34763114396302,0.0,10048.74570444689,225.93798872973474,306.1543362464962,76.53858406162405,-6892.636451874496,2999.3543209940085,False
2026-06-03 11:39:24.209916,2025.572456860161,True,93003.98684653046,19.00479565725789,0.0,10056.547318081783,225.93798872973474,306.1543362464962,76.53858406162405,-6996.013153469539,2903.7792330338575,False
2026-06-03 12:39:24.209916,2012.4841591866796,True,92745.55239869186,20.510345103399917,0.0,10068.811880317582,225.93798872973474,306.1543362464962,76.53858406162405,-7254.447601308144,2657.6093474310524,False
2026-06-03 13:39:24.209916,1991.2586574803336,True,92283.72299860901,23.014532912376673,0.0,10102.392852551515,225.93798872973474,306.1543362464962,76.53858406162405,-7716.27700139099,2229.3609195821386,False
2026-06-03 14:39:24.209916,2001.8057763921292,True,92519.85740135124,21.784405043615852,0.0,10129.589796863791,225.93798872973474,306.1543362464962,76.53858406162405,-7480.142598648759,2492.692266636646,False
2026-06-03 15:39:24.209916,2002.7583029546201,True,92540.53412799533,21.66629197345474,0.0,10132.635156626922,225.93798872973474,306.1543362464962,76.53858406162405,-7459.465872004672,2516.4143530438646,False
2026-06-03 16:39:24.209916,1986.2762535643624,True,92167.58147624758,23.630797201325386,0.0,10158.472375262389,225.93798872973474,306.1543362464962,76.53858406162405,-7832.418523752422,2169.298919931581,False
2026-06-03 17:39:24.209916,1969.865216358535,True,91764.00531099466,25.603471656860496,0.0,10188.308838437646,225.93798872973474,306.1543362464962,76.53858406162405,-8235.99468900534,1795.5592178539205,False
2026-06-03 18:39:24.209916,1965.6406959946992,True,91654.86151161218,26.103881035656958,0.0,10193.47510671662,225.93798872973474,306.1543362464962,76.53858406162405,-8345.13848838782,1691.581686750414,False
2026-06-03 19:39:24.209916,1986.7962087600172,True,92179.83898018874,23.559648891835405,0.0,10244.754353091279,225.93798872973474,306.1543362464962,76.53858406162405,-7820.161019811261,2267.838401701632,False
2026-06-03 20:39:24.209916,1983.5039759754545,True,92101.67484942298,23.96296378582745,0.0,10251.380572765653,225.93798872973474,306.1543362464962,76.53858406162405,-7898.325150577017,2196.30049061025,False
2026-06-03 21:39:24.209916,1964.4938187710636,True,91624.85864560917,26.246951673122695,0.0,10296.828605373277,225.93798872973474,306.1543362464962,76.53858406162405,-8375.141354390827,1764.932319404064,False
2026-06-03 22:39:24.209916,1961.412660814567,True,91543.4628486518,26.628683265932285,0.0,10301.640323175383,225.93798872973474,306.1543362464962,76.53858406162405,-8456.537151348195,1688.348240248802,False
2026-06-03 23:39:24.209916,1957.9976480442867,True,91451.89474235878,27.034607817608894,0.0,10312.793346811912,225.93798872973474,306.1543362464962,76.53858406162405,-8548.105257641218,1607.933157592308,False
2026-06-04 00:39:24.209916,1924.4483755710107,True,90476.10109623309,31.185167258488526,0.0,10374.127516000037,225.93798872973474,306.1543362464962,76.53858406162405,-9523.898903766909,693.4736806547425,False
2026-06-04 01:39:24.209916,1923.7896431906404,True,90455.54178164995,31.257459424328665,0.0,10377.275735179754,225.93798872973474,306.1543362464962,76.53858406162405,-9544.458218350046,676.062585251322,False
2026-06-04 02:39:24.209916,1920.9546774517394,True,90366.44543248675,31.61908294750563,0.0,10383.430832061784,225.93798872973474,306.1543362464962,76.53858406162405,-9633.554567513245,593.121332970153,False
2026-06-04 03:39:24.209916,1929.5582754767624,True,90633.73099693112,30.535025481968347,0.0,10396.292663540955,225.93798872973474,306.1543362464962,76.53858406162405,-9366.269003068883,873.2687288936867,False
2026-06-04 04:39:24.209916,1952.5764243461092,True,91303.61294385916,27.70394200655856,0.0,10444.887247406963,225.93798872973474,306.1543362464962,76.53858406162405,-8696.38705614084,1591.7452596877374,False
2026-06-04 05:39:24.209916,1966.7401341882023,True,91683.47339731152,25.960853310799667,0.0,10467.14417148579,225.93798872973474,306.1543362464962,76.53858406162405,-8316.526602688478,1993.862637218926,False
2026-06-04 06:39:24.209916,1963.3641123269279,True,91595.14934732905,26.390065236071933,0.0,10470.690114581948,225.93798872973474,306.1543362464962,76.53858406162405,-8404.850652670953,1909.0845303326091,False
2026-06-04 07:39:24.209916,1949.497388935995,True,91217.79045667652,28.062899525343536,0.0,10485.68115726784,225.93798872973474,306.1543362464962,76.53858406162405,-8782.209543323479,1546.7166823659754,False
2026-06-04 08:39:24.209916,1981.9359070775365,True,92063.98694046447,24.129134287793356,0.0,10529.651582668339,225.93798872973474,306.1543362464962,76.53858406162405,-7936.0130595355295,2436.8835915544237,False
2026-06-04 09:39:24.209916,1982.6997613470844,True,92082.38358794278,24.057911237083154,0.0,10532.706339311244,225.93798872973474,306.1543362464962,76.53858406162405,-7917.616412057221,2458.334995675637,False
2026-06-04 10:39:24.209916,1982.8881326961398,True,92086.90885184298,24.034172594063854,0.0,10534.668866060847,225.93798872973474,306.1543362464962,76.53858406162405,-7913.091148157022,2464.822786325439,False
2026-06-04 11:39:24.209916,1982.5928060706897,True,92079.81046739692,24.057911237083154,0.0,10537.757190781003,225.93798872973474,306.1543362464962,76.53858406162405,-7920.189532603079,2460.8127265995386,False
2026-06-04 12:39:24.209916,1985.1233187453715,True,92140.28160551912,23.749401434628513,0.0,10540.651876326901,225.93798872973474,306.1543362464962,76.53858406162405,-7859.7183944808785,2524.178550267637,False
2026-06-04 13:39:24.209916,1983.2983802362862,True,92096.75034109254,23.98669886849531,0.0,10545.070892086584,225.93798872973474,306.1543362464962,76.53858406162405,-7903.249658907458,2485.0663016007397,False
2026-06-04 14:39:24.209916,1976.0294301947033,True,91919.38860898928,24.84195266426103,0.0,10551.850090524724,225.93798872973474,306.1543362464962,76.53858406162405,-8080.611391010723,2314.4837679356147,False
2026-06-04 15:39:24.209916,1969.1254352666685,True,91745.04662388052,25.674926547429404,0.0,10565.95483498852,225.93798872973474,306.1543362464962,76.53858406162405,-8254.953376119476,2154.246527290659,False
2026-06-04 16:39:24.209916,1968.7232615954188,True,91734.71331948056,25.722569095765817,0.0,10568.183208313643,225.93798872973474,306.1543362464962,76.53858406162405,-8265.286680519435,2146.141596215822,False
2026-06-04 17:39:24.209916,1961.8879842074696,True,91556.09317197083,26.55708532973642,0.0,10580.852106615863,225.93798872973474,306.1543362464962,76.53858406162405,-8443.906828029169,1980.1903470083084,False
2026-06-04 18:39:24.209916,1952.9541989736952,True,91314.06222470247,27.656101340742833,0.0,10591.745181168566,225.93798872973474,306.1543362464962,76.53858406162405,-8685.937775297527,1749.0524742926532,False
2026-06-04 19:39:24.209916,1954.2982746145892,True,91351.09826578852,27.488696678006107,0.0,10597.035891386495,225.93798872973474,306.1543362464962,76.53858406162405,-8648.901734211482,1791.3792255966268,False
2026-06-04 20:39:24.209916,1951.1176047692568,True,91263.09541029276,27.871422014577732,0.0,10605.449969859568,225.93798872973474,306.1543362464962,76.53858406162405,-8736.904589707236,1711.7904485739468,False
2026-06-04 21:39:24.209916,1970.0315458961738,True,91768.25763274006,25.579655741615582,0.0,10638.688718421452,225.93798872973474,306.1543362464962,76.53858406162405,-8231.74236725994,2250.1914195831264,False
2026-06-04 22:39:24.209916,1936.846114906079,True,90852.91845125033,29.64551468068881,0.0,10684.676538534066,225.93798872973474,306.1543362464962,76.53858406162405,-9147.081548749673,1380.8400582060076,False
2026-06-04 23:39:24.209916,1950.457316061813,True,91244.67316694267,27.967151196563787,0.0,10709.344983287952,225.93798872973474,306.1543362464962,76.53858406162405,-8755.326833057334,1797.2632186522328,False
2026-06-05 00:39:24.209916,1966.1115057157806,True,91667.13345725901,26.05620035993931,0.0,10728.287253300792,225.93798872973474,306.1543362464962,76.53858406162405,-8332.866542740987,2238.6657789814194,False
2026-06-05 01:39:24.209916,1940.1625411173009,True,90950.47675898718,29.21337431533167,0.0,10777.107600202275,225.93798872973474,306.1543362464962,76.53858406162405,-9049.523241012823,1570.8294276110664,False
2026-06-05 02:39:24.209916,1935.9160507491154,True,90825.31167980586,29.741598698949023,0.0,10789.705649310941,225.93798872973474,306.1543362464962,76.53858406162405,-9174.688320194138,1458.2623975384176,False
2026-06-05 03:39:24.209916,1931.322829081683,True,90687.40736988398,30.31850651612269,0.0,10800.984542701202,225.93798872973474,306.1543362464962,76.53858406162405,-9312.592630116022,1331.6369810067954,False
2026-06-05 04:39:24.209916,1913.9858006644017,True,90143.13450315228,32.48808671839153,0.0,10822.02802387672,225.93798872973474,306.1543362464962,76.53858406162405,-9856.86549684772,808.4075954506151,False
2026-06-05 05:39:24.209916,1904.476760581045,True,89828.53095206174,33.69763415522063,0.0,10839.019211797633,225.93798872973474,306.1543362464962,76.53858406162405,-10171.469047938255,510.7952322809923,False
2026-06-05 06:39:24.209916,1890.97684781067,True,89362.11621613581,35.42039518822172,0.0,10853.287220623317,225.93798872973474,306.1543362464962,76.53858406162405,-10637.883783864192,58.648505180739306,False
2026-06-05 07:39:24.209916,1912.3490821513365,True,90089.80068233851,32.705582166196955,0.0,10891.539829835365,225.93798872973474,306.1543362464962,76.53858406162405,-9910.199317661492,824.5855805954869,False
2026-06-05 08:39:24.209916,1923.865314889059,True,90457.90708669284,31.257459424328665,0.0,10912.168852741783,225.93798872973474,306.1543362464962,76.53858406162405,-9542.092913307162,1213.3210078562352,False
2026-06-05 09:39:24.209916,1939.6227506067678,True,90934.69051933536,29.285370704836232,0.0,10925.784929463856,225.93798872973474,306.1543362464962,76.53858406162405,-9065.30948066464,1703.72051722083,False
2026-06-05 10:39:24.209916,1948.6280481979989,True,91193.34981190896,28.182611867331044,0.0,10935.876857503024,225.93798872973474,306.1543362464962,76.53858406162405,-8806.650188091036,1972.4717378336022,False
2026-06-05 11:39:24.209916,1934.5860187120984,True,90785.64929468028,29.90979197596251,0.0,10955.489581658041,225.93798872973474,306.1543362464962,76.53858406162405,-9214.350705319725,1584.3839447599312,False
2026-06-05 12:39:24.209916,1928.1029149876467,True,90589.1690257712,30.727568593948035,0.0,10965.395633241314,225.93798872973474,306.1543362464962,76.53858406162405,-9410.830974228797,1397.8097274341326,False
2026-06-05 13:39:24.209916,1934.1722747439487,True,90773.26622113373,29.957858010841754,0.0,10972.534649969699,225.93798872973474,306.1543362464962,76.53858406162405,-9226.73377886627,1589.0459395250437,False
2026-06-05 14:39:24.209916,1919.0890030444589,True,90307.26183196262,31.86031600917567,0.0,10998.347290898813,225.93798872973474,306.1543362464962,76.53858406162405,-9692.73816803738,1148.8541912830478,False
2026-06-05 15:39:24.209916,1927.89176631721,True,90582.6814295942,30.751641898401036,0.0,11013.60542121021,225.93798872973474,306.1543362464962,76.53858406162405,-9417.318570405798,1439.5319192260267,False
2026-06-05 16:39:24.209916,1924.9348687225634,True,90491.24804612555,31.112885935117944,0.0,11019.172377806764,225.93798872973474,306.1543362464962,76.53858406162405,-9508.751953874453,1353.6654923539263,False
2026-06-05 17:39:24.209916,1920.3260923126554,True,90346.5532360162,31.69144020232627,0.0,11025.740117880465,225.93798872973474,306.1543362464962,76.53858406162405,-9653.446763983797,1215.5384223182828,False
2026-06-05 18:39:24.209916,1929.1093207100212,True,90620.01406268508,30.607220124104074,0.0,11045.072370367074,225.93798872973474,306.1543362464962,76.53858406162405,-9379.985937314923,1508.3315014737655,False
2026-06-05 19:39:24.209916,1934.6222931335476,True,90786.73425507985,29.90979197596251,0.0,11060.6453374909,225.93798872973474,306.1543362464962,76.53858406162405,-9213.26574492015,1690.6246609923633,False
2026-06-05 20:39:24.209916,1930.161745532593,True,90652.13187196064,30.46284166767555,0.0,11067.563633493004,225.93798872973474,306.1543362464962,76.53858406162405,-9347.868128039365,1562.940573875254,False
2026-06-05 21:39:24.209916,1944.571261461596,True,91078.06508207605,28.685730630059236,0.0,11085.796727950776,225.93798872973474,306.1543362464962,76.53858406162405,-8921.93491792395,2007.1068784484391,False
2026-06-05 22:39:24.209916,1931.1524645079478,True,90682.24219473073,30.342559367983107,0.0,11109.571505758493,225.93798872973474,306.1543362464962,76.53858406162405,-9317.75780526927,1635.058768910838,False
2026-06-05 23:39:24.209916,1938.803801718432,True,90910.67098755206,29.38138269069985,0.0,11120.764308416004,225.93798872973474,306.1543362464962,76.53858406162405,-9089.329012447939,1874.6803643896797,False
2026-06-06 00:39:24.209916,1946.2005442853779,True,91124.60795664598,28.47004361809617,0.0,11132.335139864399,225.93798872973474,306.1543362464962,76.53858406162405,-8875.392043354019,2100.1881649319944,False
2026-06-06 01:39:24.209916,1942.3534571180373,True,91014.1814556701,28.949479925317817,0.0,11141.20462311199,225.93798872973474,306.1543362464962,76.53858406162405,-8985.8185443299,1998.6311472037028,False
2026-06-06 02:39:24.209916,1946.4297143287367,True,91131.12867285879,28.446084385001964,0.0,11145.391179893048,225.93798872973474,306.1543362464962,76.53858406162405,-8868.871327141213,2119.7649211734492,False
2026-06-06 03:39:24.209916,1930.8920306270636,True,90674.33836877246,30.36661342245594,0.0,11180.251965455918,225.93798872973474,306.1543362464962,76.53858406162405,-9325.661631227544,1697.8354026499887,False
2026-06-06 04:39:24.209916,1942.3748436143053,True,91014.80058361447,28.949479925317817,0.0,11198.46282542346,225.93798872973474,306.1543362464962,76.53858406162405,-8985.199416385527,2056.5084774595466,False
2026-06-06 05:39:24.209916,1940.084916142474,True,90948.20979501746,29.23737191196336,0.0,11202.82693609681,225.93798872973474,306.1543362464962,76.53858406162405,-9051.790204982535,1994.2817995358887,False
2026-06-06 06:39:24.209916,1933.605662531319,True,90756.27362208703,30.02996607569242,0.0,11213.351873665086,225.93798872973474,306.1543362464962,76.53858406162405,-9243.726377912972,1812.8705641737283,False
2026-06-06 07:39:24.209916,1946.6636786338759,True,91137.77933405814,28.422126349779514,0.0,11233.118705729856,225.93798872973474,306.1543362464962,76.53858406162405,-8862.220665941859,2214.143108209611,False
2026-06-06 08:39:24.209916,1937.9048396901453,True,90884.20965293911,29.50142467820067,0.0,11241.428255121724,225.93798872973474,306.1543362464962,76.53858406162405,-9115.790347060887,1968.8829764824509,False
2026-06-06 09:39:24.209916,1920.4970350132494,True,90351.9675384408,31.667319911482096,0.0,11282.469729494052,225.93798872973474,306.1543362464962,76.53858406162405,-9648.032461559196,1477.6823363564708,False
2026-06-06 10:39:24.209916,1901.4386689298012,True,89725.59665630161,34.08532838062421,0.0,11311.613668449549,225.93798872973474,306.1543362464962,76.53858406162405,-10274.403343698388,880.455393172775,False
2026-06-06 11:39:24.209916,1908.8508153159587,True,89974.66831487059,33.140866776108076,0.0,11325.649830056096,225.93798872973474,306.1543362464962,76.53858406162405,-10025.331685129408,1143.5632133483032,False
2026-06-06 12:39:24.209916,1893.257274186678,True,89442.5413964774,35.12879468569911,0.0,11357.556537872986,225.93798872973474,306.1543362464962,76.53858406162405,-10557.458603522595,643.3430027720059,False
2026-06-06 13:39:24.209916,1914.6862592851483,True,90165.85819248646,32.415609981528895,0.0,11381.304741046091,225.93798872973474,306.1543362464962,76.53858406162405,-9834.141807513544,1390.4080019541616,False
2026-06-06 14:39:24.209916,1889.3125847080794,True,89303.0001185927,35.63921040577707,0.0,11425.00897192934,225.93798872973474,306.1543362464962,76.53858406162405,-10696.999881407304,571.2541589436495,False
2026-06-06 15:39:24.209916,1909.9824910912246,True,90012.08237706775,32.99572837767744,0.0,11453.844872720014,225.93798872973474,306.1543362464962,76.53858406162405,-9987.917622932247,1309.172318209381,False
2026-06-06 16:39:24.209916,1912.5788851404036,True,90097.31025423143,32.68141117205722,0.0,11460.835607249395,225.93798872973474,306.1543362464962,76.53858406162405,-9902.68974576857,1401.39092990244,False
2026-06-06 17:39:24.209916,1911.404383032907,True,90058.8624604605,32.826455265896364,0.0,11462.63399102883,225.93798872973474,306.1543362464962,76.53858406162405,-9941.1375395395,1364.7415199109437,False
2026-06-06 18:39:24.209916,1904.7498664284753,True,89837.72781137709,33.673413562201354,0.0,11473.50241513357,225.93798872973474,306.1543362464962,76.53858406162405,-10162.272188622912,1154.475294932272,False
2026-06-06 19:39:24.209916,1909.6406997244746,True,90000.79992906551,33.044103006196906,0.0,11480.757202148388,225.93798872973474,306.1543362464962,76.53858406162405,-9999.200070934487,1324.8021996355164,False
2026-06-06 20:39:24.209916,1909.1909300555633,True,89985.92961646485,33.09248247217919,0.0,11483.463654315141,225.93798872973474,306.1543362464962,76.53858406162405,-10014.070383535145,1312.6383392016105,False
2026-06-06 21:39:24.209916,1922.7531644192986,True,90423.08609460988,31.402076289923468,0.0,11507.568773111596,225.93798872973474,306.1543362464962,76.53858406162405,-9576.913905390116,1773.8999361430938,False
2026-06-06 22:39:24.209916,1924.1726345822015,True,90467.501115091,31.20926344230275,0.0,11510.59327275981,225.93798872973474,306.1543362464962,76.53858406162405,-9532.498884909,1821.3394562724238,False
2026-06-06 23:39:24.209916,1926.038511025069,True,90525.50465967404,30.992441152793756,0.0,11514.120149120134,225.93798872973474,306.1543362464962,76.53858406162405,-9474.495340325957,1882.869877215791,False
2026-06-07 00:39:24.209916,1921.5651592227634,True,90385.71726033755,31.54673654491667,0.0,11521.90183635327,225.93798872973474,306.1543362464962,76.53858406162405,-9614.282739662449,1750.8641651124358,False
2026-06-07 01:39:24.209916,1920.8747721239565,True,90363.91889929965,31.61908294750563,0.0,11523.974975993415,225.93798872973474,306.1543362464962,76.53858406162405,-9636.08110070035,1731.1389437146786,False
2026-06-07 02:39:24.209916,1924.6797627696858,True,90483.3103141058,31.161072279393135,0.0,11533.121774435309,225.93798872973474,306.1543362464962,76.53858406162405,-9516.689685894205,1859.6771569627176,False
2026-06-07 03:39:24.209916,1903.705187883684,True,89802.50032924728,33.79452863789693,0.0,11561.277977332964,225.93798872973474,306.1543362464962,76.53858406162405,-10197.499670752717,1207.0233750018615,False
2026-06-07 04:39:24.209916,1887.3337259888865,True,89232.24661494361,35.906784975505865,0.0,11571.797173843757,225.93798872973474,306.1543362464962,76.53858406162405,-10767.753385056392,647.2888572089795,False
2026-06-07 05:39:24.209916,1896.3587277142215,True,89550.8523159301,34.74026606277416,0.0,11584.911897488282,225.93798872973474,306.1543362464962,76.53858406162405,-10449.147684069903,979.0092818399935,False
2026-06-07 06:39:24.209916,1898.4478805768522,True,89623.11628915794,34.47333286998425,0.0,11588.371616583167,225.93798872973474,306.1543362464962,76.53858406162405,-10376.883710842056,1054.7329741627254,False
2026-06-07 07:39:24.209916,1896.2209088337397,True,89546.06654844299,34.76453999708499,0.0,11591.388545217154,225.93798872973474,306.1543362464962,76.53858406162405,-10453.933451557008,980.7001620817609,False
2026-06-07 08:39:24.209916,1896.4558281309853,True,89554.22241356267,34.71599334206906,0.0,11592.819674213522,225.93798872973474,306.1543362464962,76.53858406162405,-10445.777586437325,990.2871561978118,False
2026-06-07 09:39:24.209916,1900.697089925907,True,89700.29268601794,34.18230040602252,0.0,11600.876467458407,225.93798872973474,306.1543362464962,76.53858406162405,-10299.707313982057,1144.414221897965,False
2026-06-07 10:39:24.209916,1894.142498146875,True,89473.58326280648,35.03163338983589,0.0,11617.422375905657,225.93798872973474,306.1543362464962,76.53858406162405,-10526.416737193518,934.250707133753,False
2026-06-07 11:39:24.209916,1884.7261467093695,True,89138.23796838232,36.2231992507204,0.0,11634.17879436584,225.93798872973474,306.1543362464962,76.53858406162405,-10861.762031617676,615.6618311697783,False
2026-06-07 12:39:24.209916,1887.1046531889974,True,89224.02254727168,35.93111723430424,0.0,11638.479319863132,225.93798872973474,306.1543362464962,76.53858406162405,-10775.977452728315,705.7469355564316,False
2026-06-07 13:39:24.209916,1875.3165440944565,True,88791.6925779754,37.44209568281337,0.0,11659.956703039587,225.93798872973474,306.1543362464962,76.53858406162405,-11208.307422024605,294.8943494365957,False
2026-06-07 14:39:24.209916,1880.2416854897708,True,88974.51231042495,36.8078892678388,0.0,11667.66925197488,225.93798872973474,306.1543362464962,76.53858406162405,-11025.48768957505,485.4266308214445,False
2026-06-07 15:39:24.209916,1859.841812340117,True,88196.67301070206,39.472203246714635,0.0,11693.099739653588,225.93798872973474,306.1543362464962,76.53858406162405,-11803.326989297944,-266.98218122274204,False
2026-06-07 16:39:24.209916,1872.1633947021483,True,88672.99195906548,37.857215082566505,0.0,11706.99505132588,225.93798872973474,306.1543362464962,76.53858406162405,-11327.008040934525,223.23207881296904,False
2026-06-07 17:39:24.209916,1877.8546892734296,True,88886.30200877815,37.12488942193982,0.0,11712.889640109372,225.93798872973474,306.1543362464962,76.53858406162405,-11113.697991221852,442.436717309134,False
2026-06-07 18:39:24.209916,1880.9500904999782,True,89000.54883288218,36.710392203425236,0.0,11718.409660205836,225.93798872973474,306.1543362464962,76.53858406162405,-10999.451167117819,562.2035615096319,False
2026-06-07 19:39:24.209916,1892.8476165031527,True,89428.14279250335,35.177382620849386,0.0,11738.162348887428,225.93798872973474,306.1543362464962,76.53858406162405,-10571.85720749665,1009.5502098123925,False
2026-06-07 20:39:24.209916,1913.1761783642048,True,90116.79626063476,32.60890544015089,0.0,11767.993062075262,225.93798872973474,306.1543362464962,76.53858406162405,-9883.203739365243,1728.0343911316336,False
2026-06-07 21:39:24.209916,1925.6685724504414,True,90514.03734916111,31.016527700543556,0.0,11785.107113054159,225.93798872973474,306.1543362464962,76.53858406162405,-9485.96265083889,2142.3895306368827,False
2026-06-07 22:39:24.209916,1903.0879488505157,True,89781.62174961003,33.867212217728934,0.0,11810.502252479264,225.93798872973474,306.1543362464962,76.53858406162405,-10218.378250389971,1435.3690705109075,False
2026-06-07 23:39:24.209916,1887.551799137756,True,89240.06653629111,35.85812410741343,0.0,11839.268626094841,225.93798872973474,306.1543362464962,76.53858406162405,-10759.93346370889,922.5802308075653,False
2026-06-08 00:39:24.209916,1880.017125344784,True,88966.24503489213,36.83226658072543,0.0,11847.74598827035,225.93798872973474,306.1543362464962,76.53858406162405,-11033.754965107873,657.2360915840908,False
2026-06-08 01:39:24.209916,1880.3423348587091,True,88978.2170012517,36.8078892678388,0.0,11850.532235931436,225.93798872973474,306.1543362464962,76.53858406162405,-11021.782998748298,671.9943056047522,False
2026-06-08 02:39:24.209916,1886.603400937793,True,89206.00377342296,35.979785401709364,0.0,11858.493267624248,225.93798872973474,306.1543362464962,76.53858406162405,-10793.996226577045,907.7421094688178,False
2026-06-08 03:39:24.209916,1877.8571610914164,True,88886.39377474759,37.12488942193982,0.0,11869.935622833806,225.93798872973474,306.1543362464962,76.53858406162405,-11113.606225252413,599.5744660030067,False
2026-06-08 04:39:24.209916,1880.11757550381,True,88969.94484192744,36.83226658072543,0.0,11873.156263668658,225.93798872973474,306.1543362464962,76.53858406162405,-11030.055158072559,686.3461740177135,False
2026-06-08 05:39:24.209916,1871.0458623560382,True,88630.61110721347,38.0038120728581,0.0,11885.936933231924,225.93798872973474,306.1543362464962,76.53858406162405,-11369.388892786534,359.79310886700466,False
2026-06-08 06:39:24.209916,1863.7359831034623,True,88349.36414591379,38.95776519735926,0.0,11902.490286775714,225.93798872973474,306.1543362464962,76.53858406162405,-11650.635854086213,95.09950111111525,False
2026-06-08 07:39:24.209916,1847.015737293925,True,87679.5943280763,41.16630771507452,0.0,11933.047331764867,225.93798872973474,306.1543362464962,76.53858406162405,-12320.405671923698,-544.1132717372167,False
2026-06-08 08:39:24.209916,1836.1269658083468,True,87223.43473828393,42.644200145562166,0.0,11956.88401071064,225.93798872973474,306.1543362464962,76.53858406162405,-12776.565261716067,-976.4361825838115,False
2026-06-08 09:39:24.209916,1820.2958291890297,True,86531.76754627585,44.77025905023426,0.0,11986.382996386346,225.93798872973474,306.1543362464962,76.53858406162405,-13468.232453724151,-1638.6043889161901,False
2026-06-08 10:39:24.209916,1808.9540378758852,True,86015.29552321271,46.33353232068884,0.0,11999.803796515303,225.93798872973474,306.1543362464962,76.53858406162405,-13984.704476787287,-2141.6556118503686,False
2026-06-08 11:39:24.209916,1821.2243424267024,True,86573.27200493246,44.64640052205183,0.0,12017.979039487545,225.93798872973474,306.1543362464962,76.53858406162405,-13426.727995067544,-1565.5038871583838,False
2026-06-08 12:39:24.209916,1810.183958278415,True,86072.15339427302,46.159592027687246,0.0,12032.403290950062,225.93798872973474,306.1543362464962,76.53858406162405,-13927.846605726983,-2052.1982463553068,False
2026-06-08 13:39:24.209916,1841.0008259262395,True,87429.57396308405,41.9785998843807,0.0,12103.232679585715,225.93798872973474,306.1543362464962,76.53858406162405,-12570.426036915946,-623.948288908616,False
2026-06-08 14:39:24.209916,1846.842688351777,True,87672.46867342854,41.19090294343578,0.0,12110.446797667275,225.93798872973474,306.1543362464962,76.53858406162405,-12327.531326571465,-373.8394604825754,False
2026-06-08 15:39:24.209916,1849.0428850500493,True,87762.77203022433,40.92042305312463,0.0,12116.94152710652,225.93798872973474,306.1543362464962,76.53858406162405,-12237.227969775675,-277.04137424753947,False
2026-06-08 16:39:24.209916,1838.9067889171993,True,87341.3961936092,42.249661902913715,0.0,12138.700463218236,225.93798872973474,306.1543362464962,76.53858406162405,-12658.603806390805,-676.6582747509549,False
2026-06-08 17:39:24.209916,1847.191501360563,True,87686.82988572877,41.16630771507452,0.0,12162.815694430597,225.93798872973474,306.1543362464962,76.53858406162405,-12313.170114271226,-307.1093514190144,False
2026-06-08 18:39:24.209916,1840.3980831089652,True,87404.25303540505,42.05251110558941,0.0,12173.189450804102,225.93798872973474,306.1543362464962,76.53858406162405,-12595.746964594946,-579.3124453692291,False
2026-06-08 19:39:24.209916,1841.8486393473718,True,87465.10706448209,41.855439148872854,0.0,12177.98777800365,225.93798872973474,306.1543362464962,76.53858406162405,-12534.892935517913,-513.6600890926494,False
2026-06-08 20:39:24.209916,1872.3365967189104,True,88679.5457407961,37.83278652609796,0.0,12269.71232807756,225.93798872973474,306.1543362464962,76.53858406162405,-11320.454259203907,792.503137295267,False
2026-06-08 21:39:24.209916,1871.1946427223338,True,88636.26262791362,37.97937618708971,0.0,12272.531442431238,225.93798872973474,306.1543362464962,76.53858406162405,-11363.737372086383,752.0391387664694,False
2026-06-08 22:39:24.209916,1885.0424139268364,True,89149.68809022283,36.19885238891644,0.0,12286.24471787006,225.93798872973474,306.1543362464962,76.53858406162405,-10850.31190977717,1279.1778765145045,False
2026-06-08 23:39:24.209916,1876.5748764801247,True,88838.70268398152,37.295667173741414,0.0,12294.179920553504,225.93798872973474,306.1543362464962,76.53858406162405,-11161.297316018477,976.1276729566416,False
2026-06-09 00:39:24.209916,1876.1647213286722,True,88823.40217381725,37.34447179614052,0.0,12297.066961596542,225.93798872973474,306.1543362464962,76.53858406162405,-11176.597826182755,963.7142038354013,False
2026-06-09 01:39:24.209916,1897.5949472938441,True,89593.67967796304,34.570382500160456,0.0,12315.561938773486,225.93798872973474,306.1543362464962,76.53858406162405,-10406.320322036961,1752.4866851581387,False
2026-06-09 02:39:24.209916,1889.9941523696284,True,89327.25274807171,35.541947042080245,0.0,12326.850688273084,225.93798872973474,306.1543362464962,76.53858406162405,-10672.74725192829,1497.348504766409,False
2026-06-09 03:39:24.209916,1912.0927816734552,True,90081.41736680522,32.72975436885608,0.0,12364.777024281244,225.93798872973474,306.1543362464962,76.53858406162405,-9918.582633194776,2289.4394595080826,False
2026-06-09 04:39:24.209916,1920.798849900907,True,90361.51944150131,31.643200826561902,0.0,12379.638257160394,225.93798872973474,306.1543362464962,76.53858406162405,-9638.48055849869,2584.402767083318,False
2026-06-09 05:39:24.209916,1913.8963177554206,True,90140.22849542473,32.51224804655018,0.0,12392.705461784817,225.93798872973474,306.1543362464962,76.53858406162405,-9859.77150457527,2376.179025631161,False
2026-06-09 06:39:24.209916,1921.6821970817305,True,90389.40551845485,31.522623488712682,0.0,12406.33290902031,225.93798872973474,306.1543362464962,76.53858406162405,-9610.594481545151,2638.9834958967726,False
2026-06-09 07:39:24.209916,1933.7117055787267,True,90759.45809120324,30.02996607569242,0.0,12433.72172148881,225.93798872973474,306.1543362464962,76.53858406162405,-9240.54190879676,3036.4248811136636,False
2026-06-09 08:39:24.209916,1941.4462926202473,True,90987.87691187116,29.069413929028936,0.0,12443.163519303305,225.93798872973474,306.1543362464962,76.53858406162405,-9012.123088128836,3274.285499596084,False
2026-06-09 09:39:24.209916,1922.0125114844593,True,90399.8080576581,31.47440099293177,0.0,12466.850566614143,225.93798872973474,306.1543362464962,76.53858406162405,-9600.191942341902,2709.9036926938547,False
2026-06-09 10:39:24.209916,1913.0850276777119,True,90113.8239365181,32.60890544015089,0.0,12478.242920022925,225.93798872973474,306.1543362464962,76.53858406162405,-9886.176063481893,2435.3119249626466,False
2026-06-09 11:39:24.209916,1910.0627590712027,True,90014.73087753254,32.99572837767744,0.0,12485.97329342165,225.93798872973474,306.1543362464962,76.53858406162405,-9985.269122467464,2343.9492393758005,False
2026-06-09 12:39:24.209916,1909.1624612477676,True,89984.98971295069,33.11667401937011,0.0,12489.925966366725,225.93798872973474,306.1543362464962,76.53858406162405,-10015.010287049314,2318.1607477390257,False
2026-06-09 13:39:24.209916,1916.7848727558762,True,90233.56411059437,32.14995493415518,0.0,12504.28864693179,225.93798872973474,306.1543362464962,76.53858406162405,-9766.435889405635,2581.0978259477683,False
2026-06-09 14:39:24.209916,1918.9806164980766,True,90303.80860234375,31.86031600917567,0.0,12511.196375281022,225.93798872973474,306.1543362464962,76.53858406162405,-9696.19139765625,2658.2500460463866,False
2026-06-09 15:39:24.209916,1902.634405700487,True,89766.25075774922,33.93990670037047,0.0,12528.70990976171,225.93798872973474,306.1543362464962,76.53858406162405,-10233.749242250778,2138.205735932546,False
2026-06-09 16:39:24.209916,1907.2882372552635,True,89922.74110243644,33.33445238096629,0.0,12542.501576602972,225.93798872973474,306.1543362464962,76.53858406162405,-10077.258897563559,2308.487747461027,False
2026-06-09 17:39:24.209916,1914.7793528853656,True,90168.87192227048,32.39145348491107,0.0,12562.03564617304,225.93798872973474,306.1543362464962,76.53858406162405,-9831.128077729518,2574.152636865137,False
2026-06-09 18:39:24.209916,1921.674036666431,True,90389.14828075585,31.522623488712682,0.0,12576.357750608842,225.93798872973474,306.1543362464962,76.53858406162405,-9610.85171924415,2808.751099786306,False
2026-06-09 19:39:24.209916,1935.045555705861,True,90799.37865061733,29.861730747206025,0.0,12611.418113844817,225.93798872973474,306.1543362464962,76.53858406162405,-9200.621349382665,3254.0418328837654,False
2026-06-09 20:39:24.209916,1945.4290124642328,True,91102.60818627989,28.565892530389164,0.0,12621.304964973808,225.93798872973474,306.1543362464962,76.53858406162405,-8897.39181372011,3567.158219675311,False
2026-06-09 21:39:24.209916,1951.1751962681913,True,91264.70056726402,27.871422014577732,0.0,12629.62423737065,225.93798872973474,306.1543362464962,76.53858406162405,-8735.299432735977,3737.5698730562867,False
2026-06-09 22:39:24.209916,1950.3088774323915,True,91240.52176135022,27.967151196563787,0.0,12631.984522223547,225.93798872973474,306.1543362464962,76.53858406162405,-8759.478238649783,3715.7513519953786,False
2026-06-09 23:39:24.209916,1929.6636200848804,True,90636.94769722439,30.535025481968347,0.0,12669.977435790614,225.93798872973474,306.1543362464962,76.53858406162405,-9363.052302775613,3150.170201436614,False
2026-06-10 00:39:24.209916,1934.9965029491802,True,90797.91385040492,29.861730747206025,0.0,12676.707876241922,225.93798872973474,306.1543362464962,76.53858406162405,-9202.086149595081,3317.8667950684553,False
2026-06-10 01:39:24.209916,1937.5855405980928,True,90874.78767549404,29.54944987635011,0.0,12683.441207637316,225.93798872973474,306.1543362464962,76.53858406162405,-9125.212324505963,3401.473951552967,False
2026-06-10 02:39:24.209916,1940.9728654041178,True,90974.10750253638,29.117395926103548,0.0,12693.209697320231,225.93798872973474,306.1543362464962,76.53858406162405,-9025.892497463617,3510.562268278228,False
2026-06-10 03:39:24.209916,1925.162342535414,True,90498.32106713856,31.088794569817637,0.0,12722.675799274704,225.93798872973474,306.1543362464962,76.53858406162405,-9501.67893286144,3064.241934834879,False
2026-06-10 04:39:24.209916,1911.877562836935,True,90074.37186714352,32.753927780095225,0.0,12745.015882503953,225.93798872973474,306.1543362464962,76.53858406162405,-9925.62813285648,2662.6328180690866,False
2026-06-10 05:39:24.209916,1924.8399740177535,True,90488.29681462215,31.136978504956307,0.0,12759.933032658033,225.93798872973474,306.1543362464962,76.53858406162405,-9511.703185377846,3091.474915701801,False
2026-06-10 06:39:24.209916,1924.3629330480205,True,90473.43655686265,31.185167258488526,0.0,12761.802868862245,225.93798872973474,306.1543362464962,76.53858406162405,-9526.563443137347,3078.484494146512,False
2026-06-10 07:39:24.209916,1932.7995780334197,True,90732.03033799716,30.12612698807616,0.0,12781.591093367628,225.93798872973474,306.1543362464962,76.53858406162405,-9267.96966200284,3356.866499786401,False
2026-06-10 08:39:24.209916,1933.1615204465843,True,90742.92773767971,30.102084957023237,0.0,12784.429039505663,225.93798872973474,306.1543362464962,76.53858406162405,-9257.07226232029,3370.6018456069883,False
2026-06-10 09:39:24.209916,1933.5413518846365,True,90754.34408805407,30.05400450089143,0.0,12786.67388351455,225.93798872973474,306.1543362464962,76.53858406162405,-9245.655911945927,3384.263039990237,False
2026-06-10 10:39:24.209916,1945.2176945064643,True,91096.56973417535,28.589857753740947,0.0,12802.611074274417,225.93798872973474,306.1543362464962,76.53858406162405,-8903.430265824645,3742.4258768713858,False
2026-06-10 11:39:24.209916,1938.804301224152,True,90910.68566372077,29.38138269069985,0.0,12808.435017436706,225.93798872973474,306.1543362464962,76.53858406162405,-9089.314336279233,3562.365749579088,False
2026-06-10 12:39:24.209916,1940.010419302009,True,90946.03170318654,29.23737191196336,0.0,12810.918970382092,225.93798872973474,306.1543362464962,76.53858406162405,-9053.968296813458,3600.195741990248,False
2026-06-10 13:39:24.209916,1934.2808160377951,True,90776.51788580308,29.957858010841754,0.0,12828.23580652085,225.93798872973474,306.1543362464962,76.53858406162405,-9223.482114196915,3447.998760745549,False
2026-06-10 14:39:24.209916,1928.911605787656,True,90613.96438830071,30.63128741128393,0.0,12834.553584057085,225.93798872973474,306.1543362464962,76.53858406162405,-9386.035611699292,3291.763040779407,False
2026-06-10 15:39:24.209916,1925.1033134112206,True,90496.48592282287,31.088794569817637,0.0,12842.066683950556,225.93798872973474,306.1543362464962,76.53858406162405,-9503.514077177126,3181.797675195044,False
2026-06-10 16:39:24.209916,1927.8576410294716,True,90581.63202096598,30.751641898401036,0.0,12849.664090196458,225.93798872973474,306.1543362464962,76.53858406162405,-9418.367979034025,3274.5411795840478,False
2026-06-10 17:39:24.209916,1921.9609520088322,True,90398.18661272124,31.49851163807119,0.0,12856.55841435898,225.93798872973474,306.1543362464962,76.53858406162405,-9601.813387278758,3097.990095501836,False
2026-06-10 18:39:24.209916,1937.5065474986507,True,90872.4534728615,29.54944987635011,0.0,12881.487393152596,225.93798872973474,306.1543362464962,76.53858406162405,-9127.546527138504,3597.1859344357067,False
2026-06-10 19:39:24.209916,1926.4377901950197,True,90537.8575798729,30.920188734725862,0.0,12904.376788873162,225.93798872973474,306.1543362464962,76.53858406162405,-9462.1424201271,3285.4794371676758,False
2026-06-10 20:39:24.209916,1924.142357545391,True,90466.55619107293,31.20926344230275,0.0,12909.36722263999,225.93798872973474,306.1543362464962,76.53858406162405,-9533.44380892707,3219.1684821345348,False
2026-06-10 21:39:24.209916,1918.7368988940043,True,90296.04138368962,31.884445949583565,0.0,12931.516116683517,225.93798872973474,306.1543362464962,76.53858406162405,-9703.958616310381,3070.8025687947497,False
2026-06-10 22:39:24.209916,1936.6289745620475,True,90846.48272695302,29.669533883798668,0.0,12947.828113471334,225.93798872973474,306.1543362464962,76.53858406162405,-9153.517273046979,3637.55590884597,False
2026-06-10 23:39:24.209916,1939.0818017395516,True,90918.83443582976,29.357377894069213,0.0,12954.932376530385,225.93798872973474,306.1543362464962,76.53858406162405,-9081.165564170238,3717.011880781761,False
2026-06-11 00:39:24.209916,1951.9620012336884,True,91286.57967150911,27.77571197555654,0.0,12973.629999630717,225.93798872973474,306.1543362464962,76.53858406162405,-8713.420328490887,4103.4547395614445,False
2026-06-11 01:39:24.209916,1933.4720654372663,True,90752.26175285297,30.05400450089143,0.0,13008.358274455311,225.93798872973474,306.1543362464962,76.53858406162405,-9247.738247147034,3603.865095729892,False
2026-06-11 02:39:24.209916,1936.7959712511818,True,90851.43191679294,29.64551468068881,0.0,13015.660363000903,225.93798872973474,306.1543362464962,76.53858406162405,-9148.568083207065,3710.3373482154525,False
2026-06-11 03:39:24.209916,1947.8843371507542,True,91172.36729533103,28.27840329039957,0.0,13029.480559587806,225.93798872973474,306.1543362464962,76.53858406162405,-8827.63270466897,4045.092923340451,False
2026-06-11 04:39:24.209916,1948.9232223847746,True,91201.65822806192,28.13472333931542,0.0,13032.891486351966,225.93798872973474,306.1543362464962,76.53858406162405,-8798.341771938081,4077.7947828354986,False
2026-06-11 05:39:24.209916,1962.29186856334,True,91566.80535342728,26.509359338120916,0.0,13044.50452528699,225.93798872973474,306.1543362464962,76.53858406162405,-8433.194646572723,4454.554947135881,False
2026-06-11 06:39:24.209916,1955.8065879030723,True,91392.3964616521,27.29744879097041,0.0,13057.346433823894,225.93798872973474,306.1543362464962,76.53858406162405,-8607.603538347903,4292.987963897605,False
2026-06-11 07:39:24.209916,1973.5681863988439,True,91857.8972415152,25.151172820337695,0.0,13086.058475855896,225.93798872973474,306.1543362464962,76.53858406162405,-8142.102758484805,4787.200785792706,False
2026-06-11 08:39:24.209916,2002.8801270319873,True,92543.1702172932,21.64267290243083,0.0,13136.589152374809,225.93798872973474,306.1543362464962,76.53858406162405,-7456.829782706802,5523.0044380896215,False
2026-06-11 09:39:24.209916,1998.2382158889868,True,92441.45843829404,22.186210414355237,0.0,13147.620433028187,225.93798872973474,306.1543362464962,76.53858406162405,-7558.5415617059625,5432.323939743839,False
2026-06-11 10:39:24.209916,1992.5508781421308,True,92313.36354988097,22.872431806626345,0.0,13158.192406997381,225.93798872973474,306.1543362464962,76.53858406162405,-7686.6364501190255,5314.80102529997,False
2026-06-11 11:39:24.209916,2011.2138627173283,True,92719.40661834842,20.67530703776739,0.0,13186.440836862139,225.93798872973474,306.1543362464962,76.53858406162405,-7280.593381651575,5749.092523632178,False
2026-06-11 12:39:24.209916,2031.6945054936496,True,93118.03669653527,18.2772752103339,0.0,13208.869741471639,225.93798872973474,306.1543362464962,76.53858406162405,-6881.963303464727,6170.151506428527,False
2026-06-11 13:39:24.209916,2024.907527134168,True,92991.33714714588,19.075260721682163,0.0,13217.60241673622,225.93798872973474,306.1543362464962,76.53858406162405,-7008.662852854119,6052.184632303715,False
2026-06-11 14:39:24.209916,2019.4719954265613,True,92886.01386945692,19.709922142891898,0.0,13230.491001090208,225.93798872973474,306.1543362464962,76.53858406162405,-7113.986130543082,5959.74993896874,False
2026-06-11 15:39:24.209916,2015.8387986733449,True,92813.69580636671,20.133505979252668,0.0,13240.679597197251,225.93798872973474,306.1543362464962,76.53858406162405,-7186.304193633288,5897.620471985578,False
2026-06-11 16:39:24.209916,1998.5508622764896,True,92448.3897911832,22.16256534935879,0.0,13264.045579377405,225.93798872973474,306.1543362464962,76.53858406162405,-7551.610208816797,5555.680438982223,False
2026-06-11 17:39:24.209916,1986.8270909760092,True,92180.56655435452,23.559648891835405,0.0,13281.985141874373,225.93798872973474,306.1543362464962,76.53858406162405,-7819.433445645482,5305.796764650506,False
2026-06-11 18:39:24.209916,1974.0899254724404,True,91870.9925189955,25.079796483008668,0.0,13296.606427373838,225.93798872973474,306.1543362464962,76.53858406162405,-8129.007481004504,5010.844014790948,False
2026-06-11 19:39:24.209916,1964.408444111853,True,91622.61782105477,26.246951673122695,0.0,13318.0324387289,225.93798872973474,306.1543362464962,76.53858406162405,-8377.382178945234,4783.895328205281,False
2026-06-11 20:39:24.209916,1963.9829140012782,True,91611.44042028353,26.294651423971715,0.0,13320.87236176496,225.93798872973474,306.1543362464962,76.53858406162405,-8388.559579716471,4775.5578504701025,False
2026-06-11 21:39:24.209916,1966.9451950560983,True,91688.79385105407,25.937019527812122,0.0,13331.302047155576,225.93798872973474,306.1543362464962,76.53858406162405,-8311.20614894593,4863.34096663126,False
2026-06-11 22:39:24.209916,1986.6047680458933,True,92175.32927028007,23.58336380926273,0.0,13353.361096231345,225.93798872973474,306.1543362464962,76.53858406162405,-7824.670729719932,5371.935434933028,False
2026-06-11 23:39:24.209916,1973.9422526642454,True,91867.28972969882,25.103587405915434,0.0,13370.394926042529,225.93798872973474,306.1543362464962,76.53858406162405,-8132.710270301177,5080.9297241629665,False
2026-06-12 00:39:24.209916,1986.4487545217735,True,92171.6515236014,23.607079912406313,0.0,13390.61774851132,225.93798872973474,306.1543362464962,76.53858406162405,-7828.348476398605,5405.51434053433,False
2026-06-12 01:39:24.209916,1983.7369379510471,True,92107.24626321107,23.915497180427685,0.0,13397.22594861017,225.93798872973474,306.1543362464962,76.53858406162405,-7892.753736788931,5347.717280242854,False
2026-06-12 02:39:24.209916,1983.119328835664,True,92092.45548906384,23.98669886849531,0.0,13399.647056262453,225.93798872973474,306.1543362464962,76.53858406162405,-7907.544510936161,5335.3476137479065,False
2026-06-12 03:39:24.209916,1991.7282604097472,True,92294.51768632504,22.96716114058094,0.0,13410.025561877299,225.93798872973474,306.1543362464962,76.53858406162405,-7705.482313674962,5547.788316623952,False
2026-06-12 04:39:24.209916,1977.455884692544,True,91954.6942826804,24.675532731987456,0.0,13437.696295485006,225.93798872973474,306.1543362464962,76.53858406162405,-8045.305717319599,5235.635646587021,False
2026-06-12 05:39:24.209916,1982.3208374067972,True,92073.26526576717,24.081651067004934,0.0,13448.127743460942,225.93798872973474,306.1543362464962,76.53858406162405,-7926.7347342328285,5364.638077649728,False
2026-06-12 06:39:24.209916,1984.4485479629948,True,92124.23284845128,23.844306171278443,0.0,13451.658440512736,225.93798872973474,306.1543362464962,76.53858406162405,-7875.767151548716,5419.136357385634,False
2026-06-12 07:39:24.209916,1990.7345386985655,True,92271.64491350962,23.085599452425566,0.0,13467.149295470987,225.93798872973474,306.1543362464962,76.53858406162405,-7728.355086490381,5582.03927740222,False
2026-06-12 08:39:24.209916,1994.4396626473763,True,92356.33170740226,22.65936005989404,0.0,13476.782388043173,225.93798872973474,306.1543362464962,76.53858406162405,-7643.668292597737,5676.359163867051,False
2026-06-12 09:39:24.209916,2026.0919983458234,True,93013.83282615311,18.934341161272165,0.0,13523.048462933857,225.93798872973474,306.1543362464962,76.53858406162405,-6986.167173846887,6380.126357508585,False
2026-06-12 10:39:24.209916,2017.8371512755896,True,92853.66283020857,19.89813456398643,0.0,13536.16809664847,225.93798872973474,306.1543362464962,76.53858406162405,-7146.337169791426,6233.0759952786575,False
2026-06-12 11:39:24.209916,2010.9915627206747,True,92714.8111378662,20.698877741707268,0.0,13549.103306084446,225.93798872973474,306.1543362464962,76.53858406162405,-7285.1888621338,6107.15951237226,False
2026-06-12 12:39:24.209916,2002.9856923663694,True,92545.45493329506,21.64267290243083,0.0,13558.799246860568,225.93798872973474,306.1543362464962,76.53858406162405,-7454.5450667049445,5947.499248577238,False
2026-06-12 13:39:24.209916,1995.8772449069797,True,92388.7481637315,22.470043424668518,0.0,13570.282161538427,225.93798872973474,306.1543362464962,76.53858406162405,-7611.251836268493,5802.275393691549,False
2026-06-12 14:39:24.209916,1987.749997258424,True,92202.24196140989,23.44109208836751,0.0,13576.995097838317,225.93798872973474,306.1543362464962,76.53858406162405,-7797.758038590109,5622.482127669822,False
2026-06-12 15:39:24.209916,2002.970584090881,True,92545.12794983055,21.64267290243083,0.0,13606.16416162236,225.93798872973474,306.1543362464962,76.53858406162405,-7454.872050169448,5994.537179874527,False
2026-06-12 16:39:24.209916,2021.305063438577,True,92921.91716374428,19.49827313423247,0.0,13622.720705244315,225.93798872973474,306.1543362464962,76.53858406162405,-7078.082836255722,6387.882937410208,False
2026-06-12 17:39:24.209916,2013.9344588984184,True,92775.17373194497,20.345440892721154,0.0,13641.003040111673,225.93798872973474,306.1543362464962,76.53858406162405,-7224.826268055025,6259.421840478262,False
2026-06-12 18:39:24.209916,2003.228349190116,True,92550.69979476545,21.61905501227181,0.0,13655.669591558779,225.93798872973474,306.1543362464962,76.53858406162405,-7449.300205234555,6049.614454745839,False
2026-06-12 19:39:24.209916,2009.3028511998793,True,92679.71395364375,20.8874858043826,0.0,13665.006920698854,225.93798872973474,306.1543362464962,76.53858406162405,-7320.286046356254,6187.965942764215,False
2026-06-12 20:39:24.209916,2002.2137515521185,True,92528.72703754417,21.73715627230698,0.0,13674.386613835348,225.93798872973474,306.1543362464962,76.53858406162405,-7471.272962455827,6046.3587198011355,False
2026-06-12 21:39:24.209916,2010.3656672192951,True,92701.84189987292,20.7695969247969,0.0,13686.087934947054,225.93798872973474,306.1543362464962,76.53858406162405,-7298.158100127082,6231.174903241586,False
2026-06-12 22:39:24.209916,2012.9940626426285,True,92755.99562983765,20.463223725345685,0.0,13694.171392697252,225.93798872973474,306.1543362464962,76.53858406162405,-7244.004370162351,6293.412090956515,False
2026-06-12 23:39:24.209916,1993.540221768812,True,92335.9221129178,22.754046777368515,0.0,13707.481234604822,225.93798872973474,306.1543362464962,76.53858406162405,-7664.077887082196,5886.648415944241,False
2026-06-13 00:39:24.209916,2013.4269499848942,True,92764.83740801258,20.416107058958147,0.0,13749.51587288906,225.93798872973474,306.1543362464962,76.53858406162405,-7235.1625919874205,6357.598349323254,False
2026-06-13 01:39:24.209916,2036.7524343935709,True,93209.00181744464,17.71480748294812,0.0,13786.010330492012,225.93798872973474,306.1543362464962,76.53858406162405,-6790.998182555355,6838.257216358272,False
2026-06-13 02:39:24.209916,2028.778637007703,True,93064.25696585572,18.629160430850316,0.0,13794.626798743304,225.93798872973474,306.1543362464962,76.53858406162405,-6935.743034144281,6702.128833020637,False
2026-06-13 03:39:24.209916,2023.7541173377415,True,92969.27569223713,19.216222562188044,0.0,13800.756397678706,225.93798872973474,306.1543362464962,76.53858406162405,-7030.724307762866,6613.277158337454,False
2026-06-13 04:39:24.209916,2027.4777627691597,True,93039.94525529476,18.769988427885515,0.0,13811.874314644258,225.93798872973474,306.1543362464962,76.53858406162405,-6960.054744705238,6695.0646383606345,False
2026-06-13 05:39:24.209916,2031.8410803273089,True,93120.71568510897,18.2772752103339,0.0,13817.573586233566,225.93798872973474,306.1543362464962,76.53858406162405,-6879.284314891032,6781.534339764148,False
2026-06-13 06:39:24.209916,2040.4486188305748,True,93273.61178448089,17.269998944427087,0.0,13826.914609253647,225.93798872973474,306.1543362464962,76.53858406162405,-6726.3882155191095,6943.771462156152,False
2026-06-13 07:39:24.209916,2066.9250819566937,True,93690.88666905288,14.284380834318291,0.0,13878.539453824333,225.93798872973474,306.1543362464962,76.53858406162405,-6309.113330947119,7412.6711912988285,False
2026-06-13 08:39:24.209916,2064.5936011662548,True,93657.32949999387,14.540207604814364,0.0,13883.85172476729,225.93798872973474,306.1543362464962,76.53858406162405,-6342.670500006134,7384.426293182771,False
2026-06-13 09:39:24.209916,2054.066611418281,True,93498.17729663191,15.728153645293022,0.0,13895.626721534185,225.93798872973474,306.1543362464962,76.53858406162405,-6501.822703368089,7237.049086587711,False
2026-06-13 10:39:24.209916,2035.9956750515469,True,93195.57754109844,17.785079044308915,0.0,13923.054858797965,225.93798872973474,306.1543362464962,76.53858406162405,-6804.422458901565,6961.8774683180145,False
2026-06-13 11:39:24.209916,2026.4894813179915,True,93021.3454913228,18.887377367853635,0.0,13933.662709663287,225.93798872973474,306.1543362464962,76.53858406162405,-6978.654508677195,6798.253269407707,False
2026-06-13 12:39:24.209916,2026.0707378440657,True,93013.43027255956,18.934341161272165,0.0,13936.86122235637,225.93798872973474,306.1543362464962,76.53858406162405,-6986.569727440437,6793.536563337548,False
2026-06-13 13:39:24.209916,2049.5253594562196,True,93425.64095853889,16.241536867076487,0.0,13982.168541288373,225.93798872973474,306.1543362464962,76.53858406162405,-6574.35904146111,7251.054568248877,False
2026-06-13 14:39:24.209916,2042.7475484928825,True,93313.00841006078,17.012671276522457,0.0,13994.745483652974,225.93798872973474,306.1543362464962,76.53858406162405,-6686.991589939222,7150.998962135367,False
2026-06-13 15:39:24.209916,2045.6918877615449,True,93362.58246799008,16.685367951278714,0.0,14001.0368601292,225.93798872973474,306.1543362464962,76.53858406162405,-6637.417532009917,7206.864396540897,False
2026-06-13 16:39:24.209916,2045.4882022638415,True,93359.18499676851,16.70873916325141,0.0,14004.443598288866,225.93798872973474,306.1543362464962,76.53858406162405,-6640.815003231488,7206.873663478993,False
2026-06-13 17:39:24.209916,2061.1426664879446,True,93606.53821647083,14.93585309814249,0.0,14026.855554942907,225.93798872973474,306.1543362464962,76.53858406162405,-6393.461783529172,7476.63883983535,False
2026-06-13 18:39:24.209916,2094.815330137451,True,94045.17938739898,11.156121168928351,0.0,14058.902292407347,225.93798872973474,306.1543362464962,76.53858406162405,-5954.820612601019,7947.3267482279425,False
2026-06-13 19:39:24.209916,2087.7103057338136,True,93963.13234933742,11.941991028792753,0.0,14071.435408136507,225.93798872973474,306.1543362464962,76.53858406162405,-6036.867650662578,7877.812825895544,False
2026-06-13 20:39:24.209916,2081.182041455624,True,93882.81626426076,12.682854595595195,0.0,14090.566619663192,225.93798872973474,306.1543362464962,76.53858406162405,-6117.183735739236,7816.6279523455705,False
2026-06-13 21:39:24.209916,2095.171548874119,True,94049.14745236082,11.133027567034784,0.0,14105.24863785893,225.93798872973474,306.1543362464962,76.53858406162405,-5950.852547639181,7997.641158641363,False
2026-06-13 22:39:24.209916,2104.3623118215396,True,94146.6676569181,10.118051312590365,0.0,14117.458718554739,225.93798872973474,306.1543362464962,76.53858406162405,-5853.3323430819,8107.3714438944535,False
2026-06-13 23:39:24.209916,2129.4350405361997,True,94365.85083293603,7.407067338006447,0.0,14155.823213617472,225.93798872973474,306.1543362464962,76.53858406162405,-5634.149167063966,8364.91911497512,False
2026-06-14 00:39:24.209916,2137.433366140334,True,94421.48448014885,6.537437742583521,0.0,14167.537733990563,225.93798872973474,306.1543362464962,76.53858406162405,-5578.515519851149,8432.267282561028,False
2026-06-14 01:39:24.209916,2132.528094510543,True,94388.17799897138,7.063595111399875,0.0,14173.472938809406,225.93798872973474,306.1543362464962,76.53858406162405,-5611.822001028617,8404.896006202403,False
2026-06-14 02:39:24.209916,2140.6303438924806,True,94441.80573183905,6.194617461066856,0.0,14190.305792207773,225.93798872973474,306.1543362464962,76.53858406162405,-5558.194268160951,8475.356592468437,False
2026-06-14 03:39:24.209916,2155.9112980570935,True,94523.91258374197,4.5754188289451765,0.0,14232.483797768336,225.93798872973474,306.1543362464962,76.53858406162405,-5476.087416258029,8599.641449931922,False
2026-06-14 04:39:24.209916,2167.2931821036245,True,94569.03074919694,3.3704625125300405,0.0,14249.472534282851,225.93798872973474,306.1543362464962,76.53858406162405,-5430.969250803057,8661.74835190141,False
2026-06-14 05:39:24.209916,2174.364960992774,True,94590.22240176077,2.6444861158025263,0.0,14257.533806744672,225.93798872973474,306.1543362464962,76.53858406162405,-5409.777598239234,8691.001276927052,False
2026-06-14 06:39:24.209916,2189.296787434778,True,94617.8677345805,1.0830463206955119,0.0,14270.287669984076,225.93798872973474,306.1543362464962,76.53858406162405,-5382.1322654194955,8731.400472986195,False
2026-06-14 07:39:24.209916,2205.7817774393693,False,94623.51686733754,0.0,0.0,14270.287669984076,225.93798872973474,306.1543362464962,76.53858406162405,-5376.483132662455,8737.049605743236,False
2026-06-14 08:39:24.209916,2225.4256048706548,False,94623.51686733754,0.0,0.0,14270.287669984076,225.93798872973474,306.1543362464962,76.53858406162405,-5376.483132662455,8737.049605743236,False
2026-06-14 09:39:24.209916,2234.7123397673386,False,94623.51686733754,0.0,0.0,14270.287669984076,225.93798872973474,306.1543362464962,76.53858406162405,-5376.483132662455,8737.049605743236,False
2026-06-14 10:39:24.209916,2232.3322524419855,False,94623.51686733754,0.0,0.0,14270.287669984076,225.93798872973474,306.1543362464962,76.53858406162405,-5376.483132662455,8737.049605743236,False
2026-06-14 11:39:24.209916,2234.4455555359573,False,94623.51686733754,0.0,0.0,14270.287669984076,225.93798872973474,306.1543362464962,76.53858406162405,-5376.483132662455,8737.049605743236,False
2026-06-14 12:39:24.209916,2251.8076351635104,False,94623.51686733754,0.0,0.0,14270.287669984076,225.93798872973474,306.1543362464962,76.53858406162405,-5376.483132662455,8737.049605743236,False
2026-06-14 13:39:24.209916,2240.0584085603605,False,94623.51686733754,0.0,0.0,14270.287669984076,225.93798872973474,306.1543362464962,76.53858406162405,-5376.483132662455,8737.049605743236,False
2026-06-14 14:39:24.209916,2245.371684405745,False,94623.51686733754,0.0,0.0,14270.287669984076,225.93798872973474,306.1543362464962,76.53858406162405,-5376.483132662455,8737.049605743236,False
2026-06-14 15:39:24.209916,2239.7298041346,False,94623.51686733754,0.0,0.0,14270.287669984076,225.93798872973474,306.1543362464962,76.53858406162405,-5376.483132662455,8737.049605743236,False
2026-06-14 16:39:24.209916,2240.155347403102,False,94623.51686733754,0.0,0.0,14270.287669984076,225.93798872973474,306.1543362464962,76.53858406162405,-5376.483132662455,8737.049605743236,False
2026-06-14 17:39:24.209916,2258.6032156254896,False,94623.51686733754,0.0,0.0,14270.287669984076,225.93798872973474,306.1543362464962,76.53858406162405,-5376.483132662455,8737.049605743236,False
2026-06-14 18:39:24.209916,2261.384745601247,False,94623.51686733754,0.0,0.0,14270.287669984076,225.93798872973474,306.1543362464962,76.53858406162405,-5376.483132662455,8737.049605743236,False
2026-06-14 19:39:24.209916,2262.0709408261273,False,94623.51686733754,0.0,0.0,14270.287669984076,225.93798872973474,306.1543362464962,76.53858406162405,-5376.483132662455,8737.049605743236,False
2026-06-14 20:39:24.209916,2242.449830967832,False,94623.51686733754,0.0,0.0,14270.287669984076,225.93798872973474,306.1543362464962,76.53858406162405,-5376.483132662455,8737.049605743236,False
2026-06-14 21:39:24.209916,2253.2161359471293,False,94623.51686733754,0.0,0.0,14270.287669984076,225.93798872973474,306.1543362464962,76.53858406162405,-5376.483132662455,8737.049605743236,False
2026-06-14 22:39:24.209916,2262.5720535332525,False,94623.51686733754,0.0,0.0,14270.287669984076,225.93798872973474,306.1543362464962,76.53858406162405,-5376.483132662455,8737.049605743236,False
2026-06-14 23:39:24.209916,2294.1805661911108,False,94623.51686733754,0.0,0.0,14270.287669984076,225.93798872973474,306.1543362464962,76.53858406162405,-5376.483132662455,8737.049605743236,False
2026-06-15 00:39:24.209916,2289.6715749798723,False,94623.51686733754,0.0,0.0,14270.287669984076,225.93798872973474,306.1543362464962,76.53858406162405,-5376.483132662455,8737.049605743236,False
2026-06-15 01:39:24.209916,2292.9036522161555,False,94623.51686733754,0.0,0.0,14270.287669984076,225.93798872973474,306.1543362464962,76.53858406162405,-5376.483132662455,8737.049605743236,False
2026-06-15 02:39:24.209916,2296.5853595046233,False,94623.51686733754,0.0,0.0,14270.287669984076,225.93798872973474,306.1543362464962,76.53858406162405,-5376.483132662455,8737.049605743236,False
2026-06-15 03:39:24.209916,2319.9404918964965,False,94623.51686733754,0.0,0.0,14270.287669984076,225.93798872973474,306.1543362464962,76.53858406162405,-5376.483132662455,8737.049605743236,False
2026-06-15 04:39:24.209916,2318.536901421689,False,94623.51686733754,0.0,0.0,14270.287669984076,225.93798872973474,306.1543362464962,76.53858406162405,-5376.483132662455,8737.049605743236,False
2026-06-15 05:39:24.209916,2322.701031252448,False,94623.51686733754,0.0,0.0,14270.287669984076,225.93798872973474,306.1543362464962,76.53858406162405,-5376.483132662455,8737.049605743236,False
2026-06-15 06:39:24.209916,2331.783533697091,False,94623.51686733754,0.0,0.0,14270.287669984076,225.93798872973474,306.1543362464962,76.53858406162405,-5376.483132662455,8737.049605743236,False
2026-06-15 07:39:24.209916,2334.587989127437,False,94623.51686733754,0.0,0.0,14270.287669984076,225.93798872973474,306.1543362464962,76.53858406162405,-5376.483132662455,8737.049605743236,False
2026-06-15 08:39:24.209916,2327.9294455561044,False,94623.51686733754,0.0,0.0,14270.287669984076,225.93798872973474,306.1543362464962,76.53858406162405,-5376.483132662455,8737.049605743236,False
2026-06-15 09:39:24.209916,2330.841042921594,False,94623.51686733754,0.0,0.0,14270.287669984076,225.93798872973474,306.1543362464962,76.53858406162405,-5376.483132662455,8737.049605743236,False
2026-06-15 10:39:24.209916,2346.9520932281675,False,94623.51686733754,0.0,0.0,14270.287669984076,225.93798872973474,306.1543362464962,76.53858406162405,-5376.483132662455,8737.049605743236,False
2026-06-15 11:39:24.209916,2331.5717842830054,False,94623.51686733754,0.0,0.0,14270.287669984076,225.93798872973474,306.1543362464962,76.53858406162405,-5376.483132662455,8737.049605743236,False
2026-06-15 12:39:24.209916,2333.5734210947394,False,94623.51686733754,0.0,0.0,14270.287669984076,225.93798872973474,306.1543362464962,76.53858406162405,-5376.483132662455,8737.049605743236,False
2026-06-15 13:39:24.209916,2323.1366056448096,False,94623.51686733754,0.0,0.0,14270.287669984076,225.93798872973474,306.1543362464962,76.53858406162405,-5376.483132662455,8737.049605743236,False
2026-06-15 14:39:24.209916,2341.015806656823,False,94623.51686733754,0.0,0.0,14270.287669984076,225.93798872973474,306.1543362464962,76.53858406162405,-5376.483132662455,8737.049605743236,False
2026-06-15 15:39:24.209916,2318.2813059194286,False,94623.51686733754,0.0,0.0,14270.287669984076,225.93798872973474,306.1543362464962,76.53858406162405,-5376.483132662455,8737.049605743236,False
2026-06-15 16:39:24.209916,2310.00288584888,False,94623.51686733754,0.0,0.0,14270.287669984076,225.93798872973474,306.1543362464962,76.53858406162405,-5376.483132662455,8737.049605743236,False
2026-06-15 17:39:24.209916,2315.6088124702983,False,94623.51686733754,0.0,0.0,14270.287669984076,225.93798872973474,306.1543362464962,76.53858406162405,-5376.483132662455,8737.049605743236,False
2026-06-15 18:39:24.209916,2338.97852664362,False,94623.51686733754,0.0,0.0,14270.287669984076,225.93798872973474,306.1543362464962,76.53858406162405,-5376.483132662455,8737.049605743236,False
2026-06-15 19:39:24.209916,2338.006201728039,False,94623.51686733754,0.0,0.0,14270.287669984076,225.93798872973474,306.1543362464962,76.53858406162405,-5376.483132662455,8737.049605743236,False
2026-06-15 20:39:24.209916,2329.712937168343,False,94623.51686733754,0.0,0.0,14270.287669984076,225.93798872973474,306.1543362464962,76.53858406162405,-5376.483132662455,8737.049605743236,False
2026-06-15 21:39:24.209916,2357.99132870311,False,94623.51686733754,0.0,0.0,14270.287669984076,225.93798872973474,306.1543362464962,76.53858406162405,-5376.483132662455,8737.049605743236,False
2026-06-15 22:39:24.209916,2336.2175350058587,False,94623.51686733754,0.0,0.0,14270.287669984076,225.93798872973474,306.1543362464962,76.53858406162405,-5376.483132662455,8737.049605743236,False
2026-06-15 23:39:24.209916,2303.5311057068384,False,94623.51686733754,0.0,0.0,14270.287669984076,225.93798872973474,306.1543362464962,76.53858406162405,-5376.483132662455,8737.049605743236,False
2026-06-16 00:39:24.209916,2310.051172151937,False,94623.51686733754,0.0,0.0,14270.287669984076,225.93798872973474,306.1543362464962,76.53858406162405,-5376.483132662455,8737.049605743236,False
2026-06-16 01:39:24.209916,2302.641430110615,False,94623.51686733754,0.0,0.0,14270.287669984076,225.93798872973474,306.1543362464962,76.53858406162405,-5376.483132662455,8737.049605743236,False
2026-06-16 02:39:24.209916,2287.6289695345145,False,94623.51686733754,0.0,0.0,14270.287669984076,225.93798872973474,306.1543362464962,76.53858406162405,-5376.483132662455,8737.049605743236,False
2026-06-16 03:39:24.209916,2298.0538204724435,False,94623.51686733754,0.0,0.0,14270.287669984076,225.93798872973474,306.1543362464962,76.53858406162405,-5376.483132662455,8737.049605743236,False
2026-06-16 04:39:24.209916,2301.661418902627,False,94623.51686733754,0.0,0.0,14270.287669984076,225.93798872973474,306.1543362464962,76.53858406162405,-5376.483132662455,8737.049605743236,False
2026-06-16 05:39:24.209916,2293.366531654955,False,94623.51686733754,0.0,0.0,14270.287669984076,225.93798872973474,306.1543362464962,76.53858406162405,-5376.483132662455,8737.049605743236,False
2026-06-16 06:39:24.209916,2274.6336757244076,False,94623.51686733754,0.0,0.0,14270.287669984076,225.93798872973474,306.1543362464962,76.53858406162405,-5376.483132662455,8737.049605743236,False
2026-06-16 07:39:24.209916,2287.4043593227343,False,94623.51686733754,0.0,0.0,14270.287669984076,225.93798872973474,306.1543362464962,76.53858406162405,-5376.483132662455,8737.049605743236,False
2026-06-16 08:39:24.209916,2296.9716916267043,False,94623.51686733754,0.0,0.0,14270.287669984076,225.93798872973474,306.1543362464962,76.53858406162405,-5376.483132662455,8737.049605743236,False
2026-06-16 09:39:24.209916,2295.524894998653,False,94623.51686733754,0.0,0.0,14270.287669984076,225.93798872973474,306.1543362464962,76.53858406162405,-5376.483132662455,8737.049605743236,False
2026-06-16 10:39:24.209916,2322.874210639671,False,94623.51686733754,0.0,0.0,14270.287669984076,225.93798872973474,306.1543362464962,76.53858406162405,-5376.483132662455,8737.049605743236,False
2026-06-16 11:39:24.209916,2307.007238859677,False,94623.51686733754,0.0,0.0,14270.287669984076,225.93798872973474,306.1543362464962,76.53858406162405,-5376.483132662455,8737.049605743236,False
2026-06-16 12:39:24.209916,2284.5687630714683,False,94623.51686733754,0.0,0.0,14270.287669984076,225.93798872973474,306.1543362464962,76.53858406162405,-5376.483132662455,8737.049605743236,False
2026-06-16 13:39:24.209916,2274.4708637800895,False,94623.51686733754,0.0,0.0,14270.287669984076,225.93798872973474,306.1543362464962,76.53858406162405,-5376.483132662455,8737.049605743236,False
2026-06-16 14:39:24.209916,2273.819261408383,False,94623.51686733754,0.0,0.0,14270.287669984076,225.93798872973474,306.1543362464962,76.53858406162405,-5376.483132662455,8737.049605743236,False
2026-06-16 15:39:24.209916,2277.382081034839,False,94623.51686733754,0.0,0.0,14270.287669984076,225.93798872973474,306.1543362464962,76.53858406162405,-5376.483132662455,8737.049605743236,False
2026-06-16 16:39:24.209916,2273.8758791726736,False,94623.51686733754,0.0,0.0,14270.287669984076,225.93798872973474,306.1543362464962,76.53858406162405,-5376.483132662455,8737.049605743236,False
2026-06-16 17:39:24.209916,2279.0265681834308,False,94623.51686733754,0.0,0.0,14270.287669984076,225.93798872973474,306.1543362464962,76.53858406162405,-5376.483132662455,8737.049605743236,False
2026-06-16 18:39:24.209916,2260.8277054399773,False,94623.51686733754,0.0,0.0,14270.287669984076,225.93798872973474,306.1543362464962,76.53858406162405,-5376.483132662455,8737.049605743236,False
2026-06-16 19:39:24.209916,2281.8627471086497,False,94623.51686733754,0.0,0.0,14270.287669984076,225.93798872973474,306.1543362464962,76.53858406162405,-5376.483132662455,8737.049605743236,False
2026-06-16 20:39:24.209916,2280.6743631469894,False,94623.51686733754,0.0,0.0,14270.287669984076,225.93798872973474,306.1543362464962,76.53858406162405,-5376.483132662455,8737.049605743236,False
2026-06-16 21:39:24.209916,2297.0815490874256,False,94623.51686733754,0.0,0.0,14270.287669984076,225.93798872973474,306.1543362464962,76.53858406162405,-5376.483132662455,8737.049605743236,False
2026-06-16 22:39:24.209916,2302.147104108203,False,94623.51686733754,0.0,0.0,14270.287669984076,225.93798872973474,306.1543362464962,76.53858406162405,-5376.483132662455,8737.049605743236,False
2026-06-16 23:39:24.209916,2308.9109991589467,False,94623.51686733754,0.0,0.0,14270.287669984076,225.93798872973474,306.1543362464962,76.53858406162405,-5376.483132662455,8737.049605743236,False
2026-06-17 00:39:24.209916,2317.3730698975137,False,94623.51686733754,0.0,0.0,14270.287669984076,225.93798872973474,306.1543362464962,76.53858406162405,-5376.483132662455,8737.049605743236,False
2026-06-17 01:39:24.209916,2324.046943830412,False,94623.51686733754,0.0,0.0,14270.287669984076,225.93798872973474,306.1543362464962,76.53858406162405,-5376.483132662455,8737.049605743236,False
2026-06-17 02:39:24.209916,2333.6556570220737,False,94623.51686733754,0.0,0.0,14270.287669984076,225.93798872973474,306.1543362464962,76.53858406162405,-5376.483132662455,8737.049605743236,False
2026-06-17 03:39:24.209916,2353.638368329566,False,94623.51686733754,0.0,0.0,14270.287669984076,225.93798872973474,306.1543362464962,76.53858406162405,-5376.483132662455,8737.049605743236,False
2026-06-17 04:39:24.209916,2356.6188488373973,False,94623.51686733754,0.0,0.0,14270.287669984076,225.93798872973474,306.1543362464962,76.53858406162405,-5376.483132662455,8737.049605743236,False
2026-06-17 05:39:24.209916,2367.3679141801663,False,94623.51686733754,0.0,0.0,14270.287669984076,225.93798872973474,306.1543362464962,76.53858406162405,-5376.483132662455,8737.049605743236,False
2026-06-17 06:39:24.209916,2366.0199576136624,False,94623.51686733754,0.0,0.0,14270.287669984076,225.93798872973474,306.1543362464962,76.53858406162405,-5376.483132662455,8737.049605743236,False
2026-06-17 07:39:24.209916,2387.977885689716,False,94623.51686733754,0.0,0.0,14270.287669984076,225.93798872973474,306.1543362464962,76.53858406162405,-5376.483132662455,8737.049605743236,False
2026-06-17 08:39:24.209916,2377.659396626609,False,94623.51686733754,0.0,0.0,14270.287669984076,225.93798872973474,306.1543362464962,76.53858406162405,-5376.483132662455,8737.049605743236,False
2026-06-17 09:39:24.209916,2405.282564905233,False,94623.51686733754,0.0,0.0,14270.287669984076,225.93798872973474,306.1543362464962,76.53858406162405,-5376.483132662455,8737.049605743236,False
2026-06-17 10:39:24.209916,2404.6771614848453,False,94623.51686733754,0.0,0.0,14270.287669984076,225.93798872973474,306.1543362464962,76.53858406162405,-5376.483132662455,8737.049605743236,False
2026-06-17 11:39:24.209916,2382.7355731447237,False,94623.51686733754,0.0,0.0,14270.287669984076,225.93798872973474,306.1543362464962,76.53858406162405,-5376.483132662455,8737.049605743236,False
2026-06-17 12:39:24.209916,2384.7067552656017,False,94623.51686733754,0.0,0.0,14270.287669984076,225.93798872973474,306.1543362464962,76.53858406162405,-5376.483132662455,8737.049605743236,False
2026-06-17 13:39:24.209916,2374.331480130052,False,94623.51686733754,0.0,0.0,14270.287669984076,225.93798872973474,306.1543362464962,76.53858406162405,-5376.483132662455,8737.049605743236,False
2026-06-17 14:39:24.209916,2387.1750025944016,False,94623.51686733754,0.0,0.0,14270.287669984076,225.93798872973474,306.1543362464962,76.53858406162405,-5376.483132662455,8737.049605743236,False
2026-06-17 15:39:24.209916,2377.2221711035477,False,94623.51686733754,0.0,0.0,14270.287669984076,225.93798872973474,306.1543362464962,76.53858406162405,-5376.483132662455,8737.049605743236,False
2026-06-17 16:39:24.209916,2370.4458311437857,False,94623.51686733754,0.0,0.0,14270.287669984076,225.93798872973474,306.1543362464962,76.53858406162405,-5376.483132662455,8737.049605743236,False
2026-06-17 17:39:24.209916,2341.918945225899,False,94623.51686733754,0.0,0.0,14270.287669984076,225.93798872973474,306.1543362464962,76.53858406162405,-5376.483132662455,8737.049605743236,False
2026-06-17 18:39:24.209916,2335.1515783094083,False,94623.51686733754,0.0,0.0,14270.287669984076,225.93798872973474,306.1543362464962,76.53858406162405,-5376.483132662455,8737.049605743236,False
2026-06-17 19:39:24.209916,2299.160308908133,False,94623.51686733754,0.0,0.0,14270.287669984076,225.93798872973474,306.1543362464962,76.53858406162405,-5376.483132662455,8737.049605743236,False
2026-06-17 20:39:24.209916,2275.9462532084126,False,94623.51686733754,0.0,0.0,14270.287669984076,225.93798872973474,306.1543362464962,76.53858406162405,-5376.483132662455,8737.049605743236,False
2026-06-17 21:39:24.209916,2287.080993558301,False,94623.51686733754,0.0,0.0,14270.287669984076,225.93798872973474,306.1543362464962,76.53858406162405,-5376.483132662455,8737.049605743236,False
2026-06-17 22:39:24.209916,2298.6442519032767,False,94623.51686733754,0.0,0.0,14270.287669984076,225.93798872973474,306.1543362464962,76.53858406162405,-5376.483132662455,8737.049605743236,False
2026-06-17 23:39:24.209916,2304.9353831276653,False,94623.51686733754,0.0,0.0,14270.287669984076,225.93798872973474,306.1543362464962,76.53858406162405,-5376.483132662455,8737.049605743236,False
2026-06-18 00:39:24.209916,2290.7045770463533,False,94623.51686733754,0.0,0.0,14270.287669984076,225.93798872973474,306.1543362464962,76.53858406162405,-5376.483132662455,8737.049605743236,False
2026-06-18 01:39:24.209916,2290.017122901641,False,94623.51686733754,0.0,0.0,14270.287669984076,225.93798872973474,306.1543362464962,76.53858406162405,-5376.483132662455,8737.049605743236,False
2026-06-18 02:39:24.209916,2289.977307402281,False,94623.51686733754,0.0,0.0,14270.287669984076,225.93798872973474,306.1543362464962,76.53858406162405,-5376.483132662455,8737.049605743236,False
2026-06-18 03:39:24.209916,2273.0483004963903,False,94623.51686733754,0.0,0.0,14270.287669984076,225.93798872973474,306.1543362464962,76.53858406162405,-5376.483132662455,8737.049605743236,False
2026-06-18 04:39:24.209916,2295.0742564168936,False,94623.51686733754,0.0,0.0,14270.287669984076,225.93798872973474,306.1543362464962,76.53858406162405,-5376.483132662455,8737.049605743236,False
2026-06-18 05:39:24.209916,2308.0322735727163,False,94623.51686733754,0.0,0.0,14270.287669984076,225.93798872973474,306.1543362464962,76.53858406162405,-5376.483132662455,8737.049605743236,False
2026-06-18 06:39:24.209916,2304.7783816542096,False,94623.51686733754,0.0,0.0,14270.287669984076,225.93798872973474,306.1543362464962,76.53858406162405,-5376.483132662455,8737.049605743236,False
2026-06-18 07:39:24.209916,2305.1888123975527,False,94623.51686733754,0.0,0.0,14270.287669984076,225.93798872973474,306.1543362464962,76.53858406162405,-5376.483132662455,8737.049605743236,False
2026-06-18 08:39:24.209916,2308.283455741616,False,94623.51686733754,0.0,0.0,14270.287669984076,225.93798872973474,306.1543362464962,76.53858406162405,-5376.483132662455,8737.049605743236,False
2026-06-18 09:39:24.209916,2278.2807514736314,False,94623.51686733754,0.0,0.0,14270.287669984076,225.93798872973474,306.1543362464962,76.53858406162405,-5376.483132662455,8737.049605743236,False
2026-06-18 10:39:24.209916,2274.6865272643468,False,94623.51686733754,0.0,0.0,14270.287669984076,225.93798872973474,306.1543362464962,76.53858406162405,-5376.483132662455,8737.049605743236,False
2026-06-18 11:39:24.209916,2264.7763832570286,False,94623.51686733754,0.0,0.0,14270.287669984076,225.93798872973474,306.1543362464962,76.53858406162405,-5376.483132662455,8737.049605743236,False
2026-06-18 12:39:24.209916,2250.2937019320357,False,94623.51686733754,0.0,0.0,14270.287669984076,225.93798872973474,306.1543362464962,76.53858406162405,-5376.483132662455,8737.049605743236,False
2026-06-18 13:39:24.209916,2246.2550919156015,False,94623.51686733754,0.0,0.0,14270.287669984076,225.93798872973474,306.1543362464962,76.53858406162405,-5376.483132662455,8737.049605743236,False
2026-06-18 14:39:24.209916,2272.3042317732843,False,94623.51686733754,0.0,0.0,14270.287669984076,225.93798872973474,306.1543362464962,76.53858406162405,-5376.483132662455,8737.049605743236,False
2026-06-18 15:39:24.209916,2281.6715187770483,False,94623.51686733754,0.0,0.0,14270.287669984076,225.93798872973474,306.1543362464962,76.53858406162405,-5376.483132662455,8737.049605743236,False
2026-06-18 16:39:24.209916,2273.3451929109533,False,94623.51686733754,0.0,0.0,14270.287669984076,225.93798872973474,306.1543362464962,76.53858406162405,-5376.483132662455,8737.049605743236,False
2026-06-18 17:39:24.209916,2281.71809885124,False,94623.51686733754,0.0,0.0,14270.287669984076,225.93798872973474,306.1543362464962,76.53858406162405,-5376.483132662455,8737.049605743236,False
2026-06-18 18:39:24.209916,2302.29197528756,False,94623.51686733754,0.0,0.0,14270.287669984076,225.93798872973474,306.1543362464962,76.53858406162405,-5376.483132662455,8737.049605743236,False
2026-06-18 19:39:24.209916,2315.9924719767628,False,94623.51686733754,0.0,0.0,14270.287669984076,225.93798872973474,306.1543362464962,76.53858406162405,-5376.483132662455,8737.049605743236,False
2026-06-18 20:39:24.209916,2316.8911927163217,False,94623.51686733754,0.0,0.0,14270.287669984076,225.93798872973474,306.1543362464962,76.53858406162405,-5376.483132662455,8737.049605743236,False
2026-06-18 21:39:24.209916,2307.315514546349,False,94623.51686733754,0.0,0.0,14270.287669984076,225.93798872973474,306.1543362464962,76.53858406162405,-5376.483132662455,8737.049605743236,False
2026-06-18 22:39:24.209916,2317.6795178564075,False,94623.51686733754,0.0,0.0,14270.287669984076,225.93798872973474,306.1543362464962,76.53858406162405,-5376.483132662455,8737.049605743236,False
2026-06-18 23:39:24.209916,2323.546461069954,False,94623.51686733754,0.0,0.0,14270.287669984076,225.93798872973474,306.1543362464962,76.53858406162405,-5376.483132662455,8737.049605743236,False
2026-06-19 00:39:24.209916,2336.932345314942,False,94623.51686733754,0.0,0.0,14270.287669984076,225.93798872973474,306.1543362464962,76.53858406162405,-5376.483132662455,8737.049605743236,False
2026-06-19 01:39:24.209916,2346.480745835996,False,94623.51686733754,0.0,0.0,14270.287669984076,225.93798872973474,306.1543362464962,76.53858406162405,-5376.483132662455,8737.049605743236,False
2026-06-19 02:39:24.209916,2362.335218481643,False,94623.51686733754,0.0,0.0,14270.287669984076,225.93798872973474,306.1543362464962,76.53858406162405,-5376.483132662455,8737.049605743236,False
2026-06-19 03:39:24.209916,2354.2569416962465,False,94623.51686733754,0.0,0.0,14270.287669984076,225.93798872973474,306.1543362464962,76.53858406162405,-5376.483132662455,8737.049605743236,False
2026-06-19 04:39:24.209916,2374.2370843005197,False,94623.51686733754,0.0,0.0,14270.287669984076,225.93798872973474,306.1543362464962,76.53858406162405,-5376.483132662455,8737.049605743236,False
2026-06-19 05:39:24.209916,2377.2600845087914,False,94623.51686733754,0.0,0.0,14270.287669984076,225.93798872973474,306.1543362464962,76.53858406162405,-5376.483132662455,8737.049605743236,False
2026-06-19 06:39:24.209916,2409.1114594661267,False,94623.51686733754,0.0,0.0,14270.287669984076,225.93798872973474,306.1543362464962,76.53858406162405,-5376.483132662455,8737.049605743236,False
2026-06-19 07:39:24.209916,2398.5049015968248,False,94623.51686733754,0.0,0.0,14270.287669984076,225.93798872973474,306.1543362464962,76.53858406162405,-5376.483132662455,8737.049605743236,False
2026-06-19 08:39:24.209916,2425.3597797351886,False,94623.51686733754,0.0,0.0,14270.287669984076,225.93798872973474,306.1543362464962,76.53858406162405,-5376.483132662455,8737.049605743236,False
2026-06-19 09:39:24.209916,2428.452716358526,False,94623.51686733754,0.0,0.0,14270.287669984076,225.93798872973474,306.1543362464962,76.53858406162405,-5376.483132662455,8737.049605743236,False
2026-06-19 10:39:24.209916,2418.346482247694,False,94623.51686733754,0.0,0.0,14270.287669984076,225.93798872973474,306.1543362464962,76.53858406162405,-5376.483132662455,8737.049605743236,False
2026-06-19 11:39:24.209916,2410.870149854674,False,94623.51686733754,0.0,0.0,14270.287669984076,225.93798872973474,306.1543362464962,76.53858406162405,-5376.483132662455,8737.049605743236,False
2026-06-19 12:39:24.209916,2405.9379492759635,False,94623.51686733754,0.0,0.0,14270.287669984076,225.93798872973474,306.1543362464962,76.53858406162405,-5376.483132662455,8737.049605743236,False
2026-06-19 13:39:24.209916,2412.5027556023692,False,94623.51686733754,0.0,0.0,14270.287669984076,225.93798872973474,306.1543362464962,76.53858406162405,-5376.483132662455,8737.049605743236,False
2026-06-19 14:39:24.209916,2420.6161068885485,False,94623.51686733754,0.0,0.0,14270.287669984076,225.93798872973474,306.1543362464962,76.53858406162405,-5376.483132662455,8737.049605743236,False
2026-06-19 15:39:24.209916,2411.743764310021,False,94623.51686733754,0.0,0.0,14270.287669984076,225.93798872973474,306.1543362464962,76.53858406162405,-5376.483132662455,8737.049605743236,False
2026-06-19 16:39:24.209916,2411.3810171613777,False,94623.51686733754,0.0,0.0,14270.287669984076,225.93798872973474,306.1543362464962,76.53858406162405,-5376.483132662455,8737.049605743236,False
2026-06-19 17:39:24.209916,2444.7395214400103,False,94623.51686733754,0.0,0.0,14270.287669984076,225.93798872973474,306.1543362464962,76.53858406162405,-5376.483132662455,8737.049605743236,False
2026-06-19 18:39:24.209916,2471.978621440582,False,94623.51686733754,0.0,0.0,14270.287669984076,225.93798872973474,306.1543362464962,76.53858406162405,-5376.483132662455,8737.049605743236,False
2026-06-19 19:39:24.209916,2478.9168206244985,False,94623.51686733754,0.0,0.0,14270.287669984076,225.93798872973474,306.1543362464962,76.53858406162405,-5376.483132662455,8737.049605743236,False
2026-06-19 20:39:24.209916,2479.534973824646,False,94623.51686733754,0.0,0.0,14270.287669984076,225.93798872973474,306.1543362464962,76.53858406162405,-5376.483132662455,8737.049605743236,False
2026-06-19 21:39:24.209916,2481.4578086505035,False,94623.51686733754,0.0,0.0,14270.287669984076,225.93798872973474,306.1543362464962,76.53858406162405,-5376.483132662455,8737.049605743236,False
2026-06-19 22:39:24.209916,2491.2508763450874,False,94623.51686733754,0.0,0.0,14270.287669984076,225.93798872973474,306.1543362464962,76.53858406162405,-5376.483132662455,8737.049605743236,False
2026-06-19 23:39:24.209916,2474.983997235364,False,94623.51686733754,0.0,0.0,14270.287669984076,225.93798872973474,306.1543362464962,76.53858406162405,-5376.483132662455,8737.049605743236,False
2026-06-20 00:39:24.209916,2470.917892488471,False,94623.51686733754,0.0,0.0,14270.287669984076,225.93798872973474,306.1543362464962,76.53858406162405,-5376.483132662455,8737.049605743236,False
2026-06-20 01:39:24.209916,2444.6421882358973,False,94623.51686733754,0.0,0.0,14270.287669984076,225.93798872973474,306.1543362464962,76.53858406162405,-5376.483132662455,8737.049605743236,False
2026-06-20 02:39:24.209916,2450.9206721126425,False,94623.51686733754,0.0,0.0,14270.287669984076,225.93798872973474,306.1543362464962,76.53858406162405,-5376.483132662455,8737.049605743236,False
2026-06-20 03:39:24.209916,2461.1245152231727,False,94623.51686733754,0.0,0.0,14270.287669984076,225.93798872973474,306.1543362464962,76.53858406162405,-5376.483132662455,8737.049605743236,False
2026-06-20 04:39:24.209916,2453.52693440216,False,94623.51686733754,0.0,0.0,14270.287669984076,225.93798872973474,306.1543362464962,76.53858406162405,-5376.483132662455,8737.049605743236,False
2026-06-20 05:39:24.209916,2478.4230073475483,False,94623.51686733754,0.0,0.0,14270.287669984076,225.93798872973474,306.1543362464962,76.53858406162405,-5376.483132662455,8737.049605743236,False
2026-06-20 06:39:24.209916,2459.0381531020794,False,94623.51686733754,0.0,0.0,14270.287669984076,225.93798872973474,306.1543362464962,76.53858406162405,-5376.483132662455,8737.049605743236,False
2026-06-20 07:39:24.209916,2436.075770329708,False,94623.51686733754,0.0,0.0,14270.287669984076,225.93798872973474,306.1543362464962,76.53858406162405,-5376.483132662455,8737.049605743236,False
2026-06-20 08:39:24.209916,2439.5974204549857,False,94623.51686733754,0.0,0.0,14270.287669984076,225.93798872973474,306.1543362464962,76.53858406162405,-5376.483132662455,8737.049605743236,False
2026-06-20 09:39:24.209916,2456.0424104263698,False,94623.51686733754,0.0,0.0,14270.287669984076,225.93798872973474,306.1543362464962,76.53858406162405,-5376.483132662455,8737.049605743236,False
2026-06-20 10:39:24.209916,2482.71317841599,False,94623.51686733754,0.0,0.0,14270.287669984076,225.93798872973474,306.1543362464962,76.53858406162405,-5376.483132662455,8737.049605743236,False
2026-06-20 11:39:24.209916,2475.4345751383526,False,94623.51686733754,0.0,0.0,14270.287669984076,225.93798872973474,306.1543362464962,76.53858406162405,-5376.483132662455,8737.049605743236,False
2026-06-20 12:39:24.209916,2492.6257523656855,False,94623.51686733754,0.0,0.0,14270.287669984076,225.93798872973474,306.1543362464962,76.53858406162405,-5376.483132662455,8737.049605743236,False
2026-06-20 13:39:24.209916,2492.0247158599022,False,94623.51686733754,0.0,0.0,14270.287669984076,225.93798872973474,306.1543362464962,76.53858406162405,-5376.483132662455,8737.049605743236,False
2026-06-20 14:39:24.209916,2489.2826605313203,False,94623.51686733754,0.0,0.0,14270.287669984076,225.93798872973474,306.1543362464962,76.53858406162405,-5376.483132662455,8737.049605743236,False
2026-06-20 15:39:24.209916,2503.438246824528,False,94623.51686733754,0.0,0.0,14270.287669984076,225.93798872973474,306.1543362464962,76.53858406162405,-5376.483132662455,8737.049605743236,False
2026-06-20 16:39:24.209916,2513.9433586453592,False,94623.51686733754,0.0,0.0,14270.287669984076,225.93798872973474,306.1543362464962,76.53858406162405,-5376.483132662455,8737.049605743236,False
2026-06-20 17:39:24.209916,2488.6805133071316,False,94623.51686733754,0.0,0.0,14270.287669984076,225.93798872973474,306.1543362464962,76.53858406162405,-5376.483132662455,8737.049605743236,False
2026-06-20 18:39:24.209916,2512.363351160565,False,94623.51686733754,0.0,0.0,14270.287669984076,225.93798872973474,306.1543362464962,76.53858406162405,-5376.483132662455,8737.049605743236,False
2026-06-20 19:39:24.209916,2534.7038766120895,False,94623.51686733754,0.0,0.0,14270.287669984076,225.93798872973474,306.1543362464962,76.53858406162405,-5376.483132662455,8737.049605743236,False
2026-06-20 20:39:24.209916,2524.573877209645,False,94623.51686733754,0.0,0.0,14270.287669984076,225.93798872973474,306.1543362464962,76.53858406162405,-5376.483132662455,8737.049605743236,False
2026-06-20 21:39:24.209916,2531.0021623413445,False,94623.51686733754,0.0,0.0,14270.287669984076,225.93798872973474,306.1543362464962,76.53858406162405,-5376.483132662455,8737.049605743236,False
2026-06-20 22:39:24.209916,2539.045130200965,False,94623.51686733754,0.0,0.0,14270.287669984076,225.93798872973474,306.1543362464962,76.53858406162405,-5376.483132662455,8737.049605743236,False
2026-06-20 23:39:24.209916,2543.306134383337,False,94623.51686733754,0.0,0.0,14270.287669984076,225.93798872973474,306.1543362464962,76.53858406162405,-5376.483132662455,8737.049605743236,False
2026-06-21 00:39:24.209916,2534.3641563718793,False,94623.51686733754,0.0,0.0,14270.287669984076,225.93798872973474,306.1543362464962,76.53858406162405,-5376.483132662455,8737.049605743236,False
2026-06-21 01:39:24.209916,2523.4902763621944,False,94623.51686733754,0.0,0.0,14270.287669984076,225.93798872973474,306.1543362464962,76.53858406162405,-5376.483132662455,8737.049605743236,False
2026-06-21 02:39:24.209916,2523.091320468868,False,94623.51686733754,0.0,0.0,14270.287669984076,225.93798872973474,306.1543362464962,76.53858406162405,-5376.483132662455,8737.049605743236,False
2026-06-21 03:39:24.209916,2542.1456730017467,False,94623.51686733754,0.0,0.0,14270.287669984076,225.93798872973474,306.1543362464962,76.53858406162405,-5376.483132662455,8737.049605743236,False
2026-06-21 04:39:24.209916,2551.034575184111,False,94623.51686733754,0.0,0.0,14270.287669984076,225.93798872973474,306.1543362464962,76.53858406162405,-5376.483132662455,8737.049605743236,False
2026-06-21 05:39:24.209916,2544.9953867766676,False,94623.51686733754,0.0,0.0,14270.287669984076,225.93798872973474,306.1543362464962,76.53858406162405,-5376.483132662455,8737.049605743236,False
2026-06-21 06:39:24.209916,2557.6314177374875,False,94623.51686733754,0.0,0.0,14270.287669984076,225.93798872973474,306.1543362464962,76.53858406162405,-5376.483132662455,8737.049605743236,False
2026-06-21 07:39:24.209916,2511.3649783685787,False,94623.51686733754,0.0,0.0,14270.287669984076,225.93798872973474,306.1543362464962,76.53858406162405,-5376.483132662455,8737.049605743236,False
2026-06-21 08:39:24.209916,2529.942095590233,False,94623.51686733754,0.0,0.0,14270.287669984076,225.93798872973474,306.1543362464962,76.53858406162405,-5376.483132662455,8737.049605743236,False
2026-06-21 09:39:24.209916,2501.8976418262314,False,94623.51686733754,0.0,0.0,14270.287669984076,225.93798872973474,306.1543362464962,76.53858406162405,-5376.483132662455,8737.049605743236,False
2026-06-21 10:39:24.209916,2496.105561195671,False,94623.51686733754,0.0,0.0,14270.287669984076,225.93798872973474,306.1543362464962,76.53858406162405,-5376.483132662455,8737.049605743236,False
2026-06-21 11:39:24.209916,2478.2673953960502,False,94623.51686733754,0.0,0.0,14270.287669984076,225.93798872973474,306.1543362464962,76.53858406162405,-5376.483132662455,8737.049605743236,False
2026-06-21 12:39:24.209916,2457.797682435062,False,94623.51686733754,0.0,0.0,14270.287669984076,225.93798872973474,306.1543362464962,76.53858406162405,-5376.483132662455,8737.049605743236,False
2026-06-21 13:39:24.209916,2476.16999795775,False,94623.51686733754,0.0,0.0,14270.287669984076,225.93798872973474,306.1543362464962,76.53858406162405,-5376.483132662455,8737.049605743236,False
2026-06-21 14:39:24.209916,2468.771033754783,False,94623.51686733754,0.0,0.0,14270.287669984076,225.93798872973474,306.1543362464962,76.53858406162405,-5376.483132662455,8737.049605743236,False
2026-06-21 15:39:24.209916,2474.2751336456618,False,94623.51686733754,0.0,0.0,14270.287669984076,225.93798872973474,306.1543362464962,76.53858406162405,-5376.483132662455,8737.049605743236,False
2026-06-21 16:39:24.209916,2473.545128144739,False,94623.51686733754,0.0,0.0,14270.287669984076,225.93798872973474,306.1543362464962,76.53858406162405,-5376.483132662455,8737.049605743236,False
2026-06-21 17:39:24.209916,2481.1352697885063,False,94623.51686733754,0.0,0.0,14270.287669984076,225.93798872973474,306.1543362464962,76.53858406162405,-5376.483132662455,8737.049605743236,False
2026-06-21 18:39:24.209916,2482.3716365600085,False,94623.51686733754,0.0,0.0,14270.287669984076,225.93798872973474,306.1543362464962,76.53858406162405,-5376.483132662455,8737.049605743236,False
2026-06-21 19:39:24.209916,2462.0525113496046,False,94623.51686733754,0.0,0.0,14270.287669984076,225.93798872973474,306.1543362464962,76.53858406162405,-5376.483132662455,8737.049605743236,False
2026-06-21 20:39:24.209916,2477.841305335348,False,94623.51686733754,0.0,0.0,14270.287669984076,225.93798872973474,306.1543362464962,76.53858406162405,-5376.483132662455,8737.049605743236,False
2026-06-21 21:39:24.209916,2470.0247424112767,False,94623.51686733754,0.0,0.0,14270.287669984076,225.93798872973474,306.1543362464962,76.53858406162405,-5376.483132662455,8737.049605743236,False
2026-06-21 22:39:24.209916,2445.5137894845006,False,94623.51686733754,0.0,0.0,14270.287669984076,225.93798872973474,306.1543362464962,76.53858406162405,-5376.483132662455,8737.049605743236,False
2026-06-21 23:39:24.209916,2438.8252516740445,False,94623.51686733754,0.0,0.0,14270.287669984076,225.93798872973474,306.1543362464962,76.53858406162405,-5376.483132662455,8737.049605743236,False
2026-06-22 00:39:24.209916,2462.4159440618973,False,94623.51686733754,0.0,0.0,14270.287669984076,225.93798872973474,306.1543362464962,76.53858406162405,-5376.483132662455,8737.049605743236,False
2026-06-22 01:39:24.209916,2475.88796361588,False,94623.51686733754,0.0,0.0,14270.287669984076,225.93798872973474,306.1543362464962,76.53858406162405,-5376.483132662455,8737.049605743236,False
2026-06-22 02:39:24.209916,2470.3744555294147,False,94623.51686733754,0.0,0.0,14270.287669984076,225.93798872973474,306.1543362464962,76.53858406162405,-5376.483132662455,8737.049605743236,False
2026-06-22 03:39:24.209916,2464.863656575306,False,94623.51686733754,0.0,0.0,14270.287669984076,225.93798872973474,306.1543362464962,76.53858406162405,-5376.483132662455,8737.049605743236,False
2026-06-22 04:39:24.209916,2459.800688862348,False,94623.51686733754,0.0,0.0,14270.287669984076,225.93798872973474,306.1543362464962,76.53858406162405,-5376.483132662455,8737.049605743236,False
2026-06-22 05:39:24.209916,2492.781736438035,False,94623.51686733754,0.0,0.0,14270.287669984076,225.93798872973474,306.1543362464962,76.53858406162405,-5376.483132662455,8737.049605743236,False
2026-06-22 06:39:24.209916,2498.9068999472934,False,94623.51686733754,0.0,0.0,14270.287669984076,225.93798872973474,306.1543362464962,76.53858406162405,-5376.483132662455,8737.049605743236,False
2026-06-22 07:39:24.209916,2505.819764428294,False,94623.51686733754,0.0,0.0,14270.287669984076,225.93798872973474,306.1543362464962,76.53858406162405,-5376.483132662455,8737.049605743236,False
2026-06-22 08:39:24.209916,2522.4392331446625,False,94623.51686733754,0.0,0.0,14270.287669984076,225.93798872973474,306.1543362464962,76.53858406162405,-5376.483132662455,8737.049605743236,False
2026-06-22 09:39:24.209916,2526.3179182817457,False,94623.51686733754,0.0,0.0,14270.287669984076,225.93798872973474,306.1543362464962,76.53858406162405,-5376.483132662455,8737.049605743236,False
2026-06-22 10:39:24.209916,2522.140547543974,False,94623.51686733754,0.0,0.0,14270.287669984076,225.93798872973474,306.1543362464962,76.53858406162405,-5376.483132662455,8737.049605743236,False
2026-06-22 11:39:24.209916,2518.982249031644,False,94623.51686733754,0.0,0.0,14270.287669984076,225.93798872973474,306.1543362464962,76.53858406162405,-5376.483132662455,8737.049605743236,False
2026-06-22 12:39:24.209916,2517.8406535971067,False,94623.51686733754,0.0,0.0,14270.287669984076,225.93798872973474,306.1543362464962,76.53858406162405,-5376.483132662455,8737.049605743236,False
2026-06-22 13:39:24.209916,2517.2542931497314,False,94623.51686733754,0.0,0.0,14270.287669984076,225.93798872973474,306.1543362464962,76.53858406162405,-5376.483132662455,8737.049605743236,False
2026-06-22 14:39:24.209916,2529.0380083633163,False,94623.51686733754,0.0,0.0,14270.287669984076,225.93798872973474,306.1543362464962,76.53858406162405,-5376.483132662455,8737.049605743236,False
2026-06-22 15:39:24.209916,2529.894770126609,False,94623.51686733754,0.0,0.0,14270.287669984076,225.93798872973474,306.1543362464962,76.53858406162405,-5376.483132662455,8737.049605743236,False
2026-06-22 16:39:24.209916,2541.819301022446,False,94623.51686733754,0.0,0.0,14270.287669984076,225.93798872973474,306.1543362464962,76.53858406162405,-5376.483132662455,8737.049605743236,False
2026-06-22 17:39:24.209916,2540.5188969919977,False,94623.51686733754,0.0,0.0,14270.287669984076,225.93798872973474,306.1543362464962,76.53858406162405,-5376.483132662455,8737.049605743236,False
2026-06-22 18:39:24.209916,2541.8144018021126,False,94623.51686733754,0.0,0.0,14270.287669984076,225.93798872973474,306.1543362464962,76.53858406162405,-5376.483132662455,8737.049605743236,False
2026-06-22 19:39:24.209916,2509.4765475658733,False,94623.51686733754,0.0,0.0,14270.287669984076,225.93798872973474,306.1543362464962,76.53858406162405,-5376.483132662455,8737.049605743236,False
2026-06-22 20:39:24.209916,2524.275547224632,False,94623.51686733754,0.0,0.0,14270.287669984076,225.93798872973474,306.1543362464962,76.53858406162405,-5376.483132662455,8737.049605743236,False
2026-06-22 21:39:24.209916,2529.9031440081862,False,94623.51686733754,0.0,0.0,14270.287669984076,225.93798872973474,306.1543362464962,76.53858406162405,-5376.483132662455,8737.049605743236,False
2026-06-22 22:39:24.209916,2546.1555090209467,False,94623.51686733754,0.0,0.0,14270.287669984076,225.93798872973474,306.1543362464962,76.53858406162405,-5376.483132662455,8737.049605743236,False
2026-06-22 23:39:24.209916,2499.332081795668,False,94623.51686733754,0.0,0.0,14270.287669984076,225.93798872973474,306.1543362464962,76.53858406162405,-5376.483132662455,8737.049605743236,False
2026-06-23 00:39:24.209916,2533.031957779237,False,94623.51686733754,0.0,0.0,14270.287669984076,225.93798872973474,306.1543362464962,76.53858406162405,-5376.483132662455,8737.049605743236,False
2026-06-23 01:39:24.209916,2530.7807220766417,False,94623.51686733754,0.0,0.0,14270.287669984076,225.93798872973474,306.1543362464962,76.53858406162405,-5376.483132662455,8737.049605743236,False
2026-06-23 02:39:24.209916,2548.8382673751958,False,94623.51686733754,0.0,0.0,14270.287669984076,225.93798872973474,306.1543362464962,76.53858406162405,-5376.483132662455,8737.049605743236,False
2026-06-23 03:39:24.209916,2531.9175810233214,False,94623.51686733754,0.0,0.0,14270.287669984076,225.93798872973474,306.1543362464962,76.53858406162405,-5376.483132662455,8737.049605743236,False
2026-06-23 04:39:24.209916,2541.8976634044025,False,94623.51686733754,0.0,0.0,14270.287669984076,225.93798872973474,306.1543362464962,76.53858406162405,-5376.483132662455,8737.049605743236,False
2026-06-23 05:39:24.209916,2524.8043827684114,False,94623.51686733754,0.0,0.0,14270.287669984076,225.93798872973474,306.1543362464962,76.53858406162405,-5376.483132662455,8737.049605743236,False
2026-06-23 06:39:24.209916,2514.74286369224,False,94623.51686733754,0.0,0.0,14270.287669984076,225.93798872973474,306.1543362464962,76.53858406162405,-5376.483132662455,8737.049605743236,False
2026-06-23 07:39:24.209916,2545.8036318184973,False,94623.51686733754,0.0,0.0,14270.287669984076,225.93798872973474,306.1543362464962,76.53858406162405,-5376.483132662455,8737.049605743236,False
2026-06-23 08:39:24.209916,2542.7080811482942,False,94623.51686733754,0.0,0.0,14270.287669984076,225.93798872973474,306.1543362464962,76.53858406162405,-5376.483132662455,8737.049605743236,False
2026-06-23 09:39:24.209916,2546.2693077641898,False,94623.51686733754,0.0,0.0,14270.287669984076,225.93798872973474,306.1543362464962,76.53858406162405,-5376.483132662455,8737.049605743236,False
2026-06-23 10:39:24.209916,2560.525835687771,False,94623.51686733754,0.0,0.0,14270.287669984076,225.93798872973474,306.1543362464962,76.53858406162405,-5376.483132662455,8737.049605743236,False
2026-06-23 11:39:24.209916,2568.6898214846537,False,94623.51686733754,0.0,0.0,14270.287669984076,225.93798872973474,306.1543362464962,76.53858406162405,-5376.483132662455,8737.049605743236,False
2026-06-23 12:39:24.209916,2571.182619193686,False,94623.51686733754,0.0,0.0,14270.287669984076,225.93798872973474,306.1543362464962,76.53858406162405,-5376.483132662455,8737.049605743236,False
2026-06-23 13:39:24.209916,2577.2199668019157,False,94623.51686733754,0.0,0.0,14270.287669984076,225.93798872973474,306.1543362464962,76.53858406162405,-5376.483132662455,8737.049605743236,False
2026-06-23 14:39:24.209916,2617.2505224219676,False,94623.51686733754,0.0,0.0,14270.287669984076,225.93798872973474,306.1543362464962,76.53858406162405,-5376.483132662455,8737.049605743236,False
2026-06-23 15:39:24.209916,2616.2988963592197,False,94623.51686733754,0.0,0.0,14270.287669984076,225.93798872973474,306.1543362464962,76.53858406162405,-5376.483132662455,8737.049605743236,False
2026-06-23 16:39:24.209916,2619.688870320832,False,94623.51686733754,0.0,0.0,14270.287669984076,225.93798872973474,306.1543362464962,76.53858406162405,-5376.483132662455,8737.049605743236,False
2026-06-23 17:39:24.209916,2637.40795549858,False,94623.51686733754,0.0,0.0,14270.287669984076,225.93798872973474,306.1543362464962,76.53858406162405,-5376.483132662455,8737.049605743236,False
2026-06-23 18:39:24.209916,2656.181062910066,False,94623.51686733754,0.0,0.0,14270.287669984076,225.93798872973474,306.1543362464962,76.53858406162405,-5376.483132662455,8737.049605743236,False
2026-06-23 19:39:24.209916,2676.4858762350395,False,94623.51686733754,0.0,0.0,14270.287669984076,225.93798872973474,306.1543362464962,76.53858406162405,-5376.483132662455,8737.049605743236,False
2026-06-23 20:39:24.209916,2687.4829533467096,False,94623.51686733754,0.0,0.0,14270.287669984076,225.93798872973474,306.1543362464962,76.53858406162405,-5376.483132662455,8737.049605743236,False
2026-06-23 21:39:24.209916,2667.878006267607,False,94623.51686733754,0.0,0.0,14270.287669984076,225.93798872973474,306.1543362464962,76.53858406162405,-5376.483132662455,8737.049605743236,False
2026-06-23 22:39:24.209916,2695.976290417885,False,94623.51686733754,0.0,0.0,14270.287669984076,225.93798872973474,306.1543362464962,76.53858406162405,-5376.483132662455,8737.049605743236,False
2026-06-23 23:39:24.209916,2676.2520739703127,False,94623.51686733754,0.0,0.0,14270.287669984076,225.93798872973474,306.1543362464962,76.53858406162405,-5376.483132662455,8737.049605743236,False
2026-06-24 00:39:24.209916,2681.4645546252204,False,94623.51686733754,0.0,0.0,14270.287669984076,225.93798872973474,306.1543362464962,76.53858406162405,-5376.483132662455,8737.049605743236,False
2026-06-24 01:39:24.209916,2668.5452189267507,False,94623.51686733754,0.0,0.0,14270.287669984076,225.93798872973474,306.1543362464962,76.53858406162405,-5376.483132662455,8737.049605743236,False
2026-06-24 02:39:24.209916,2667.463455205419,False,94623.51686733754,0.0,0.0,14270.287669984076,225.93798872973474,306.1543362464962,76.53858406162405,-5376.483132662455,8737.049605743236,False
2026-06-24 03:39:24.209916,2673.1064984796426,False,94623.51686733754,0.0,0.0,14270.287669984076,225.93798872973474,306.1543362464962,76.53858406162405,-5376.483132662455,8737.049605743236,False
2026-06-24 04:39:24.209916,2678.6343170558544,False,94623.51686733754,0.0,0.0,14270.287669984076,225.93798872973474,306.1543362464962,76.53858406162405,-5376.483132662455,8737.049605743236,False
2026-06-24 05:39:24.209916,2685.9045399893416,False,94623.51686733754,0.0,0.0,14270.287669984076,225.93798872973474,306.1543362464962,76.53858406162405,-5376.483132662455,8737.049605743236,False
2026-06-24 06:39:24.209916,2713.8495774119688,False,94623.51686733754,0.0,0.0,14270.287669984076,225.93798872973474,306.1543362464962,76.53858406162405,-5376.483132662455,8737.049605743236,False
2026-06-24 07:39:24.209916,2721.766922912633,False,94623.51686733754,0.0,0.0,14270.287669984076,225.93798872973474,306.1543362464962,76.53858406162405,-5376.483132662455,8737.049605743236,False
2026-06-24 08:39:24.209916,2717.5256771659583,False,94623.51686733754,0.0,0.0,14270.287669984076,225.93798872973474,306.1543362464962,76.53858406162405,-5376.483132662455,8737.049605743236,False
2026-06-24 09:39:24.209916,2734.3886460975527,False,94623.51686733754,0.0,0.0,14270.287669984076,225.93798872973474,306.1543362464962,76.53858406162405,-5376.483132662455,8737.049605743236,False
2026-06-24 10:39:24.209916,2755.3344081289615,False,94623.51686733754,0.0,0.0,14270.287669984076,225.93798872973474,306.1543362464962,76.53858406162405,-5376.483132662455,8737.049605743236,False
2026-06-24 11:39:24.209916,2733.7514221119036,False,94623.51686733754,0.0,0.0,14270.287669984076,225.93798872973474,306.1543362464962,76.53858406162405,-5376.483132662455,8737.049605743236,False
2026-06-24 12:39:24.209916,2744.2565995119203,False,94623.51686733754,0.0,0.0,14270.287669984076,225.93798872973474,306.1543362464962,76.53858406162405,-5376.483132662455,8737.049605743236,False
2026-06-24 13:39:24.209916,2756.6353763962343,False,94623.51686733754,0.0,0.0,14270.287669984076,225.93798872973474,306.1543362464962,76.53858406162405,-5376.483132662455,8737.049605743236,False
2026-06-24 14:39:24.209916,2751.3976376144133,False,94623.51686733754,0.0,0.0,14270.287669984076,225.93798872973474,306.1543362464962,76.53858406162405,-5376.483132662455,8737.049605743236,False
2026-06-24 15:39:24.209916,2775.785690436379,False,94623.51686733754,0.0,0.0,14270.287669984076,225.93798872973474,306.1543362464962,76.53858406162405,-5376.483132662455,8737.049605743236,False
2026-06-24 16:39:24.209916,2773.1326425508555,False,94623.51686733754,0.0,0.0,14270.287669984076,225.93798872973474,306.1543362464962,76.53858406162405,-5376.483132662455,8737.049605743236,False
2026-06-24 17:39:24.209916,2775.3818135919273,False,94623.51686733754,0.0,0.0,14270.287669984076,225.93798872973474,306.1543362464962,76.53858406162405,-5376.483132662455,8737.049605743236,False
2026-06-24 18:39:24.209916,2772.3200710797873,False,94623.51686733754,0.0,0.0,14270.287669984076,225.93798872973474,306.1543362464962,76.53858406162405,-5376.483132662455,8737.049605743236,False
2026-06-24 19:39:24.209916,2772.612785102165,False,94623.51686733754,0.0,0.0,14270.287669984076,225.93798872973474,306.1543362464962,76.53858406162405,-5376.483132662455,8737.049605743236,False
2026-06-24 20:39:24.209916,2753.211470153066,False,94623.51686733754,0.0,0.0,14270.287669984076,225.93798872973474,306.1543362464962,76.53858406162405,-5376.483132662455,8737.049605743236,False
2026-06-24 21:39:24.209916,2727.927447706436,False,94623.51686733754,0.0,0.0,14270.287669984076,225.93798872973474,306.1543362464962,76.53858406162405,-5376.483132662455,8737.049605743236,False
2026-06-24 22:39:24.209916,2755.970359863205,False,94623.51686733754,0.0,0.0,14270.287669984076,225.93798872973474,306.1543362464962,76.53858406162405,-5376.483132662455,8737.049605743236,False
2026-06-24 23:39:24.209916,2741.062911803542,False,94623.51686733754,0.0,0.0,14270.287669984076,225.93798872973474,306.1543362464962,76.53858406162405,-5376.483132662455,8737.049605743236,False
2026-06-25 00:39:24.209916,2723.7130724690633,False,94623.51686733754,0.0,0.0,14270.287669984076,225.93798872973474,306.1543362464962,76.53858406162405,-5376.483132662455,8737.049605743236,False
2026-06-25 01:39:24.209916,2686.387134509748,False,94623.51686733754,0.0,0.0,14270.287669984076,225.93798872973474,306.1543362464962,76.53858406162405,-5376.483132662455,8737.049605743236,False
2026-06-25 02:39:24.209916,2675.421111737686,False,94623.51686733754,0.0,0.0,14270.287669984076,225.93798872973474,306.1543362464962,76.53858406162405,-5376.483132662455,8737.049605743236,False
2026-06-25 03:39:24.209916,2652.8398059932542,False,94623.51686733754,0.0,0.0,14270.287669984076,225.93798872973474,306.1543362464962,76.53858406162405,-5376.483132662455,8737.049605743236,False
2026-06-25 04:39:24.209916,2680.92722409765,False,94623.51686733754,0.0,0.0,14270.287669984076,225.93798872973474,306.1543362464962,76.53858406162405,-5376.483132662455,8737.049605743236,False
2026-06-25 05:39:24.209916,2698.3540142038064,False,94623.51686733754,0.0,0.0,14270.287669984076,225.93798872973474,306.1543362464962,76.53858406162405,-5376.483132662455,8737.049605743236,False
2026-06-25 06:39:24.209916,2686.4918799456186,False,94623.51686733754,0.0,0.0,14270.287669984076,225.93798872973474,306.1543362464962,76.53858406162405,-5376.483132662455,8737.049605743236,False
2026-06-25 07:39:24.209916,2725.580406384093,False,94623.51686733754,0.0,0.0,14270.287669984076,225.93798872973474,306.1543362464962,76.53858406162405,-5376.483132662455,8737.049605743236,False
2026-06-25 08:39:24.209916,2742.8041780483286,False,94623.51686733754,0.0,0.0,14270.287669984076,225.93798872973474,306.1543362464962,76.53858406162405,-5376.483132662455,8737.049605743236,False
2026-06-25 09:39:24.209916,2737.114219742013,False,94623.51686733754,0.0,0.0,14270.287669984076,225.93798872973474,306.1543362464962,76.53858406162405,-5376.483132662455,8737.049605743236,False
2026-06-25 10:39:24.209916,2693.6230853941097,False,94623.51686733754,0.0,0.0,14270.287669984076,225.93798872973474,306.1543362464962,76.53858406162405,-5376.483132662455,8737.049605743236,False
2026-06-25 11:39:24.209916,2733.4900546560134,False,94623.51686733754,0.0,0.0,14270.287669984076,225.93798872973474,306.1543362464962,76.53858406162405,-5376.483132662455,8737.049605743236,False
2026-06-25 12:39:24.209916,2709.2637117845975,False,94623.51686733754,0.0,0.0,14270.287669984076,225.93798872973474,306.1543362464962,76.53858406162405,-5376.483132662455,8737.049605743236,False
2026-06-25 13:39:24.209916,2680.8518724779547,False,94623.51686733754,0.0,0.0,14270.287669984076,225.93798872973474,306.1543362464962,76.53858406162405,-5376.483132662455,8737.049605743236,False
2026-06-25 14:39:24.209916,2698.4987840496515,False,94623.51686733754,0.0,0.0,14270.287669984076,225.93798872973474,306.1543362464962,76.53858406162405,-5376.483132662455,8737.049605743236,False
2026-06-25 15:39:24.209916,2741.0515267624355,False,94623.51686733754,0.0,0.0,14270.287669984076,225.93798872973474,306.1543362464962,76.53858406162405,-5376.483132662455,8737.049605743236,False
2026-06-25 16:39:24.209916,2765.4997314631805,False,94623.51686733754,0.0,0.0,14270.287669984076,225.93798872973474,306.1543362464962,76.53858406162405,-5376.483132662455,8737.049605743236,False
2026-06-25 17:39:24.209916,2775.530947225561,False,94623.51686733754,0.0,0.0,14270.287669984076,225.93798872973474,306.1543362464962,76.53858406162405,-5376.483132662455,8737.049605743236,False
2026-06-25 18:39:24.209916,2786.149418207094,False,94623.51686733754,0.0,0.0,14270.287669984076,225.93798872973474,306.1543362464962,76.53858406162405,-5376.483132662455,8737.049605743236,False
2026-06-25 19:39:24.209916,2801.4499594121294,False,94623.51686733754,0.0,0.0,14270.287669984076,225.93798872973474,306.1543362464962,76.53858406162405,-5376.483132662455,8737.049605743236,False
2026-06-25 20:39:24.209916,2815.128832511451,False,94623.51686733754,0.0,0.0,14270.287669984076,225.93798872973474,306.1543362464962,76.53858406162405,-5376.483132662455,8737.049605743236,False
2026-06-25 21:39:24.209916,2820.2240795705407,False,94623.51686733754,0.0,0.0,14270.287669984076,225.93798872973474,306.1543362464962,76.53858406162405,-5376.483132662455,8737.049605743236,False
2026-06-25 22:39:24.209916,2822.1247051281107,False,94623.51686733754,0.0,0.0,14270.287669984076,225.93798872973474,306.1543362464962,76.53858406162405,-5376.483132662455,8737.049605743236,False
2026-06-25 23:39:24.209916,2821.008628178597,False,94623.51686733754,0.0,0.0,14270.287669984076,225.93798872973474,306.1543362464962,76.53858406162405,-5376.483132662455,8737.049605743236,False
2026-06-26 00:39:24.209916,2807.422568929453,False,94623.51686733754,0.0,0.0,14270.287669984076,225.93798872973474,306.1543362464962,76.53858406162405,-5376.483132662455,8737.049605743236,False
2026-06-26 01:39:24.209916,2802.391716786895,False,94623.51686733754,0.0,0.0,14270.287669984076,225.93798872973474,306.1543362464962,76.53858406162405,-5376.483132662455,8737.049605743236,False
2026-06-26 02:39:24.209916,2772.157957702608,False,94623.51686733754,0.0,0.0,14270.287669984076,225.93798872973474,306.1543362464962,76.53858406162405,-5376.483132662455,8737.049605743236,False
2026-06-26 03:39:24.209916,2770.42670649456,False,94623.51686733754,0.0,0.0,14270.287669984076,225.93798872973474,306.1543362464962,76.53858406162405,-5376.483132662455,8737.049605743236,False
2026-06-26 04:39:24.209916,2752.940441943856,False,94623.51686733754,0.0,0.0,14270.287669984076,225.93798872973474,306.1543362464962,76.53858406162405,-5376.483132662455,8737.049605743236,False
2026-06-26 05:39:24.209916,2733.548608472281,False,94623.51686733754,0.0,0.0,14270.287669984076,225.93798872973474,306.1543362464962,76.53858406162405,-5376.483132662455,8737.049605743236,False
2026-06-26 06:39:24.209916,2736.7184599018074,False,94623.51686733754,0.0,0.0,14270.287669984076,225.93798872973474,306.1543362464962,76.53858406162405,-5376.483132662455,8737.049605743236,False
2026-06-26 07:39:24.209916,2761.2648356679865,False,94623.51686733754,0.0,0.0,14270.287669984076,225.93798872973474,306.1543362464962,76.53858406162405,-5376.483132662455,8737.049605743236,False
2026-06-26 08:39:24.209916,2777.5841074027344,False,94623.51686733754,0.0,0.0,14270.287669984076,225.93798872973474,306.1543362464962,76.53858406162405,-5376.483132662455,8737.049605743236,False
2026-06-26 09:39:24.209916,2749.775764985919,False,94623.51686733754,0.0,0.0,14270.287669984076,225.93798872973474,306.1543362464962,76.53858406162405,-5376.483132662455,8737.049605743236,False
2026-06-26 10:39:24.209916,2732.4016791566437,False,94623.51686733754,0.0,0.0,14270.287669984076,225.93798872973474,306.1543362464962,76.53858406162405,-5376.483132662455,8737.049605743236,False
2026-06-26 11:39:24.209916,2748.9460430546715,False,94623.51686733754,0.0,0.0,14270.287669984076,225.93798872973474,306.1543362464962,76.53858406162405,-5376.483132662455,8737.049605743236,False
2026-06-26 12:39:24.209916,2731.7022446219516,False,94623.51686733754,0.0,0.0,14270.287669984076,225.93798872973474,306.1543362464962,76.53858406162405,-5376.483132662455,8737.049605743236,False
2026-06-26 13:39:24.209916,2727.7868983323715,False,94623.51686733754,0.0,0.0,14270.287669984076,225.93798872973474,306.1543362464962,76.53858406162405,-5376.483132662455,8737.049605743236,False
2026-06-26 14:39:24.209916,2737.4381367451488,False,94623.51686733754,0.0,0.0,14270.287669984076,225.93798872973474,306.1543362464962,76.53858406162405,-5376.483132662455,8737.049605743236,False
2026-06-26 15:39:24.209916,2720.513169670135,False,94623.51686733754,0.0,0.0,14270.287669984076,225.93798872973474,306.1543362464962,76.53858406162405,-5376.483132662455,8737.049605743236,False
2026-06-26 16:39:24.209916,2722.367092961041,False,94623.51686733754,0.0,0.0,14270.287669984076,225.93798872973474,306.1543362464962,76.53858406162405,-5376.483132662455,8737.049605743236,False
2026-06-26 17:39:24.209916,2699.2003172480463,False,94623.51686733754,0.0,0.0,14270.287669984076,225.93798872973474,306.1543362464962,76.53858406162405,-5376.483132662455,8737.049605743236,False
2026-06-26 18:39:24.209916,2688.8299229079134,False,94623.51686733754,0.0,0.0,14270.287669984076,225.93798872973474,306.1543362464962,76.53858406162405,-5376.483132662455,8737.049605743236,False
2026-06-26 19:39:24.209916,2694.3630473607645,False,94623.51686733754,0.0,0.0,14270.287669984076,225.93798872973474,306.1543362464962,76.53858406162405,-5376.483132662455,8737.049605743236,False
2026-06-26 20:39:24.209916,2667.003294056455,False,94623.51686733754,0.0,0.0,14270.287669984076,225.93798872973474,306.1543362464962,76.53858406162405,-5376.483132662455,8737.049605743236,False
2026-06-26 21:39:24.209916,2674.560048047989,False,94623.51686733754,0.0,0.0,14270.287669984076,225.93798872973474,306.1543362464962,76.53858406162405,-5376.483132662455,8737.049605743236,False
2026-06-26 22:39:24.209916,2674.238632152853,False,94623.51686733754,0.0,0.0,14270.287669984076,225.93798872973474,306.1543362464962,76.53858406162405,-5376.483132662455,8737.049605743236,False
2026-06-26 23:39:24.209916,2683.742351912334,False,94623.51686733754,0.0,0.0,14270.287669984076,225.93798872973474,306.1543362464962,76.53858406162405,-5376.483132662455,8737.049605743236,False
2026-06-27 00:39:24.209916,2687.612770939077,False,94623.51686733754,0.0,0.0,14270.287669984076,225.93798872973474,306.1543362464962,76.53858406162405,-5376.483132662455,8737.049605743236,False
2026-06-27 01:39:24.209916,2711.234403659038,False,94623.51686733754,0.0,0.0,14270.287669984076,225.93798872973474,306.1543362464962,76.53858406162405,-5376.483132662455,8737.049605743236,False
2026-06-27 02:39:24.209916,2713.427249554563,False,94623.51686733754,0.0,0.0,14270.287669984076,225.93798872973474,306.1543362464962,76.53858406162405,-5376.483132662455,8737.049605743236,False
2026-06-27 03:39:24.209916,2705.9835778050347,False,94623.51686733754,0.0,0.0,14270.287669984076,225.93798872973474,306.1543362464962,76.53858406162405,-5376.483132662455,8737.049605743236,False
2026-06-27 04:39:24.209916,2708.1213615843117,False,94623.51686733754,0.0,0.0,14270.287669984076,225.93798872973474,306.1543362464962,76.53858406162405,-5376.483132662455,8737.049605743236,False
2026-06-27 05:39:24.209916,2717.585353237857,False,94623.51686733754,0.0,0.0,14270.287669984076,225.93798872973474,306.1543362464962,76.53858406162405,-5376.483132662455,8737.049605743236,False
2026-06-27 06:39:24.209916,2718.452212328194,False,94623.51686733754,0.0,0.0,14270.287669984076,225.93798872973474,306.1543362464962,76.53858406162405,-5376.483132662455,8737.049605743236,False
2026-06-27 07:39:24.209916,2719.175213318952,False,94623.51686733754,0.0,0.0,14270.287669984076,225.93798872973474,306.1543362464962,76.53858406162405,-5376.483132662455,8737.049605743236,False
2026-06-27 08:39:24.209916,2706.9813428107977,False,94623.51686733754,0.0,0.0,14270.287669984076,225.93798872973474,306.1543362464962,76.53858406162405,-5376.483132662455,8737.049605743236,False
2026-06-27 09:39:24.209916,2695.517554685156,False,94623.51686733754,0.0,0.0,14270.287669984076,225.93798872973474,306.1543362464962,76.53858406162405,-5376.483132662455,8737.049605743236,False
2026-06-27 10:39:24.209916,2671.4045536662306,False,94623.51686733754,0.0,0.0,14270.287669984076,225.93798872973474,306.1543362464962,76.53858406162405,-5376.483132662455,8737.049605743236,False
2026-06-27 11:39:24.209916,2701.5507013336546,False,94623.51686733754,0.0,0.0,14270.287669984076,225.93798872973474,306.1543362464962,76.53858406162405,-5376.483132662455,8737.049605743236,False
2026-06-27 12:39:24.209916,2680.1097108367317,False,94623.51686733754,0.0,0.0,14270.287669984076,225.93798872973474,306.1543362464962,76.53858406162405,-5376.483132662455,8737.049605743236,False
2026-06-27 13:39:24.209916,2668.246446306536,False,94623.51686733754,0.0,0.0,14270.287669984076,225.93798872973474,306.1543362464962,76.53858406162405,-5376.483132662455,8737.049605743236,False
2026-06-27 14:39:24.209916,2656.0014448761663,False,94623.51686733754,0.0,0.0,14270.287669984076,225.93798872973474,306.1543362464962,76.53858406162405,-5376.483132662455,8737.049605743236,False
2026-06-27 15:39:24.209916,2671.297988862411,False,94623.51686733754,0.0,0.0,14270.287669984076,225.93798872973474,306.1543362464962,76.53858406162405,-5376.483132662455,8737.049605743236,False
2026-06-27 16:39:24.209916,2666.2670713384064,False,94623.51686733754,0.0,0.0,14270.287669984076,225.93798872973474,306.1543362464962,76.53858406162405,-5376.483132662455,8737.049605743236,False
2026-06-27 17:39:24.209916,2687.694831239579,False,94623.51686733754,0.0,0.0,14270.287669984076,225.93798872973474,306.1543362464962,76.53858406162405,-5376.483132662455,8737.049605743236,False
2026-06-27 18:39:24.209916,2676.1310402953786,False,94623.51686733754,0.0,0.0,14270.287669984076,225.93798872973474,306.1543362464962,76.53858406162405,-5376.483132662455,8737.049605743236,False
2026-06-27 19:39:24.209916,2680.9369447100357,False,94623.51686733754,0.0,0.0,14270.287669984076,225.93798872973474,306.1543362464962,76.53858406162405,-5376.483132662455,8737.049605743236,False
2026-06-27 20:39:24.209916,2666.6338994084394,False,94623.51686733754,0.0,0.0,14270.287669984076,225.93798872973474,306.1543362464962,76.53858406162405,-5376.483132662455,8737.049605743236,False
2026-06-27 21:39:24.209916,2703.5734078903624,False,94623.51686733754,0.0,0.0,14270.287669984076,225.93798872973474,306.1543362464962,76.53858406162405,-5376.483132662455,8737.049605743236,False
2026-06-27 22:39:24.209916,2683.0839555828006,False,94623.51686733754,0.0,0.0,14270.287669984076,225.93798872973474,306.1543362464962,76.53858406162405,-5376.483132662455,8737.049605743236,False
2026-06-27 23:39:24.209916,2688.4335737530687,False,94623.51686733754,0.0,0.0,14270.287669984076,225.93798872973474,306.1543362464962,76.53858406162405,-5376.483132662455,8737.049605743236,False
2026-06-28 00:39:24.209916,2699.3940235406426,False,94623.51686733754,0.0,0.0,14270.287669984076,225.93798872973474,306.1543362464962,76.53858406162405,-5376.483132662455,8737.049605743236,False
2026-06-28 01:39:24.209916,2706.5796704142535,False,94623.51686733754,0.0,0.0,14270.287669984076,225.93798872973474,306.1543362464962,76.53858406162405,-5376.483132662455,8737.049605743236,False
2026-06-28 02:39:24.209916,2703.3821163337175,False,94623.51686733754,0.0,0.0,14270.287669984076,225.93798872973474,306.1543362464962,76.53858406162405,-5376.483132662455,8737.049605743236,False
2026-06-28 03:39:24.209916,2701.1486351968847,False,94623.51686733754,0.0,0.0,14270.287669984076,225.93798872973474,306.1543362464962,76.53858406162405,-5376.483132662455,8737.049605743236,False
2026-06-28 04:39:24.209916,2701.922803260049,False,94623.51686733754,0.0,0.0,14270.287669984076,225.93798872973474,306.1543362464962,76.53858406162405,-5376.483132662455,8737.049605743236,False
2026-06-28 05:39:24.209916,2699.393193259571,False,94623.51686733754,0.0,0.0,14270.287669984076,225.93798872973474,306.1543362464962,76.53858406162405,-5376.483132662455,8737.049605743236,False
2026-06-28 06:39:24.209916,2716.1400226928477,False,94623.51686733754,0.0,0.0,14270.287669984076,225.93798872973474,306.1543362464962,76.53858406162405,-5376.483132662455,8737.049605743236,False
2026-06-28 07:39:24.209916,2754.919621103408,False,94623.51686733754,0.0,0.0,14270.287669984076,225.93798872973474,306.1543362464962,76.53858406162405,-5376.483132662455,8737.049605743236,False
2026-06-28 08:39:24.209916,2745.1071620518605,False,94623.51686733754,0.0,0.0,14270.287669984076,225.93798872973474,306.1543362464962,76.53858406162405,-5376.483132662455,8737.049605743236,False
2026-06-28 09:39:24.209916,2721.1226972908526,False,94623.51686733754,0.0,0.0,14270.287669984076,225.93798872973474,306.1543362464962,76.53858406162405,-5376.483132662455,8737.049605743236,False
2026-06-28 10:39:24.209916,2719.59865929859,False,94623.51686733754,0.0,0.0,14270.287669984076,225.93798872973474,306.1543362464962,76.53858406162405,-5376.483132662455,8737.049605743236,False
2026-06-28 11:39:24.209916,2764.9637646064257,False,94623.51686733754,0.0,0.0,14270.287669984076,225.93798872973474,306.1543362464962,76.53858406162405,-5376.483132662455,8737.049605743236,False
2026-06-28 12:39:24.209916,2750.7708879729353,False,94623.51686733754,0.0,0.0,14270.287669984076,225.93798872973474,306.1543362464962,76.53858406162405,-5376.483132662455,8737.049605743236,False
2026-06-28 13:39:24.209916,2779.8435184345094,False,94623.51686733754,0.0,0.0,14270.287669984076,225.93798872973474,306.1543362464962,76.53858406162405,-5376.483132662455,8737.049605743236,False
2026-06-28 14:39:24.209916,2809.918353464601,False,94623.51686733754,0.0,0.0,14270.287669984076,225.93798872973474,306.1543362464962,76.53858406162405,-5376.483132662455,8737.049605743236,False
2026-06-28 15:39:24.209916,2799.9800662619214,False,94623.51686733754,0.0,0.0,14270.287669984076,225.93798872973474,306.1543362464962,76.53858406162405,-5376.483132662455,8737.049605743236,False
2026-06-28 16:39:24.209916,2810.227758772411,False,94623.51686733754,0.0,0.0,14270.287669984076,225.93798872973474,306.1543362464962,76.53858406162405,-5376.483132662455,8737.049605743236,False
2026-06-28 17:39:24.209916,2839.7336217425704,False,94623.51686733754,0.0,0.0,14270.287669984076,225.93798872973474,306.1543362464962,76.53858406162405,-5376.483132662455,8737.049605743236,False
2026-06-28 18:39:24.209916,2832.856371479868,False,94623.51686733754,0.0,0.0,14270.287669984076,225.93798872973474,306.1543362464962,76.53858406162405,-5376.483132662455,8737.049605743236,False
2026-06-28 19:39:24.209916,2829.177844478057,False,94623.51686733754,0.0,0.0,14270.287669984076,225.93798872973474,306.1543362464962,76.53858406162405,-5376.483132662455,8737.049605743236,False
2026-06-28 20:39:24.209916,2818.6637771861742,False,94623.51686733754,0.0,0.0,14270.287669984076,225.93798872973474,306.1543362464962,76.53858406162405,-5376.483132662455,8737.049605743236,False
2026-06-28 21:39:24.209916,2800.4032797172517,False,94623.51686733754,0.0,0.0,14270.287669984076,225.93798872973474,306.1543362464962,76.53858406162405,-5376.483132662455,8737.049605743236,False
2026-06-28 22:39:24.209916,2788.787404869627,False,94623.51686733754,0.0,0.0,14270.287669984076,225.93798872973474,306.1543362464962,76.53858406162405,-5376.483132662455,8737.049605743236,False
2026-06-28 23:39:24.209916,2767.0074309843094,False,94623.51686733754,0.0,0.0,14270.287669984076,225.93798872973474,306.1543362464962,76.53858406162405,-5376.483132662455,8737.049605743236,False
2026-06-29 00:39:24.209916,2767.6278732983124,False,94623.51686733754,0.0,0.0,14270.287669984076,225.93798872973474,306.1543362464962,76.53858406162405,-5376.483132662455,8737.049605743236,False
2026-06-29 01:39:24.209916,2754.0162515480515,False,94623.51686733754,0.0,0.0,14270.287669984076,225.93798872973474,306.1543362464962,76.53858406162405,-5376.483132662455,8737.049605743236,False
2026-06-29 02:39:24.209916,2758.162559945284,False,94623.51686733754,0.0,0.0,14270.287669984076,225.93798872973474,306.1543362464962,76.53858406162405,-5376.483132662455,8737.049605743236,False
2026-06-29 03:39:24.209916,2730.8043243571174,False,94623.51686733754,0.0,0.0,14270.287669984076,225.93798872973474,306.1543362464962,76.53858406162405,-5376.483132662455,8737.049605743236,False
2026-06-29 04:39:24.209916,2736.6185193363394,False,94623.51686733754,0.0,0.0,14270.287669984076,225.93798872973474,306.1543362464962,76.53858406162405,-5376.483132662455,8737.049605743236,False
2026-06-29 05:39:24.209916,2751.296282631233,False,94623.51686733754,0.0,0.0,14270.287669984076,225.93798872973474,306.1543362464962,76.53858406162405,-5376.483132662455,8737.049605743236,False
2026-06-29 06:39:24.209916,2716.371077735325,False,94623.51686733754,0.0,0.0,14270.287669984076,225.93798872973474,306.1543362464962,76.53858406162405,-5376.483132662455,8737.049605743236,False
2026-06-29 07:39:24.209916,2722.908102755542,False,94623.51686733754,0.0,0.0,14270.287669984076,225.93798872973474,306.1543362464962,76.53858406162405,-5376.483132662455,8737.049605743236,False
2026-06-29 08:39:24.209916,2744.437886025394,False,94623.51686733754,0.0,0.0,14270.287669984076,225.93798872973474,306.1543362464962,76.53858406162405,-5376.483132662455,8737.049605743236,False
2026-06-29 09:39:24.209916,2723.253895351637,False,94623.51686733754,0.0,0.0,14270.287669984076,225.93798872973474,306.1543362464962,76.53858406162405,-5376.483132662455,8737.049605743236,False
2026-06-29 10:39:24.209916,2752.6259954521656,False,94623.51686733754,0.0,0.0,14270.287669984076,225.93798872973474,306.1543362464962,76.53858406162405,-5376.483132662455,8737.049605743236,False
2026-06-29 11:39:24.209916,2760.0457004058394,False,94623.51686733754,0.0,0.0,14270.287669984076,225.93798872973474,306.1543362464962,76.53858406162405,-5376.483132662455,8737.049605743236,False
2026-06-29 12:39:24.209916,2747.6153528647133,False,94623.51686733754,0.0,0.0,14270.287669984076,225.93798872973474,306.1543362464962,76.53858406162405,-5376.483132662455,8737.049605743236,False
2026-06-29 13:39:24.209916,2746.6488955491186,False,94623.51686733754,0.0,0.0,14270.287669984076,225.93798872973474,306.1543362464962,76.53858406162405,-5376.483132662455,8737.049605743236,False
2026-06-29 14:39:24.209916,2756.5130896999026,False,94623.51686733754,0.0,0.0,14270.287669984076,225.93798872973474,306.1543362464962,76.53858406162405,-5376.483132662455,8737.049605743236,False
2026-06-29 15:39:24.209916,2757.872243678182,False,94623.51686733754,0.0,0.0,14270.287669984076,225.93798872973474,306.1543362464962,76.53858406162405,-5376.483132662455,8737.049605743236,False
2026-06-29 16:39:24.209916,2767.4295172564302,False,94623.51686733754,0.0,0.0,14270.287669984076,225.93798872973474,306.1543362464962,76.53858406162405,-5376.483132662455,8737.049605743236,False
2026-06-29 17:39:24.209916,2751.1597439297952,False,94623.51686733754,0.0,0.0,14270.287669984076,225.93798872973474,306.1543362464962,76.53858406162405,-5376.483132662455,8737.049605743236,False
2026-06-29 18:39:24.209916,2754.1640361343193,False,94623.51686733754,0.0,0.0,14270.287669984076,225.93798872973474,306.1543362464962,76.53858406162405,-5376.483132662455,8737.049605743236,False
2026-06-29 19:39:24.209916,2729.3320261616304,False,94623.51686733754,0.0,0.0,14270.287669984076,225.93798872973474,306.1543362464962,76.53858406162405,-5376.483132662455,8737.049605743236,False
2026-06-29 20:39:24.209916,2727.402200679563,False,94623.51686733754,0.0,0.0,14270.287669984076,225.93798872973474,306.1543362464962,76.53858406162405,-5376.483132662455,8737.049605743236,False
2026-06-29 21:39:24.209916,2711.6591820432914,False,94623.51686733754,0.0,0.0,14270.287669984076,225.93798872973474,306.1543362464962,76.53858406162405,-5376.483132662455,8737.049605743236,False
2026-06-29 22:39:24.209916,2698.9186849288494,False,94623.51686733754,0.0,0.0,14270.287669984076,225.93798872973474,306.1543362464962,76.53858406162405,-5376.483132662455,8737.049605743236,False
2026-06-29 23:39:24.209916,2720.405695260872,False,94623.51686733754,0.0,0.0,14270.287669984076,225.93798872973474,306.1543362464962,76.53858406162405,-5376.483132662455,8737.049605743236,False
2026-06-30 00:39:24.209916,2739.5199124742703,False,94623.51686733754,0.0,0.0,14270.287669984076,225.93798872973474,306.1543362464962,76.53858406162405,-5376.483132662455,8737.049605743236,False
2026-06-30 01:39:24.209916,2750.254200306422,False,94623.51686733754,0.0,0.0,14270.287669984076,225.93798872973474,306.1543362464962,76.53858406162405,-5376.483132662455,8737.049605743236,False
2026-06-30 02:39:24.209916,2731.078710164991,False,94623.51686733754,0.0,0.0,14270.287669984076,225.93798872973474,306.1543362464962,76.53858406162405,-5376.483132662455,8737.049605743236,False
2026-06-30 03:39:24.209916,2725.560242104355,False,94623.51686733754,0.0,0.0,14270.287669984076,225.93798872973474,306.1543362464962,76.53858406162405,-5376.483132662455,8737.049605743236,False
2026-06-30 04:39:24.209916,2746.8543976369747,False,94623.51686733754,0.0,0.0,14270.287669984076,225.93798872973474,306.1543362464962,76.53858406162405,-5376.483132662455,8737.049605743236,False
2026-06-30 05:39:24.209916,2749.3667181909263,False,94623.51686733754,0.0,0.0,14270.287669984076,225.93798872973474,306.1543362464962,76.53858406162405,-5376.483132662455,8737.049605743236,False
2026-06-30 06:39:24.209916,2790.566495804276,False,94623.51686733754,0.0,0.0,14270.287669984076,225.93798872973474,306.1543362464962,76.53858406162405,-5376.483132662455,8737.049605743236,False
2026-06-30 07:39:24.209916,2797.6274939917357,False,94623.51686733754,0.0,0.0,14270.287669984076,225.93798872973474,306.1543362464962,76.53858406162405,-5376.483132662455,8737.049605743236,False
2026-06-30 08:39:24.209916,2801.089906385515,False,94623.51686733754,0.0,0.0,14270.287669984076,225.93798872973474,306.1543362464962,76.53858406162405,-5376.483132662455,8737.049605743236,False
2026-06-30 09:39:24.209916,2795.560650795155,False,94623.51686733754,0.0,0.0,14270.287669984076,225.93798872973474,306.1543362464962,76.53858406162405,-5376.483132662455,8737.049605743236,False
2026-06-30 10:39:24.209916,2797.970864523315,False,94623.51686733754,0.0,0.0,14270.287669984076,225.93798872973474,306.1543362464962,76.53858406162405,-5376.483132662455,8737.049605743236,False
2026-06-30 11:39:24.209916,2795.253350505912,False,94623.51686733754,0.0,0.0,14270.287669984076,225.93798872973474,306.1543362464962,76.53858406162405,-5376.483132662455,8737.049605743236,False
2026-06-30 12:39:24.209916,2807.987013547724,False,94623.51686733754,0.0,0.0,14270.287669984076,225.93798872973474,306.1543362464962,76.53858406162405,-5376.483132662455,8737.049605743236,False
2026-06-30 13:39:24.209916,2825.2775633888514,False,94623.51686733754,0.0,0.0,14270.287669984076,225.93798872973474,306.1543362464962,76.53858406162405,-5376.483132662455,8737.049605743236,False
2026-06-30 14:39:24.209916,2811.0937711569513,False,94623.51686733754,0.0,0.0,14270.287669984076,225.93798872973474,306.1543362464962,76.53858406162405,-5376.483132662455,8737.049605743236,False
2026-06-30 15:39:24.209916,2787.221846016619,False,94623.51686733754,0.0,0.0,14270.287669984076,225.93798872973474,306.1543362464962,76.53858406162405,-5376.483132662455,8737.049605743236,False
2026-06-30 16:39:24.209916,2754.6209892478537,False,94623.51686733754,0.0,0.0,14270.287669984076,225.93798872973474,306.1543362464962,76.53858406162405,-5376.483132662455,8737.049605743236,False
2026-06-30 17:39:24.209916,2763.6218999458715,False,94623.51686733754,0.0,0.0,14270.287669984076,225.93798872973474,306.1543362464962,76.53858406162405,-5376.483132662455,8737.049605743236,False
2026-06-30 18:39:24.209916,2744.1587436832674,False,94623.51686733754,0.0,0.0,14270.287669984076,225.93798872973474,306.1543362464962,76.53858406162405,-5376.483132662455,8737.049605743236,False
2026-06-30 19:39:24.209916,2706.561283959706,False,94623.51686733754,0.0,0.0,14270.287669984076,225.93798872973474,306.1543362464962,76.53858406162405,-5376.483132662455,8737.049605743236,False
2026-06-30 20:39:24.209916,2713.3272870565124,False,94623.51686733754,0.0,0.0,14270.287669984076,225.93798872973474,306.1543362464962,76.53858406162405,-5376.483132662455,8737.049605743236,False
2026-06-30 21:39:24.209916,2757.0548110254967,False,94623.51686733754,0.0,0.0,14270.287669984076,225.93798872973474,306.1543362464962,76.53858406162405,-5376.483132662455,8737.049605743236,False
2026-06-30 22:39:24.209916,2756.963249461503,False,94623.51686733754,0.0,0.0,14270.287669984076,225.93798872973474,306.1543362464962,76.53858406162405,-5376.483132662455,8737.049605743236,False
2026-06-30 23:39:24.209916,2771.8382969290546,False,94623.51686733754,0.0,0.0,14270.287669984076,225.93798872973474,306.1543362464962,76.53858406162405,-5376.483132662455,8737.049605743236,False
2026-07-01 00:39:24.209916,2773.308547316032,False,94623.51686733754,0.0,0.0,14270.287669984076,225.93798872973474,306.1543362464962,76.53858406162405,-5376.483132662455,8737.049605743236,False
2026-07-01 01:39:24.209916,2771.5668049774936,False,94623.51686733754,0.0,0.0,14270.287669984076,225.93798872973474,306.1543362464962,76.53858406162405,-5376.483132662455,8737.049605743236,False
2026-07-01 02:39:24.209916,2787.9605429686258,False,94623.51686733754,0.0,0.0,14270.287669984076,225.93798872973474,306.1543362464962,76.53858406162405,-5376.483132662455,8737.049605743236,False
2026-07-01 03:39:24.209916,2782.7933124670963,False,94623.51686733754,0.0,0.0,14270.287669984076,225.93798872973474,306.1543362464962,76.53858406162405,-5376.483132662455,8737.049605743236,False
2026-07-01 04:39:24.209916,2787.583431367036,False,94623.51686733754,0.0,0.0,14270.287669984076,225.93798872973474,306.1543362464962,76.53858406162405,-5376.483132662455,8737.049605743236,False
2026-07-01 05:39:24.209916,2793.3540801307577,False,94623.51686733754,0.0,0.0,14270.287669984076,225.93798872973474,306.1543362464962,76.53858406162405,-5376.483132662455,8737.049605743236,False
2026-07-01 06:39:24.209916,2781.431977888294,False,94623.51686733754,0.0,0.0,14270.287669984076,225.93798872973474,306.1543362464962,76.53858406162405,-5376.483132662455,8737.049605743236,False
2026-07-01 07:39:24.209916,2799.1931000022737,False,94623.51686733754,0.0,0.0,14270.287669984076,225.93798872973474,306.1543362464962,76.53858406162405,-5376.483132662455,8737.049605743236,False
2026-07-01 08:39:24.209916,2796.0712489036287,False,94623.51686733754,0.0,0.0,14270.287669984076,225.93798872973474,306.1543362464962,76.53858406162405,-5376.483132662455,8737.049605743236,False
2026-07-01 09:39:24.209916,2782.573526818065,False,94623.51686733754,0.0,0.0,14270.287669984076,225.93798872973474,306.1543362464962,76.53858406162405,-5376.483132662455,8737.049605743236,False
2026-07-01 10:39:24.209916,2792.176196169886,False,94623.51686733754,0.0,0.0,14270.287669984076,225.93798872973474,306.1543362464962,76.53858406162405,-5376.483132662455,8737.049605743236,False
2026-07-01 11:39:24.209916,2776.156098375845,False,94623.51686733754,0.0,0.0,14270.287669984076,225.93798872973474,306.1543362464962,76.53858406162405,-5376.483132662455,8737.049605743236,False
2026-07-01 12:39:24.209916,2776.673527990346,False,94623.51686733754,0.0,0.0,14270.287669984076,225.93798872973474,306.1543362464962,76.53858406162405,-5376.483132662455,8737.049605743236,False
2026-07-01 13:39:24.209916,2776.5270608058604,False,94623.51686733754,0.0,0.0,14270.287669984076,225.93798872973474,306.1543362464962,76.53858406162405,-5376.483132662455,8737.049605743236,False
2026-07-01 14:39:24.209916,2795.938549726604,False,94623.51686733754,0.0,0.0,14270.287669984076,225.93798872973474,306.1543362464962,76.53858406162405,-5376.483132662455,8737.049605743236,False
2026-07-01 15:39:24.209916,2804.4758481007993,False,94623.51686733754,0.0,0.0,14270.287669984076,225.93798872973474,306.1543362464962,76.53858406162405,-5376.483132662455,8737.049605743236,False
2026-07-01 16:39:24.209916,2804.0419444199847,False,94623.51686733754,0.0,0.0,14270.287669984076,225.93798872973474,306.1543362464962,76.53858406162405,-5376.483132662455,8737.049605743236,False
2026-07-01 17:39:24.209916,2818.796482207919,False,94623.51686733754,0.0,0.0,14270.287669984076,225.93798872973474,306.1543362464962,76.53858406162405,-5376.483132662455,8737.049605743236,False
2026-07-01 18:39:24.209916,2844.0463162307465,False,94623.51686733754,0.0,0.0,14270.287669984076,225.93798872973474,306.1543362464962,76.53858406162405,-5376.483132662455,8737.049605743236,False
2026-07-01 19:39:24.209916,2854.2508465904452,False,94623.51686733754,0.0,0.0,14270.287669984076,225.93798872973474,306.1543362464962,76.53858406162405,-5376.483132662455,8737.049605743236,False
2026-07-01 20:39:24.209916,2854.4565722686357,False,94623.51686733754,0.0,0.0,14270.287669984076,225.93798872973474,306.1543362464962,76.53858406162405,-5376.483132662455,8737.049605743236,False
2026-07-01 21:39:24.209916,2830.5683529061835,False,94623.51686733754,0.0,0.0,14270.287669984076,225.93798872973474,306.1543362464962,76.53858406162405,-5376.483132662455,8737.049605743236,False
2026-07-01 22:39:24.209916,2811.3230388654674,False,94623.51686733754,0.0,0.0,14270.287669984076,225.93798872973474,306.1543362464962,76.53858406162405,-5376.483132662455,8737.049605743236,False
2026-07-01 23:39:24.209916,2805.8435842648405,False,94623.51686733754,0.0,0.0,14270.287669984076,225.93798872973474,306.1543362464962,76.53858406162405,-5376.483132662455,8737.049605743236,False
2026-07-02 00:39:24.209916,2794.917533022707,False,94623.51686733754,0.0,0.0,14270.287669984076,225.93798872973474,306.1543362464962,76.53858406162405,-5376.483132662455,8737.049605743236,False
2026-07-02 01:39:24.209916,2791.5854863110408,False,94623.51686733754,0.0,0.0,14270.287669984076,225.93798872973474,306.1543362464962,76.53858406162405,-5376.483132662455,8737.049605743236,False
2026-07-02 02:39:24.209916,2792.615403376779,False,94623.51686733754,0.0,0.0,14270.287669984076,225.93798872973474,306.1543362464962,76.53858406162405,-5376.483132662455,8737.049605743236,False
2026-07-02 03:39:24.209916,2802.13026678589,False,94623.51686733754,0.0,0.0,14270.287669984076,225.93798872973474,306.1543362464962,76.53858406162405,-5376.483132662455,8737.049605743236,False
2026-07-02 04:39:24.209916,2800.8801448542704,False,94623.51686733754,0.0,0.0,14270.287669984076,225.93798872973474,306.1543362464962,76.53858406162405,-5376.483132662455,8737.049605743236,False
2026-07-02 05:39:24.209916,2809.645121689276,False,94623.51686733754,0.0,0.0,14270.287669984076,225.93798872973474,306.1543362464962,76.53858406162405,-5376.483132662455,8737.049605743236,False
2026-07-02 06:39:24.209916,2810.8226881939336,False,94623.51686733754,0.0,0.0,14270.287669984076,225.93798872973474,306.1543362464962,76.53858406162405,-5376.483132662455,8737.049605743236,False
2026-07-02 07:39:24.209916,2775.4668819112817,False,94623.51686733754,0.0,0.0,14270.287669984076,225.93798872973474,306.1543362464962,76.53858406162405,-5376.483132662455,8737.049605743236,False
2026-07-02 08:39:24.209916,2758.8197897952587,False,94623.51686733754,0.0,0.0,14270.287669984076,225.93798872973474,306.1543362464962,76.53858406162405,-5376.483132662455,8737.049605743236,False
2026-07-02 09:39:24.209916,2756.288407637554,False,94623.51686733754,0.0,0.0,14270.287669984076,225.93798872973474,306.1543362464962,76.53858406162405,-5376.483132662455,8737.049605743236,False
2026-07-02 10:39:24.209916,2735.012002241962,False,94623.51686733754,0.0,0.0,14270.287669984076,225.93798872973474,306.1543362464962,76.53858406162405,-5376.483132662455,8737.049605743236,False
2026-07-02 11:39:24.209916,2745.5665297150485,False,94623.51686733754,0.0,0.0,14270.287669984076,225.93798872973474,306.1543362464962,76.53858406162405,-5376.483132662455,8737.049605743236,False
2026-07-02 12:39:24.209916,2772.6573444833098,False,94623.51686733754,0.0,0.0,14270.287669984076,225.93798872973474,306.1543362464962,76.53858406162405,-5376.483132662455,8737.049605743236,False
2026-07-02 13:39:24.209916,2794.4209239130796,False,94623.51686733754,0.0,0.0,14270.287669984076,225.93798872973474,306.1543362464962,76.53858406162405,-5376.483132662455,8737.049605743236,False
2026-07-02 14:39:24.209916,2790.615864801551,False,94623.51686733754,0.0,0.0,14270.287669984076,225.93798872973474,306.1543362464962,76.53858406162405,-5376.483132662455,8737.049605743236,False
2026-07-02 15:39:24.209916,2817.4281905884686,False,94623.51686733754,0.0,0.0,14270.287669984076,225.93798872973474,306.1543362464962,76.53858406162405,-5376.483132662455,8737.049605743236,False
2026-07-02 16:39:24.209916,2820.1307135049733,False,94623.51686733754,0.0,0.0,14270.287669984076,225.93798872973474,306.1543362464962,76.53858406162405,-5376.483132662455,8737.049605743236,False
2026-07-02 17:39:24.209916,2814.0592616307963,False,94623.51686733754,0.0,0.0,14270.287669984076,225.93798872973474,306.1543362464962,76.53858406162405,-5376.483132662455,8737.049605743236,False
2026-07-02 18:39:24.209916,2803.0313091655025,False,94623.51686733754,0.0,0.0,14270.287669984076,225.93798872973474,306.1543362464962,76.53858406162405,-5376.483132662455,8737.049605743236,False
2026-07-02 19:39:24.209916,2797.6174249269525,False,94623.51686733754,0.0,0.0,14270.287669984076,225.93798872973474,306.1543362464962,76.53858406162405,-5376.483132662455,8737.049605743236,False
2026-07-02 20:39:24.209916,2790.6802791251753,False,94623.51686733754,0.0,0.0,14270.287669984076,225.93798872973474,306.1543362464962,76.53858406162405,-5376.483132662455,8737.049605743236,False
2026-07-02 21:39:24.209916,2793.7466298366526,False,94623.51686733754,0.0,0.0,14270.287669984076,225.93798872973474,306.1543362464962,76.53858406162405,-5376.483132662455,8737.049605743236,False
2026-07-02 22:39:24.209916,2796.63989094614,False,94623.51686733754,0.0,0.0,14270.287669984076,225.93798872973474,306.1543362464962,76.53858406162405,-5376.483132662455,8737.049605743236,False
2026-07-02 23:39:24.209916,2796.7104639329723,False,94623.51686733754,0.0,0.0,14270.287669984076,225.93798872973474,306.1543362464962,76.53858406162405,-5376.483132662455,8737.049605743236,False
2026-07-03 00:39:24.209916,2804.5711487719345,False,94623.51686733754,0.0,0.0,14270.287669984076,225.93798872973474,306.1543362464962,76.53858406162405,-5376.483132662455,8737.049605743236,False
2026-07-03 01:39:24.209916,2826.0758191002683,False,94623.51686733754,0.0,0.0,14270.287669984076,225.93798872973474,306.1543362464962,76.53858406162405,-5376.483132662455,8737.049605743236,False
2026-07-03 02:39:24.209916,2843.3474560756517,False,94623.51686733754,0.0,0.0,14270.287669984076,225.93798872973474,306.1543362464962,76.53858406162405,-5376.483132662455,8737.049605743236,False
2026-07-03 03:39:24.209916,2816.42584232708,False,94623.51686733754,0.0,0.0,14270.287669984076,225.93798872973474,306.1543362464962,76.53858406162405,-5376.483132662455,8737.049605743236,False
2026-07-03 04:39:24.209916,2770.7060258044935,False,94623.51686733754,0.0,0.0,14270.287669984076,225.93798872973474,306.1543362464962,76.53858406162405,-5376.483132662455,8737.049605743236,False
2026-07-03 05:39:24.209916,2787.3670395008335,False,94623.51686733754,0.0,0.0,14270.287669984076,225.93798872973474,306.1543362464962,76.53858406162405,-5376.483132662455,8737.049605743236,False
2026-07-03 06:39:24.209916,2763.065140147225,False,94623.51686733754,0.0,0.0,14270.287669984076,225.93798872973474,306.1543362464962,76.53858406162405,-5376.483132662455,8737.049605743236,False
2026-07-03 07:39:24.209916,2759.102502239106,False,94623.51686733754,0.0,0.0,14270.287669984076,225.93798872973474,306.1543362464962,76.53858406162405,-5376.483132662455,8737.049605743236,False
2026-07-03 08:39:24.209916,2738.4991606659446,False,94623.51686733754,0.0,0.0,14270.287669984076,225.93798872973474,306.1543362464962,76.53858406162405,-5376.483132662455,8737.049605743236,False
2026-07-03 09:39:24.209916,2707.0620622163374,False,94623.51686733754,0.0,0.0,14270.287669984076,225.93798872973474,306.1543362464962,76.53858406162405,-5376.483132662455,8737.049605743236,False
2026-07-03 10:39:24.209916,2716.490391201168,False,94623.51686733754,0.0,0.0,14270.287669984076,225.93798872973474,306.1543362464962,76.53858406162405,-5376.483132662455,8737.049605743236,False
2026-07-03 11:39:24.209916,2729.75838998647,False,94623.51686733754,0.0,0.0,14270.287669984076,225.93798872973474,306.1543362464962,76.53858406162405,-5376.483132662455,8737.049605743236,False
2026-07-03 12:39:24.209916,2719.703941161565,False,94623.51686733754,0.0,0.0,14270.287669984076,225.93798872973474,306.1543362464962,76.53858406162405,-5376.483132662455,8737.049605743236,False
2026-07-03 13:39:24.209916,2674.9176142220704,False,94623.51686733754,0.0,0.0,14270.287669984076,225.93798872973474,306.1543362464962,76.53858406162405,-5376.483132662455,8737.049605743236,False
2026-07-03 14:39:24.209916,2665.5822935090596,False,94623.51686733754,0.0,0.0,14270.287669984076,225.93798872973474,306.1543362464962,76.53858406162405,-5376.483132662455,8737.049605743236,False
2026-07-03 15:39:24.209916,2672.301109197232,False,94623.51686733754,0.0,0.0,14270.287669984076,225.93798872973474,306.1543362464962,76.53858406162405,-5376.483132662455,8737.049605743236,False
2026-07-03 16:39:24.209916,2647.100594787967,False,94623.51686733754,0.0,0.0,14270.287669984076,225.93798872973474,306.1543362464962,76.53858406162405,-5376.483132662455,8737.049605743236,False
2026-07-03 17:39:24.209916,2650.229081495807,False,94623.51686733754,0.0,0.0,14270.287669984076,225.93798872973474,306.1543362464962,76.53858406162405,-5376.483132662455,8737.049605743236,False
2026-07-03 18:39:24.209916,2649.9841118073036,False,94623.51686733754,0.0,0.0,14270.287669984076,225.93798872973474,306.1543362464962,76.53858406162405,-5376.483132662455,8737.049605743236,False
2026-07-03 19:39:24.209916,2659.858597951564,False,94623.51686733754,0.0,0.0,14270.287669984076,225.93798872973474,306.1543362464962,76.53858406162405,-5376.483132662455,8737.049605743236,False
2026-07-03 20:39:24.209916,2661.9135751266367,False,94623.51686733754,0.0,0.0,14270.287669984076,225.93798872973474,306.1543362464962,76.53858406162405,-5376.483132662455,8737.049605743236,False
2026-07-03 21:39:24.209916,2645.375438266399,False,94623.51686733754,0.0,0.0,14270.287669984076,225.93798872973474,306.1543362464962,76.53858406162405,-5376.483132662455,8737.049605743236,False
2026-07-03 22:39:24.209916,2665.7606953756313,False,94623.51686733754,0.0,0.0,14270.287669984076,225.93798872973474,306.1543362464962,76.53858406162405,-5376.483132662455,8737.049605743236,False
2026-07-03 23:39:24.209916,2663.06813663118,False,94623.51686733754,0.0,0.0,14270.287669984076,225.93798872973474,306.1543362464962,76.53858406162405,-5376.483132662455,8737.049605743236,False
2026-07-04 00:39:24.209916,2662.617235011178,False,94623.51686733754,0.0,0.0,14270.287669984076,225.93798872973474,306.1543362464962,76.53858406162405,-5376.483132662455,8737.049605743236,False
2026-07-04 01:39:24.209916,2646.7499544780035,False,94623.51686733754,0.0,0.0,14270.287669984076,225.93798872973474,306.1543362464962,76.53858406162405,-5376.483132662455,8737.049605743236,False
2026-07-04 02:39:24.209916,2639.2544031370817,False,94623.51686733754,0.0,0.0,14270.287669984076,225.93798872973474,306.1543362464962,76.53858406162405,-5376.483132662455,8737.049605743236,False
2026-07-04 03:39:24.209916,2624.3415826715036,False,94623.51686733754,0.0,0.0,14270.287669984076,225.93798872973474,306.1543362464962,76.53858406162405,-5376.483132662455,8737.049605743236,False
2026-07-04 04:39:24.209916,2621.4485780263994,False,94623.51686733754,0.0,0.0,14270.287669984076,225.93798872973474,306.1543362464962,76.53858406162405,-5376.483132662455,8737.049605743236,False
2026-07-04 05:39:24.209916,2650.3875023148084,False,94623.51686733754,0.0,0.0,14270.287669984076,225.93798872973474,306.1543362464962,76.53858406162405,-5376.483132662455,8737.049605743236,False
2026-07-04 06:39:24.209916,2627.1952818803397,False,94623.51686733754,0.0,0.0,14270.287669984076,225.93798872973474,306.1543362464962,76.53858406162405,-5376.483132662455,8737.049605743236,False
2026-07-04 07:39:24.209916,2600.1747209268515,False,94623.51686733754,0.0,0.0,14270.287669984076,225.93798872973474,306.1543362464962,76.53858406162405,-5376.483132662455,8737.049605743236,False
2026-07-04 08:39:24.209916,2624.8282009401496,False,94623.51686733754,0.0,0.0,14270.287669984076,225.93798872973474,306.1543362464962,76.53858406162405,-5376.483132662455,8737.049605743236,False
2026-07-04 09:39:24.209916,2621.323289087837,False,94623.51686733754,0.0,0.0,14270.287669984076,225.93798872973474,306.1543362464962,76.53858406162405,-5376.483132662455,8737.049605743236,False
2026-07-04 10:39:24.209916,2610.118982304132,False,94623.51686733754,0.0,0.0,14270.287669984076,225.93798872973474,306.1543362464962,76.53858406162405,-5376.483132662455,8737.049605743236,False
2026-07-04 11:39:24.209916,2627.592259242061,False,94623.51686733754,0.0,0.0,14270.287669984076,225.93798872973474,306.1543362464962,76.53858406162405,-5376.483132662455,8737.049605743236,False
2026-07-04 12:39:24.209916,2617.425707188248,False,94623.51686733754,0.0,0.0,14270.287669984076,225.93798872973474,306.1543362464962,76.53858406162405,-5376.483132662455,8737.049605743236,False
2026-07-04 13:39:24.209916,2648.2599980732784,False,94623.51686733754,0.0,0.0,14270.287669984076,225.93798872973474,306.1543362464962,76.53858406162405,-5376.483132662455,8737.049605743236,False
2026-07-04 14:39:24.209916,2659.809342242754,False,94623.51686733754,0.0,0.0,14270.287669984076,225.93798872973474,306.1543362464962,76.53858406162405,-5376.483132662455,8737.049605743236,False
2026-07-04 15:39:24.209916,2651.518099039829,False,94623.51686733754,0.0,0.0,14270.287669984076,225.93798872973474,306.1543362464962,76.53858406162405,-5376.483132662455,8737.049605743236,False
2026-07-04 16:39:24.209916,2688.4577655007283,False,94623.51686733754,0.0,0.0,14270.287669984076,225.93798872973474,306.1543362464962,76.53858406162405,-5376.483132662455,8737.049605743236,False
2026-07-04 17:39:24.209916,2678.0540093852924,False,94623.51686733754,0.0,0.0,14270.287669984076,225.93798872973474,306.1543362464962,76.53858406162405,-5376.483132662455,8737.049605743236,False
2026-07-04 18:39:24.209916,2690.839979482769,False,94623.51686733754,0.0,0.0,14270.287669984076,225.93798872973474,306.1543362464962,76.53858406162405,-5376.483132662455,8737.049605743236,False
2026-07-04 19:39:24.209916,2696.023096512041,False,94623.51686733754,0.0,0.0,14270.287669984076,225.93798872973474,306.1543362464962,76.53858406162405,-5376.483132662455,8737.049605743236,False
2026-07-04 20:39:24.209916,2718.6309337045964,False,94623.51686733754,0.0,0.0,14270.287669984076,225.93798872973474,306.1543362464962,76.53858406162405,-5376.483132662455,8737.049605743236,False
2026-07-04 21:39:24.209916,2745.997408965299,False,94623.51686733754,0.0,0.0,14270.287669984076,225.93798872973474,306.1543362464962,76.53858406162405,-5376.483132662455,8737.049605743236,False
2026-07-04 22:39:24.209916,2746.576528946775,False,94623.51686733754,0.0,0.0,14270.287669984076,225.93798872973474,306.1543362464962,76.53858406162405,-5376.483132662455,8737.049605743236,False
2026-07-04 23:39:24.209916,2733.35851669555,False,94623.51686733754,0.0,0.0,14270.287669984076,225.93798872973474,306.1543362464962,76.53858406162405,-5376.483132662455,8737.049605743236,False
2026-07-05 00:39:24.209916,2741.445915735252,False,94623.51686733754,0.0,0.0,14270.287669984076,225.93798872973474,306.1543362464962,76.53858406162405,-5376.483132662455,8737.049605743236,False
2026-07-05 01:39:24.209916,2729.5769344308105,False,94623.51686733754,0.0,0.0,14270.287669984076,225.93798872973474,306.1543362464962,76.53858406162405,-5376.483132662455,8737.049605743236,False
2026-07-05 02:39:24.209916,2765.051807155895,False,94623.51686733754,0.0,0.0,14270.287669984076,225.93798872973474,306.1543362464962,76.53858406162405,-5376.483132662455,8737.049605743236,False
2026-07-05 03:39:24.209916,2767.4888419150157,False,94623.51686733754,0.0,0.0,14270.287669984076,225.93798872973474,306.1543362464962,76.53858406162405,-5376.483132662455,8737.049605743236,False
2026-07-05 04:39:24.209916,2761.030910805089,False,94623.51686733754,0.0,0.0,14270.287669984076,225.93798872973474,306.1543362464962,76.53858406162405,-5376.483132662455,8737.049605743236,False
2026-07-05 05:39:24.209916,2764.31744492754,False,94623.51686733754,0.0,0.0,14270.287669984076,225.93798872973474,306.1543362464962,76.53858406162405,-5376.483132662455,8737.049605743236,False
2026-07-05 06:39:24.209916,2740.5635071765073,False,94623.51686733754,0.0,0.0,14270.287669984076,225.93798872973474,306.1543362464962,76.53858406162405,-5376.483132662455,8737.049605743236,False
2026-07-05 07:39:24.209916,2723.5621301265496,False,94623.51686733754,0.0,0.0,14270.287669984076,225.93798872973474,306.1543362464962,76.53858406162405,-5376.483132662455,8737.049605743236,False
2026-07-05 08:39:24.209916,2744.6174987276054,False,94623.51686733754,0.0,0.0,14270.287669984076,225.93798872973474,306.1543362464962,76.53858406162405,-5376.483132662455,8737.049605743236,False
2026-07-05 09:39:24.209916,2733.099564605906,False,94623.51686733754,0.0,0.0,14270.287669984076,225.93798872973474,306.1543362464962,76.53858406162405,-5376.483132662455,8737.049605743236,False
2026-07-05 10:39:24.209916,2714.8337266141134,False,94623.51686733754,0.0,0.0,14270.287669984076,225.93798872973474,306.1543362464962,76.53858406162405,-5376.483132662455,8737.049605743236,False
2026-07-05 11:39:24.209916,2724.205121451733,False,94623.51686733754,0.0,0.0,14270.287669984076,225.93798872973474,306.1543362464962,76.53858406162405,-5376.483132662455,8737.049605743236,False
2026-07-05 12:39:24.209916,2745.00659881164,False,94623.51686733754,0.0,0.0,14270.287669984076,225.93798872973474,306.1543362464962,76.53858406162405,-5376.483132662455,8737.049605743236,False
2026-07-05 13:39:24.209916,2757.7030755843734,False,94623.51686733754,0.0,0.0,14270.287669984076,225.93798872973474,306.1543362464962,76.53858406162405,-5376.483132662455,8737.049605743236,False
2026-07-05 14:39:24.209916,2775.383935951253,False,94623.51686733754,0.0,0.0,14270.287669984076,225.93798872973474,306.1543362464962,76.53858406162405,-5376.483132662455,8737.049605743236,False
2026-07-05 15:39:24.209916,2761.967489570337,False,94623.51686733754,0.0,0.0,14270.287669984076,225.93798872973474,306.1543362464962,76.53858406162405,-5376.483132662455,8737.049605743236,False
2026-07-05 16:39:24.209916,2736.9230685997636,False,94623.51686733754,0.0,0.0,14270.287669984076,225.93798872973474,306.1543362464962,76.53858406162405,-5376.483132662455,8737.049605743236,False
2026-07-05 17:39:24.209916,2763.407419318708,False,94623.51686733754,0.0,0.0,14270.287669984076,225.93798872973474,306.1543362464962,76.53858406162405,-5376.483132662455,8737.049605743236,False
2026-07-05 18:39:24.209916,2757.712755571841,False,94623.51686733754,0.0,0.0,14270.287669984076,225.93798872973474,306.1543362464962,76.53858406162405,-5376.483132662455,8737.049605743236,False
2026-07-05 19:39:24.209916,2753.2976538131998,False,94623.51686733754,0.0,0.0,14270.287669984076,225.93798872973474,306.1543362464962,76.53858406162405,-5376.483132662455,8737.049605743236,False
2026-07-05 20:39:24.209916,2776.8566301857713,False,94623.51686733754,0.0,0.0,14270.287669984076,225.93798872973474,306.1543362464962,76.53858406162405,-5376.483132662455,8737.049605743236,False
2026-07-05 21:39:24.209916,2786.791849580194,False,94623.51686733754,0.0,0.0,14270.287669984076,225.93798872973474,306.1543362464962,76.53858406162405,-5376.483132662455,8737.049605743236,False
2026-07-05 22:39:24.209916,2794.964163609879,False,94623.51686733754,0.0,0.0,14270.287669984076,225.93798872973474,306.1543362464962,76.53858406162405,-5376.483132662455,8737.049605743236,False
2026-07-05 23:39:24.209916,2834.0420342044267,False,94623.51686733754,0.0,0.0,14270.287669984076,225.93798872973474,306.1543362464962,76.53858406162405,-5376.483132662455,8737.049605743236,False
2026-07-06 00:39:24.209916,2822.3908309216936,False,94623.51686733754,0.0,0.0,14270.287669984076,225.93798872973474,306.1543362464962,76.53858406162405,-5376.483132662455,8737.049605743236,False
2026-07-06 01:39:24.209916,2839.2446966761077,False,94623.51686733754,0.0,0.0,14270.287669984076,225.93798872973474,306.1543362464962,76.53858406162405,-5376.483132662455,8737.049605743236,False
2026-07-06 02:39:24.209916,2840.2988101048286,False,94623.51686733754,0.0,0.0,14270.287669984076,225.93798872973474,306.1543362464962,76.53858406162405,-5376.483132662455,8737.049605743236,False
2026-07-06 03:39:24.209916,2845.2098019196847,False,94623.51686733754,0.0,0.0,14270.287669984076,225.93798872973474,306.1543362464962,76.53858406162405,-5376.483132662455,8737.049605743236,False
2026-07-06 04:39:24.209916,2873.241767641465,False,94623.51686733754,0.0,0.0,14270.287669984076,225.93798872973474,306.1543362464962,76.53858406162405,-5376.483132662455,8737.049605743236,False
2026-07-06 05:39:24.209916,2882.6274049168564,False,94623.51686733754,0.0,0.0,14270.287669984076,225.93798872973474,306.1543362464962,76.53858406162405,-5376.483132662455,8737.049605743236,False
2026-07-06 06:39:24.209916,2892.6084831437975,False,94623.51686733754,0.0,0.0,14270.287669984076,225.93798872973474,306.1543362464962,76.53858406162405,-5376.483132662455,8737.049605743236,False
2026-07-06 07:39:24.209916,2912.581542310791,False,94623.51686733754,0.0,0.0,14270.287669984076,225.93798872973474,306.1543362464962,76.53858406162405,-5376.483132662455,8737.049605743236,False
2026-07-06 08:39:24.209916,2905.791907963483,False,94623.51686733754,0.0,0.0,14270.287669984076,225.93798872973474,306.1543362464962,76.53858406162405,-5376.483132662455,8737.049605743236,False
2026-07-06 09:39:24.209916,2890.217673142908,False,94623.51686733754,0.0,0.0,14270.287669984076,225.93798872973474,306.1543362464962,76.53858406162405,-5376.483132662455,8737.049605743236,False
2026-07-06 10:39:24.209916,2870.940466208403,False,94623.51686733754,0.0,0.0,14270.287669984076,225.93798872973474,306.1543362464962,76.53858406162405,-5376.483132662455,8737.049605743236,False
2026-07-06 11:39:24.209916,2834.9940313698457,False,94623.51686733754,0.0,0.0,14270.287669984076,225.93798872973474,306.1543362464962,76.53858406162405,-5376.483132662455,8737.049605743236,False
2026-07-06 12:39:24.209916,2872.6273867512664,False,94623.51686733754,0.0,0.0,14270.287669984076,225.93798872973474,306.1543362464962,76.53858406162405,-5376.483132662455,8737.049605743236,False
2026-07-06 13:39:24.209916,2852.3994391032697,False,94623.51686733754,0.0,0.0,14270.287669984076,225.93798872973474,306.1543362464962,76.53858406162405,-5376.483132662455,8737.049605743236,False
2026-07-06 14:39:24.209916,2848.372806446546,False,94623.51686733754,0.0,0.0,14270.287669984076,225.93798872973474,306.1543362464962,76.53858406162405,-5376.483132662455,8737.049605743236,False
2026-07-06 15:39:24.209916,2843.3389619808895,False,94623.51686733754,0.0,0.0,14270.287669984076,225.93798872973474,306.1543362464962,76.53858406162405,-5376.483132662455,8737.049605743236,False
2026-07-06 16:39:24.209916,2848.9640128070832,False,94623.51686733754,0.0,0.0,14270.287669984076,225.93798872973474,306.1543362464962,76.53858406162405,-5376.483132662455,8737.049605743236,False
2026-07-06 17:39:24.209916,2863.917672054799,False,94623.51686733754,0.0,0.0,14270.287669984076,225.93798872973474,306.1543362464962,76.53858406162405,-5376.483132662455,8737.049605743236,False
2026-07-06 18:39:24.209916,2879.775583113978,False,94623.51686733754,0.0,0.0,14270.287669984076,225.93798872973474,306.1543362464962,76.53858406162405,-5376.483132662455,8737.049605743236,False
2026-07-06 19:39:24.209916,2869.0477940890046,False,94623.51686733754,0.0,0.0,14270.287669984076,225.93798872973474,306.1543362464962,76.53858406162405,-5376.483132662455,8737.049605743236,False
2026-07-06 20:39:24.209916,2865.9920390590005,False,94623.51686733754,0.0,0.0,14270.287669984076,225.93798872973474,306.1543362464962,76.53858406162405,-5376.483132662455,8737.049605743236,False
2026-07-06 21:39:24.209916,2871.204903401198,False,94623.51686733754,0.0,0.0,14270.287669984076,225.93798872973474,306.1543362464962,76.53858406162405,-5376.483132662455,8737.049605743236,False
2026-07-06 22:39:24.209916,2866.647461708984,False,94623.51686733754,0.0,0.0,14270.287669984076,225.93798872973474,306.1543362464962,76.53858406162405,-5376.483132662455,8737.049605743236,False
2026-07-06 23:39:24.209916,2896.3548114061673,False,94623.51686733754,0.0,0.0,14270.287669984076,225.93798872973474,306.1543362464962,76.53858406162405,-5376.483132662455,8737.049605743236,False
2026-07-07 00:39:24.209916,2905.501882121908,False,94623.51686733754,0.0,0.0,14270.287669984076,225.93798872973474,306.1543362464962,76.53858406162405,-5376.483132662455,8737.049605743236,False
2026-07-07 01:39:24.209916,2919.2386945138655,False,94623.51686733754,0.0,0.0,14270.287669984076,225.93798872973474,306.1543362464962,76.53858406162405,-5376.483132662455,8737.049605743236,False
2026-07-07 02:39:24.209916,2931.687045342172,False,94623.51686733754,0.0,0.0,14270.287669984076,225.93798872973474,306.1543362464962,76.53858406162405,-5376.483132662455,8737.049605743236,False
2026-07-07 03:39:24.209916,2953.841211587069,False,94623.51686733754,0.0,0.0,14270.287669984076,225.93798872973474,306.1543362464962,76.53858406162405,-5376.483132662455,8737.049605743236,False
2026-07-07 04:39:24.209916,2957.2878899420084,False,94623.51686733754,0.0,0.0,14270.287669984076,225.93798872973474,306.1543362464962,76.53858406162405,-5376.483132662455,8737.049605743236,False
2026-07-07 05:39:24.209916,2932.8211859707653,False,94623.51686733754,0.0,0.0,14270.287669984076,225.93798872973474,306.1543362464962,76.53858406162405,-5376.483132662455,8737.049605743236,False
2026-07-07 06:39:24.209916,2940.3622036520014,False,94623.51686733754,0.0,0.0,14270.287669984076,225.93798872973474,306.1543362464962,76.53858406162405,-5376.483132662455,8737.049605743236,False
2026-07-07 07:39:24.209916,2928.12675721706,False,94623.51686733754,0.0,0.0,14270.287669984076,225.93798872973474,306.1543362464962,76.53858406162405,-5376.483132662455,8737.049605743236,False
2026-07-07 08:39:24.209916,2918.2375059203696,False,94623.51686733754,0.0,0.0,14270.287669984076,225.93798872973474,306.1543362464962,76.53858406162405,-5376.483132662455,8737.049605743236,False
2026-07-07 09:39:24.209916,2929.2443759640555,False,94623.51686733754,0.0,0.0,14270.287669984076,225.93798872973474,306.1543362464962,76.53858406162405,-5376.483132662455,8737.049605743236,False
2026-07-07 10:39:24.209916,2952.606537591914,False,94623.51686733754,0.0,0.0,14270.287669984076,225.93798872973474,306.1543362464962,76.53858406162405,-5376.483132662455,8737.049605743236,False
2026-07-07 11:39:24.209916,2953.026048616598,False,94623.51686733754,0.0,0.0,14270.287669984076,225.93798872973474,306.1543362464962,76.53858406162405,-5376.483132662455,8737.049605743236,False
2026-07-07 12:39:24.209916,2958.895150901988,False,94623.51686733754,0.0,0.0,14270.287669984076,225.93798872973474,306.1543362464962,76.53858406162405,-5376.483132662455,8737.049605743236,False
2026-07-07 13:39:24.209916,2991.37718613932,False,94623.51686733754,0.0,0.0,14270.287669984076,225.93798872973474,306.1543362464962,76.53858406162405,-5376.483132662455,8737.049605743236,False
2026-07-07 14:39:24.209916,2996.014665492998,False,94623.51686733754,0.0,0.0,14270.287669984076,225.93798872973474,306.1543362464962,76.53858406162405,-5376.483132662455,8737.049605743236,False
2026-07-07 15:39:24.209916,3046.4197178369336,False,94623.51686733754,0.0,0.0,14270.287669984076,225.93798872973474,306.1543362464962,76.53858406162405,-5376.483132662455,8737.049605743236,False
2026-07-07 16:39:24.209916,3057.501277242242,False,94623.51686733754,0.0,0.0,14270.287669984076,225.93798872973474,306.1543362464962,76.53858406162405,-5376.483132662455,8737.049605743236,False
2026-07-07 17:39:24.209916,3023.200851997894,False,94623.51686733754,0.0,0.0,14270.287669984076,225.93798872973474,306.1543362464962,76.53858406162405,-5376.483132662455,8737.049605743236,False
2026-07-07 18:39:24.209916,3037.853681350754,False,94623.51686733754,0.0,0.0,14270.287669984076,225.93798872973474,306.1543362464962,76.53858406162405,-5376.483132662455,8737.049605743236,False
2026-07-07 19:39:24.209916,3045.303003691382,False,94623.51686733754,0.0,0.0,14270.287669984076,225.93798872973474,306.1543362464962,76.53858406162405,-5376.483132662455,8737.049605743236,False
2026-07-07 20:39:24.209916,3070.603774387915,False,94623.51686733754,0.0,0.0,14270.287669984076,225.93798872973474,306.1543362464962,76.53858406162405,-5376.483132662455,8737.049605743236,False
2026-07-07 21:39:24.209916,3083.901205716797,False,94623.51686733754,0.0,0.0,14270.287669984076,225.93798872973474,306.1543362464962,76.53858406162405,-5376.483132662455,8737.049605743236,False
2026-07-07 22:39:24.209916,3081.1827761441423,False,94623.51686733754,0.0,0.0,14270.287669984076,225.93798872973474,306.1543362464962,76.53858406162405,-5376.483132662455,8737.049605743236,False
2026-07-07 23:39:24.209916,3057.112226716868,False,94623.51686733754,0.0,0.0,14270.287669984076,225.93798872973474,306.1543362464962,76.53858406162405,-5376.483132662455,8737.049605743236,False
2026-07-08 00:39:24.209916,3053.03596926028,False,94623.51686733754,0.0,0.0,14270.287669984076,225.93798872973474,306.1543362464962,76.53858406162405,-5376.483132662455,8737.049605743236,False
2026-07-08 01:39:24.209916,3036.4523691479103,False,94623.51686733754,0.0,0.0,14270.287669984076,225.93798872973474,306.1543362464962,76.53858406162405,-5376.483132662455,8737.049605743236,False
2026-07-08 02:39:24.209916,3025.190454980463,False,94623.51686733754,0.0,0.0,14270.287669984076,225.93798872973474,306.1543362464962,76.53858406162405,-5376.483132662455,8737.049605743236,False
2026-07-08 03:39:24.209916,3036.643831639807,False,94623.51686733754,0.0,0.0,14270.287669984076,225.93798872973474,306.1543362464962,76.53858406162405,-5376.483132662455,8737.049605743236,False
2026-07-08 04:39:24.209916,3069.343555474992,False,94623.51686733754,0.0,0.0,14270.287669984076,225.93798872973474,306.1543362464962,76.53858406162405,-5376.483132662455,8737.049605743236,False
2026-07-08 05:39:24.209916,3077.1366492410043,False,94623.51686733754,0.0,0.0,14270.287669984076,225.93798872973474,306.1543362464962,76.53858406162405,-5376.483132662455,8737.049605743236,False
2026-07-08 06:39:24.209916,3053.653907073635,False,94623.51686733754,0.0,0.0,14270.287669984076,225.93798872973474,306.1543362464962,76.53858406162405,-5376.483132662455,8737.049605743236,False
2026-07-08 07:39:24.209916,3062.3872440815626,False,94623.51686733754,0.0,0.0,14270.287669984076,225.93798872973474,306.1543362464962,76.53858406162405,-5376.483132662455,8737.049605743236,False
2026-07-08 08:39:24.209916,3085.987179903567,False,94623.51686733754,0.0,0.0,14270.287669984076,225.93798872973474,306.1543362464962,76.53858406162405,-5376.483132662455,8737.049605743236,False
2026-07-08 09:39:24.209916,3073.964905425873,False,94623.51686733754,0.0,0.0,14270.287669984076,225.93798872973474,306.1543362464962,76.53858406162405,-5376.483132662455,8737.049605743236,False
2026-07-08 10:39:24.209916,3071.342630003905,False,94623.51686733754,0.0,0.0,14270.287669984076,225.93798872973474,306.1543362464962,76.53858406162405,-5376.483132662455,8737.049605743236,False
2026-07-08 11:39:24.209916,3071.6493742155844,False,94623.51686733754,0.0,0.0,14270.287669984076,225.93798872973474,306.1543362464962,76.53858406162405,-5376.483132662455,8737.049605743236,False
2026-07-08 12:39:24.209916,3056.2500952541327,False,94623.51686733754,0.0,0.0,14270.287669984076,225.93798872973474,306.1543362464962,76.53858406162405,-5376.483132662455,8737.049605743236,False
2026-07-08 13:39:24.209916,3068.995424247055,False,94623.51686733754,0.0,0.0,14270.287669984076,225.93798872973474,306.1543362464962,76.53858406162405,-5376.483132662455,8737.049605743236,False
2026-07-08 14:39:24.209916,3066.634301013012,False,94623.51686733754,0.0,0.0,14270.287669984076,225.93798872973474,306.1543362464962,76.53858406162405,-5376.483132662455,8737.049605743236,False
2026-07-08 15:39:24.209916,3074.9105363630206,False,94623.51686733754,0.0,0.0,14270.287669984076,225.93798872973474,306.1543362464962,76.53858406162405,-5376.483132662455,8737.049605743236,False
2026-07-08 16:39:24.209916,3057.483373393108,False,94623.51686733754,0.0,0.0,14270.287669984076,225.93798872973474,306.1543362464962,76.53858406162405,-5376.483132662455,8737.049605743236,False
2026-07-08 17:39:24.209916,3048.9384621077843,False,94623.51686733754,0.0,0.0,14270.287669984076,225.93798872973474,306.1543362464962,76.53858406162405,-5376.483132662455,8737.049605743236,False
2026-07-08 18:39:24.209916,3063.108028388802,False,94623.51686733754,0.0,0.0,14270.287669984076,225.93798872973474,306.1543362464962,76.53858406162405,-5376.483132662455,8737.049605743236,False
2026-07-08 19:39:24.209916,3055.8131174056107,False,94623.51686733754,0.0,0.0,14270.287669984076,225.93798872973474,306.1543362464962,76.53858406162405,-5376.483132662455,8737.049605743236,False
2026-07-08 20:39:24.209916,3089.8492774239726,False,94623.51686733754,0.0,0.0,14270.287669984076,225.93798872973474,306.1543362464962,76.53858406162405,-5376.483132662455,8737.049605743236,False
2026-07-08 21:39:24.209916,3081.9610815639503,False,94623.51686733754,0.0,0.0,14270.287669984076,225.93798872973474,306.1543362464962,76.53858406162405,-5376.483132662455,8737.049605743236,False
2026-07-08 22:39:24.209916,3086.421047395504,False,94623.51686733754,0.0,0.0,14270.287669984076,225.93798872973474,306.1543362464962,76.53858406162405,-5376.483132662455,8737.049605743236,False
2026-07-08 23:39:24.209916,3104.9461251212742,False,94623.51686733754,0.0,0.0,14270.287669984076,225.93798872973474,306.1543362464962,76.53858406162405,-5376.483132662455,8737.049605743236,False
2026-07-09 00:39:24.209916,3076.859659493085,False,94623.51686733754,0.0,0.0,14270.287669984076,225.93798872973474,306.1543362464962,76.53858406162405,-5376.483132662455,8737.049605743236,False
2026-07-09 01:39:24.209916,3042.341165024972,False,94623.51686733754,0.0,0.0,14270.287669984076,225.93798872973474,306.1543362464962,76.53858406162405,-5376.483132662455,8737.049605743236,False
2026-07-09 02:39:24.209916,3012.748131798197,False,94623.51686733754,0.0,0.0,14270.287669984076,225.93798872973474,306.1543362464962,76.53858406162405,-5376.483132662455,8737.049605743236,False
2026-07-09 03:39:24.209916,3037.2493960295865,False,94623.51686733754,0.0,0.0,14270.287669984076,225.93798872973474,306.1543362464962,76.53858406162405,-5376.483132662455,8737.049605743236,False
2026-07-09 04:39:24.209916,3026.540637877812,False,94623.51686733754,0.0,0.0,14270.287669984076,225.93798872973474,306.1543362464962,76.53858406162405,-5376.483132662455,8737.049605743236,False
2026-07-09 05:39:24.209916,3076.60151411274,False,94623.51686733754,0.0,0.0,14270.287669984076,225.93798872973474,306.1543362464962,76.53858406162405,-5376.483132662455,8737.049605743236,False
2026-07-09 06:39:24.209916,3065.5105234154107,False,94623.51686733754,0.0,0.0,14270.287669984076,225.93798872973474,306.1543362464962,76.53858406162405,-5376.483132662455,8737.049605743236,False
2026-07-09 07:39:24.209916,3069.156950186597,False,94623.51686733754,0.0,0.0,14270.287669984076,225.93798872973474,306.1543362464962,76.53858406162405,-5376.483132662455,8737.049605743236,False
2026-07-09 08:39:24.209916,3099.6663741118036,False,94623.51686733754,0.0,0.0,14270.287669984076,225.93798872973474,306.1543362464962,76.53858406162405,-5376.483132662455,8737.049605743236,False
2026-07-09 09:39:24.209916,3139.8042795323795,False,94623.51686733754,0.0,0.0,14270.287669984076,225.93798872973474,306.1543362464962,76.53858406162405,-5376.483132662455,8737.049605743236,False
2026-07-09 10:39:24.209916,3181.59188713218,False,94623.51686733754,0.0,0.0,14270.287669984076,225.93798872973474,306.1543362464962,76.53858406162405,-5376.483132662455,8737.049605743236,False
2026-07-09 11:39:24.209916,3206.351654482926,False,94623.51686733754,0.0,0.0,14270.287669984076,225.93798872973474,306.1543362464962,76.53858406162405,-5376.483132662455,8737.049605743236,False
2026-07-09 12:39:24.209916,3227.4885798977125,False,94623.51686733754,0.0,0.0,14270.287669984076,225.93798872973474,306.1543362464962,76.53858406162405,-5376.483132662455,8737.049605743236,False
2026-07-09 13:39:24.209916,3239.7898640065036,False,94623.51686733754,0.0,0.0,14270.287669984076,225.93798872973474,306.1543362464962,76.53858406162405,-5376.483132662455,8737.049605743236,False
2026-07-09 14:39:24.209916,3256.014645529175,False,94623.51686733754,0.0,0.0,14270.287669984076,225.93798872973474,306.1543362464962,76.53858406162405,-5376.483132662455,8737.049605743236,False
2026-07-09 15:39:24.209916,3244.5485493026254,False,94623.51686733754,0.0,0.0,14270.287669984076,225.93798872973474,306.1543362464962,76.53858406162405,-5376.483132662455,8737.049605743236,False
2026-07-09 16:39:24.209916,3227.5933746739015,False,94623.51686733754,0.0,0.0,14270.287669984076,225.93798872973474,306.1543362464962,76.53858406162405,-5376.483132662455,8737.049605743236,False
2026-07-09 17:39:24.209916,3227.5419770790268,False,94623.51686733754,0.0,0.0,14270.287669984076,225.93798872973474,306.1543362464962,76.53858406162405,-5376.483132662455,8737.049605743236,False
2026-07-09 18:39:24.209916,3224.041093352719,False,94623.51686733754,0.0,0.0,14270.287669984076,225.93798872973474,306.1543362464962,76.53858406162405,-5376.483132662455,8737.049605743236,False
2026-07-09 19:39:24.209916,3214.7056915197013,False,94623.51686733754,0.0,0.0,14270.287669984076,225.93798872973474,306.1543362464962,76.53858406162405,-5376.483132662455,8737.049605743236,False
2026-07-09 20:39:24.209916,3229.107507749168,False,94623.51686733754,0.0,0.0,14270.287669984076,225.93798872973474,306.1543362464962,76.53858406162405,-5376.483132662455,8737.049605743236,False
2026-07-09 21:39:24.209916,3248.9620636435175,False,94623.51686733754,0.0,0.0,14270.287669984076,225.93798872973474,306.1543362464962,76.53858406162405,-5376.483132662455,8737.049605743236,False
2026-07-09 22:39:24.209916,3250.8224631966773,False,94623.51686733754,0.0,0.0,14270.287669984076,225.93798872973474,306.1543362464962,76.53858406162405,-5376.483132662455,8737.049605743236,False
2026-07-09 23:39:24.209916,3281.778835627426,False,94623.51686733754,0.0,0.0,14270.287669984076,225.93798872973474,306.1543362464962,76.53858406162405,-5376.483132662455,8737.049605743236,False
2026-07-10 00:39:24.209916,3257.866033602475,False,94623.51686733754,0.0,0.0,14270.287669984076,225.93798872973474,306.1543362464962,76.53858406162405,-5376.483132662455,8737.049605743236,False
2026-07-10 01:39:24.209916,3253.842556663085,False,94623.51686733754,0.0,0.0,14270.287669984076,225.93798872973474,306.1543362464962,76.53858406162405,-5376.483132662455,8737.049605743236,False
2026-07-10 02:39:24.209916,3238.943071822669,False,94623.51686733754,0.0,0.0,14270.287669984076,225.93798872973474,306.1543362464962,76.53858406162405,-5376.483132662455,8737.049605743236,False
2026-07-10 03:39:24.209916,3200.436280073983,False,94623.51686733754,0.0,0.0,14270.287669984076,225.93798872973474,306.1543362464962,76.53858406162405,-5376.483132662455,8737.049605743236,False
2026-07-10 04:39:24.209916,3198.7586490139747,False,94623.51686733754,0.0,0.0,14270.287669984076,225.93798872973474,306.1543362464962,76.53858406162405,-5376.483132662455,8737.049605743236,False
2026-07-10 05:39:24.209916,3196.2813137898947,False,94623.51686733754,0.0,0.0,14270.287669984076,225.93798872973474,306.1543362464962,76.53858406162405,-5376.483132662455,8737.049605743236,False
2026-07-10 06:39:24.209916,3227.4614030025223,False,94623.51686733754,0.0,0.0,14270.287669984076,225.93798872973474,306.1543362464962,76.53858406162405,-5376.483132662455,8737.049605743236,False
2026-07-10 07:39:24.209916,3240.5578109138323,False,94623.51686733754,0.0,0.0,14270.287669984076,225.93798872973474,306.1543362464962,76.53858406162405,-5376.483132662455,8737.049605743236,False
2026-07-10 08:39:24.209916,3219.3694800138264,False,94623.51686733754,0.0,0.0,14270.287669984076,225.93798872973474,306.1543362464962,76.53858406162405,-5376.483132662455,8737.049605743236,False
2026-07-10 09:39:24.209916,3257.8813597761937,False,94623.51686733754,0.0,0.0,14270.287669984076,225.93798872973474,306.1543362464962,76.53858406162405,-5376.483132662455,8737.049605743236,False
2026-07-10 10:39:24.209916,3283.5014563301947,False,94623.51686733754,0.0,0.0,14270.287669984076,225.93798872973474,306.1543362464962,76.53858406162405,-5376.483132662455,8737.049605743236,False
2026-07-10 11:39:24.209916,3295.7958714731317,False,94623.51686733754,0.0,0.0,14270.287669984076,225.93798872973474,306.1543362464962,76.53858406162405,-5376.483132662455,8737.049605743236,False
2026-07-10 12:39:24.209916,3291.032959648121,False,94623.51686733754,0.0,0.0,14270.287669984076,225.93798872973474,306.1543362464962,76.53858406162405,-5376.483132662455,8737.049605743236,False
2026-07-10 13:39:24.209916,3270.87196148462,False,94623.51686733754,0.0,0.0,14270.287669984076,225.93798872973474,306.1543362464962,76.53858406162405,-5376.483132662455,8737.049605743236,False
2026-07-10 14:39:24.209916,3263.0953553816676,False,94623.51686733754,0.0,0.0,14270.287669984076,225.93798872973474,306.1543362464962,76.53858406162405,-5376.483132662455,8737.049605743236,False
2026-07-10 15:39:24.209916,3285.9686805733445,False,94623.51686733754,0.0,0.0,14270.287669984076,225.93798872973474,306.1543362464962,76.53858406162405,-5376.483132662455,8737.049605743236,False
2026-07-10 16:39:24.209916,3325.927356882845,False,94623.51686733754,0.0,0.0,14270.287669984076,225.93798872973474,306.1543362464962,76.53858406162405,-5376.483132662455,8737.049605743236,False
2026-07-10 17:39:24.209916,3359.01365585313,False,94623.51686733754,0.0,0.0,14270.287669984076,225.93798872973474,306.1543362464962,76.53858406162405,-5376.483132662455,8737.049605743236,False
2026-07-10 18:39:24.209916,3348.5226949596845,False,94623.51686733754,0.0,0.0,14270.287669984076,225.93798872973474,306.1543362464962,76.53858406162405,-5376.483132662455,8737.049605743236,False
2026-07-10 19:39:24.209916,3324.5939344648286,False,94623.51686733754,0.0,0.0,14270.287669984076,225.93798872973474,306.1543362464962,76.53858406162405,-5376.483132662455,8737.049605743236,False
2026-07-10 20:39:24.209916,3327.6169457257497,False,94623.51686733754,0.0,0.0,14270.287669984076,225.93798872973474,306.1543362464962,76.53858406162405,-5376.483132662455,8737.049605743236,False
2026-07-10 21:39:24.209916,3290.1243247227876,False,94623.51686733754,0.0,0.0,14270.287669984076,225.93798872973474,306.1543362464962,76.53858406162405,-5376.483132662455,8737.049605743236,False
2026-07-10 22:39:24.209916,3296.9663636032706,False,94623.51686733754,0.0,0.0,14270.287669984076,225.93798872973474,306.1543362464962,76.53858406162405,-5376.483132662455,8737.049605743236,False
2026-07-10 23:39:24.209916,3293.866976650273,False,94623.51686733754,0.0,0.0,14270.287669984076,225.93798872973474,306.1543362464962,76.53858406162405,-5376.483132662455,8737.049605743236,False
2026-07-11 00:39:24.209916,3284.0597247427204,False,94623.51686733754,0.0,0.0,14270.287669984076,225.93798872973474,306.1543362464962,76.53858406162405,-5376.483132662455,8737.049605743236,False
2026-07-11 01:39:24.209916,3250.6763100507096,False,94623.51686733754,0.0,0.0,14270.287669984076,225.93798872973474,306.1543362464962,76.53858406162405,-5376.483132662455,8737.049605743236,False
2026-07-11 02:39:24.209916,3261.415379433768,False,94623.51686733754,0.0,0.0,14270.287669984076,225.93798872973474,306.1543362464962,76.53858406162405,-5376.483132662455,8737.049605743236,False
2026-07-11 03:39:24.209916,3250.3154017086263,False,94623.51686733754,0.0,0.0,14270.287669984076,225.93798872973474,306.1543362464962,76.53858406162405,-5376.483132662455,8737.049605743236,False
2026-07-11 04:39:24.209916,3226.048030845743,False,94623.51686733754,0.0,0.0,14270.287669984076,225.93798872973474,306.1543362464962,76.53858406162405,-5376.483132662455,8737.049605743236,False
2026-07-11 05:39:24.209916,3167.208592953232,False,94623.51686733754,0.0,0.0,14270.287669984076,225.93798872973474,306.1543362464962,76.53858406162405,-5376.483132662455,8737.049605743236,False
2026-07-11 06:39:24.209916,3166.6680615100777,False,94623.51686733754,0.0,0.0,14270.287669984076,225.93798872973474,306.1543362464962,76.53858406162405,-5376.483132662455,8737.049605743236,False
2026-07-11 07:39:24.209916,3202.868670691073,False,94623.51686733754,0.0,0.0,14270.287669984076,225.93798872973474,306.1543362464962,76.53858406162405,-5376.483132662455,8737.049605743236,False
2026-07-11 08:39:24.209916,3237.1789516814783,False,94623.51686733754,0.0,0.0,14270.287669984076,225.93798872973474,306.1543362464962,76.53858406162405,-5376.483132662455,8737.049605743236,False
2026-07-11 09:39:24.209916,3227.72546769673,False,94623.51686733754,0.0,0.0,14270.287669984076,225.93798872973474,306.1543362464962,76.53858406162405,-5376.483132662455,8737.049605743236,False
2026-07-11 10:39:24.209916,3215.307061445019,False,94623.51686733754,0.0,0.0,14270.287669984076,225.93798872973474,306.1543362464962,76.53858406162405,-5376.483132662455,8737.049605743236,False
2026-07-11 11:39:24.209916,3225.0024106168053,False,94623.51686733754,0.0,0.0,14270.287669984076,225.93798872973474,306.1543362464962,76.53858406162405,-5376.483132662455,8737.049605743236,False
2026-07-11 12:39:24.209916,3204.4457681234603,False,94623.51686733754,0.0,0.0,14270.287669984076,225.93798872973474,306.1543362464962,76.53858406162405,-5376.483132662455,8737.049605743236,False
2026-07-11 13:39:24.209916,3210.669638080886,False,94623.51686733754,0.0,0.0,14270.287669984076,225.93798872973474,306.1543362464962,76.53858406162405,-5376.483132662455,8737.049605743236,False
2026-07-11 14:39:24.209916,3226.4945628358046,False,94623.51686733754,0.0,0.0,14270.287669984076,225.93798872973474,306.1543362464962,76.53858406162405,-5376.483132662455,8737.049605743236,False
2026-07-11 15:39:24.209916,3251.9908190277542,False,94623.51686733754,0.0,0.0,14270.287669984076,225.93798872973474,306.1543362464962,76.53858406162405,-5376.483132662455,8737.049605743236,False
2026-07-11 16:39:24.209916,3249.9221031027387,False,94623.51686733754,0.0,0.0,14270.287669984076,225.93798872973474,306.1543362464962,76.53858406162405,-5376.483132662455,8737.049605743236,False
2026-07-11 17:39:24.209916,3245.7000638133413,False,94623.51686733754,0.0,0.0,14270.287669984076,225.93798872973474,306.1543362464962,76.53858406162405,-5376.483132662455,8737.049605743236,False
2026-07-11 18:39:24.209916,3227.5016950163053,False,94623.51686733754,0.0,0.0,14270.287669984076,225.93798872973474,306.1543362464962,76.53858406162405,-5376.483132662455,8737.049605743236,False
2026-07-11 19:39:24.209916,3210.456924712615,False,94623.51686733754,0.0,0.0,14270.287669984076,225.93798872973474,306.1543362464962,76.53858406162405,-5376.483132662455,8737.049605743236,False
2026-07-11 20:39:24.209916,3205.8174472795113,False,94623.51686733754,0.0,0.0,14270.287669984076,225.93798872973474,306.1543362464962,76.53858406162405,-5376.483132662455,8737.049605743236,False
2026-07-11 21:39:24.209916,3213.394501453833,False,94623.51686733754,0.0,0.0,14270.287669984076,225.93798872973474,306.1543362464962,76.53858406162405,-5376.483132662455,8737.049605743236,False
2026-07-11 22:39:24.209916,3232.287839192769,False,94623.51686733754,0.0,0.0,14270.287669984076,225.93798872973474,306.1543362464962,76.53858406162405,-5376.483132662455,8737.049605743236,False
2026-07-11 23:39:24.209916,3215.7063513514718,False,94623.51686733754,0.0,0.0,14270.287669984076,225.93798872973474,306.1543362464962,76.53858406162405,-5376.483132662455,8737.049605743236,False
2026-07-12 00:39:24.209916,3246.6438037863527,False,94623.51686733754,0.0,0.0,14270.287669984076,225.93798872973474,306.1543362464962,76.53858406162405,-5376.483132662455,8737.049605743236,False
2026-07-12 01:39:24.209916,3241.024319192356,False,94623.51686733754,0.0,0.0,14270.287669984076,225.93798872973474,306.1543362464962,76.53858406162405,-5376.483132662455,8737.049605743236,False
2026-07-12 02:39:24.209916,3240.598899220646,False,94623.51686733754,0.0,0.0,14270.287669984076,225.93798872973474,306.1543362464962,76.53858406162405,-5376.483132662455,8737.049605743236,False
2026-07-12 03:39:24.209916,3225.131694825404,False,94623.51686733754,0.0,0.0,14270.287669984076,225.93798872973474,306.1543362464962,76.53858406162405,-5376.483132662455,8737.049605743236,False
2026-07-12 04:39:24.209916,3175.415975376022,False,94623.51686733754,0.0,0.0,14270.287669984076,225.93798872973474,306.1543362464962,76.53858406162405,-5376.483132662455,8737.049605743236,False
2026-07-12 05:39:24.209916,3193.481227228431,False,94623.51686733754,0.0,0.0,14270.287669984076,225.93798872973474,306.1543362464962,76.53858406162405,-5376.483132662455,8737.049605743236,False
2026-07-12 06:39:24.209916,3208.620007351936,False,94623.51686733754,0.0,0.0,14270.287669984076,225.93798872973474,306.1543362464962,76.53858406162405,-5376.483132662455,8737.049605743236,False
2026-07-12 07:39:24.209916,3202.8568194953896,False,94623.51686733754,0.0,0.0,14270.287669984076,225.93798872973474,306.1543362464962,76.53858406162405,-5376.483132662455,8737.049605743236,False
2026-07-12 08:39:24.209916,3204.250874655298,False,94623.51686733754,0.0,0.0,14270.287669984076,225.93798872973474,306.1543362464962,76.53858406162405,-5376.483132662455,8737.049605743236,False
2026-07-12 09:39:24.209916,3214.884778273736,False,94623.51686733754,0.0,0.0,14270.287669984076,225.93798872973474,306.1543362464962,76.53858406162405,-5376.483132662455,8737.049605743236,False
2026-07-12 10:39:24.209916,3182.8606172379473,False,94623.51686733754,0.0,0.0,14270.287669984076,225.93798872973474,306.1543362464962,76.53858406162405,-5376.483132662455,8737.049605743236,False
2026-07-12 11:39:24.209916,3172.102179523116,False,94623.51686733754,0.0,0.0,14270.287669984076,225.93798872973474,306.1543362464962,76.53858406162405,-5376.483132662455,8737.049605743236,False
2026-07-12 12:39:24.209916,3188.313020481765,False,94623.51686733754,0.0,0.0,14270.287669984076,225.93798872973474,306.1543362464962,76.53858406162405,-5376.483132662455,8737.049605743236,False
2026-07-12 13:39:24.209916,3162.7974140629303,False,94623.51686733754,0.0,0.0,14270.287669984076,225.93798872973474,306.1543362464962,76.53858406162405,-5376.483132662455,8737.049605743236,False
2026-07-12 14:39:24.209916,3168.7731247802585,False,94623.51686733754,0.0,0.0,14270.287669984076,225.93798872973474,306.1543362464962,76.53858406162405,-5376.483132662455,8737.049605743236,False
2026-07-12 15:39:24.209916,3141.3532554872677,False,94623.51686733754,0.0,0.0,14270.287669984076,225.93798872973474,306.1543362464962,76.53858406162405,-5376.483132662455,8737.049605743236,False
2026-07-12 16:39:24.209916,3150.778255430692,False,94623.51686733754,0.0,0.0,14270.287669984076,225.93798872973474,306.1543362464962,76.53858406162405,-5376.483132662455,8737.049605743236,False
2026-07-12 17:39:24.209916,3150.0764164747343,False,94623.51686733754,0.0,0.0,14270.287669984076,225.93798872973474,306.1543362464962,76.53858406162405,-5376.483132662455,8737.049605743236,False
2026-07-12 18:39:24.209916,3117.646664869597,False,94623.51686733754,0.0,0.0,14270.287669984076,225.93798872973474,306.1543362464962,76.53858406162405,-5376.483132662455,8737.049605743236,False
2026-07-12 19:39:24.209916,3141.0302082493413,False,94623.51686733754,0.0,0.0,14270.287669984076,225.93798872973474,306.1543362464962,76.53858406162405,-5376.483132662455,8737.049605743236,False
2026-07-12 20:39:24.209916,3126.291154481547,False,94623.51686733754,0.0,0.0,14270.287669984076,225.93798872973474,306.1543362464962,76.53858406162405,-5376.483132662455,8737.049605743236,False
2026-07-12 21:39:24.209916,3110.1123924352605,False,94623.51686733754,0.0,0.0,14270.287669984076,225.93798872973474,306.1543362464962,76.53858406162405,-5376.483132662455,8737.049605743236,False
2026-07-12 22:39:24.209916,3114.1316295852716,False,94623.51686733754,0.0,0.0,14270.287669984076,225.93798872973474,306.1543362464962,76.53858406162405,-5376.483132662455,8737.049605743236,False
2026-07-12 23:39:24.209916,3137.16496256489,False,94623.51686733754,0.0,0.0,14270.287669984076,225.93798872973474,306.1543362464962,76.53858406162405,-5376.483132662455,8737.049605743236,False
2026-07-13 00:39:24.209916,3116.8197982610327,False,94623.51686733754,0.0,0.0,14270.287669984076,225.93798872973474,306.1543362464962,76.53858406162405,-5376.483132662455,8737.049605743236,False
2026-07-13 01:39:24.209916,3118.070246217911,False,94623.51686733754,0.0,0.0,14270.287669984076,225.93798872973474,306.1543362464962,76.53858406162405,-5376.483132662455,8737.049605743236,False
2026-07-13 02:39:24.209916,3126.671379763844,False,94623.51686733754,0.0,0.0,14270.287669984076,225.93798872973474,306.1543362464962,76.53858406162405,-5376.483132662455,8737.049605743236,False
2026-07-13 03:39:24.209916,3140.6127293058908,False,94623.51686733754,0.0,0.0,14270.287669984076,225.93798872973474,306.1543362464962,76.53858406162405,-5376.483132662455,8737.049605743236,False
2026-07-13 04:39:24.209916,3144.1850247643715,False,94623.51686733754,0.0,0.0,14270.287669984076,225.93798872973474,306.1543362464962,76.53858406162405,-5376.483132662455,8737.049605743236,False
2026-07-13 05:39:24.209916,3136.813761942599,False,94623.51686733754,0.0,0.0,14270.287669984076,225.93798872973474,306.1543362464962,76.53858406162405,-5376.483132662455,8737.049605743236,False
2026-07-13 06:39:24.209916,3120.233724788212,False,94623.51686733754,0.0,0.0,14270.287669984076,225.93798872973474,306.1543362464962,76.53858406162405,-5376.483132662455,8737.049605743236,False
2026-07-13 07:39:24.209916,3121.975121229234,False,94623.51686733754,0.0,0.0,14270.287669984076,225.93798872973474,306.1543362464962,76.53858406162405,-5376.483132662455,8737.049605743236,False
2026-07-13 08:39:24.209916,3100.608859256859,False,94623.51686733754,0.0,0.0,14270.287669984076,225.93798872973474,306.1543362464962,76.53858406162405,-5376.483132662455,8737.049605743236,False
2026-07-13 09:39:24.209916,3043.099518422963,False,94623.51686733754,0.0,0.0,14270.287669984076,225.93798872973474,306.1543362464962,76.53858406162405,-5376.483132662455,8737.049605743236,False
2026-07-13 10:39:24.209916,3051.6453244619333,False,94623.51686733754,0.0,0.0,14270.287669984076,225.93798872973474,306.1543362464962,76.53858406162405,-5376.483132662455,8737.049605743236,False
2026-07-13 11:39:24.209916,3069.397766767524,False,94623.51686733754,0.0,0.0,14270.287669984076,225.93798872973474,306.1543362464962,76.53858406162405,-5376.483132662455,8737.049605743236,False
2026-07-13 12:39:24.209916,3023.2706746155877,False,94623.51686733754,0.0,0.0,14270.287669984076,225.93798872973474,306.1543362464962,76.53858406162405,-5376.483132662455,8737.049605743236,False
2026-07-13 13:39:24.209916,3003.7814269472456,False,94623.51686733754,0.0,0.0,14270.287669984076,225.93798872973474,306.1543362464962,76.53858406162405,-5376.483132662455,8737.049605743236,False
2026-07-13 14:39:24.209916,3015.7448066552765,False,94623.51686733754,0.0,0.0,14270.287669984076,225.93798872973474,306.1543362464962,76.53858406162405,-5376.483132662455,8737.049605743236,False
2026-07-13 15:39:24.209916,3055.802790578885,False,94623.51686733754,0.0,0.0,14270.287669984076,225.93798872973474,306.1543362464962,76.53858406162405,-5376.483132662455,8737.049605743236,False
2026-07-13 16:39:24.209916,3056.227601334152,False,94623.51686733754,0.0,0.0,14270.287669984076,225.93798872973474,306.1543362464962,76.53858406162405,-5376.483132662455,8737.049605743236,False
2026-07-13 17:39:24.209916,3042.014960928426,False,94623.51686733754,0.0,0.0,14270.287669984076,225.93798872973474,306.1543362464962,76.53858406162405,-5376.483132662455,8737.049605743236,False
2026-07-13 18:39:24.209916,3038.4677002866774,False,94623.51686733754,0.0,0.0,14270.287669984076,225.93798872973474,306.1543362464962,76.53858406162405,-5376.483132662455,8737.049605743236,False
2026-07-13 19:39:24.209916,3065.3839890065788,False,94623.51686733754,0.0,0.0,14270.287669984076,225.93798872973474,306.1543362464962,76.53858406162405,-5376.483132662455,8737.049605743236,False
2026-07-13 20:39:24.209916,3052.73383438941,False,94623.51686733754,0.0,0.0,14270.287669984076,225.93798872973474,306.1543362464962,76.53858406162405,-5376.483132662455,8737.049605743236,False
2026-07-13 21:39:24.209916,3037.151075072464,False,94623.51686733754,0.0,0.0,14270.287669984076,225.93798872973474,306.1543362464962,76.53858406162405,-5376.483132662455,8737.049605743236,False
2026-07-13 22:39:24.209916,3027.7838767536095,False,94623.51686733754,0.0,0.0,14270.287669984076,225.93798872973474,306.1543362464962,76.53858406162405,-5376.483132662455,8737.049605743236,False
2026-07-13 23:39:24.209916,3009.3534355072447,False,94623.51686733754,0.0,0.0,14270.287669984076,225.93798872973474,306.1543362464962,76.53858406162405,-5376.483132662455,8737.049605743236,False
2026-07-14 00:39:24.209916,3011.7380857545186,False,94623.51686733754,0.0,0.0,14270.287669984076,225.93798872973474,306.1543362464962,76.53858406162405,-5376.483132662455,8737.049605743236,False
2026-07-14 01:39:24.209916,3043.2871578271247,False,94623.51686733754,0.0,0.0,14270.287669984076,225.93798872973474,306.1543362464962,76.53858406162405,-5376.483132662455,8737.049605743236,False
2026-07-14 02:39:24.209916,3049.61415289992,False,94623.51686733754,0.0,0.0,14270.287669984076,225.93798872973474,306.1543362464962,76.53858406162405,-5376.483132662455,8737.049605743236,False
2026-07-14 03:39:24.209916,3044.702039041961,False,94623.51686733754,0.0,0.0,14270.287669984076,225.93798872973474,306.1543362464962,76.53858406162405,-5376.483132662455,8737.049605743236,False
2026-07-14 04:39:24.209916,3039.029022948283,False,94623.51686733754,0.0,0.0,14270.287669984076,225.93798872973474,306.1543362464962,76.53858406162405,-5376.483132662455,8737.049605743236,False
2026-07-14 05:39:24.209916,3008.744159262516,False,94623.51686733754,0.0,0.0,14270.287669984076,225.93798872973474,306.1543362464962,76.53858406162405,-5376.483132662455,8737.049605743236,False
2026-07-14 06:39:24.209916,3025.8430501411754,False,94623.51686733754,0.0,0.0,14270.287669984076,225.93798872973474,306.1543362464962,76.53858406162405,-5376.483132662455,8737.049605743236,False
2026-07-14 07:39:24.209916,3024.3508425473,False,94623.51686733754,0.0,0.0,14270.287669984076,225.93798872973474,306.1543362464962,76.53858406162405,-5376.483132662455,8737.049605743236,False
2026-07-14 08:39:24.209916,3020.870977030019,False,94623.51686733754,0.0,0.0,14270.287669984076,225.93798872973474,306.1543362464962,76.53858406162405,-5376.483132662455,8737.049605743236,False
2026-07-14 09:39:24.209916,3083.362309085062,False,94623.51686733754,0.0,0.0,14270.287669984076,225.93798872973474,306.1543362464962,76.53858406162405,-5376.483132662455,8737.049605743236,False
2026-07-14 10:39:24.209916,3092.2593455440256,False,94623.51686733754,0.0,0.0,14270.287669984076,225.93798872973474,306.1543362464962,76.53858406162405,-5376.483132662455,8737.049605743236,False
2026-07-14 11:39:24.209916,3077.409814404223,False,94623.51686733754,0.0,0.0,14270.287669984076,225.93798872973474,306.1543362464962,76.53858406162405,-5376.483132662455,8737.049605743236,False
2026-07-14 12:39:24.209916,3069.027604800846,False,94623.51686733754,0.0,0.0,14270.287669984076,225.93798872973474,306.1543362464962,76.53858406162405,-5376.483132662455,8737.049605743236,False
2026-07-14 13:39:24.209916,3091.72353253055,False,94623.51686733754,0.0,0.0,14270.287669984076,225.93798872973474,306.1543362464962,76.53858406162405,-5376.483132662455,8737.049605743236,False
2026-07-14 14:39:24.209916,3093.987007390884,False,94623.51686733754,0.0,0.0,14270.287669984076,225.93798872973474,306.1543362464962,76.53858406162405,-5376.483132662455,8737.049605743236,False
2026-07-14 15:39:24.209916,3065.6083262152365,False,94623.51686733754,0.0,0.0,14270.287669984076,225.93798872973474,306.1543362464962,76.53858406162405,-5376.483132662455,8737.049605743236,False
2026-07-14 16:39:24.209916,3083.744325117561,False,94623.51686733754,0.0,0.0,14270.287669984076,225.93798872973474,306.1543362464962,76.53858406162405,-5376.483132662455,8737.049605743236,False
2026-07-14 17:39:24.209916,3070.5817746351363,False,94623.51686733754,0.0,0.0,14270.287669984076,225.93798872973474,306.1543362464962,76.53858406162405,-5376.483132662455,8737.049605743236,False
2026-07-14 18:39:24.209916,3107.6963604100806,False,94623.51686733754,0.0,0.0,14270.287669984076,225.93798872973474,306.1543362464962,76.53858406162405,-5376.483132662455,8737.049605743236,False
2026-07-14 19:39:24.209916,3129.3058404731787,False,94623.51686733754,0.0,0.0,14270.287669984076,225.93798872973474,306.1543362464962,76.53858406162405,-5376.483132662455,8737.049605743236,False
2026-07-14 20:39:24.209916,3120.362891221675,False,94623.51686733754,0.0,0.0,14270.287669984076,225.93798872973474,306.1543362464962,76.53858406162405,-5376.483132662455,8737.049605743236,False
2026-07-14 21:39:24.209916,3146.1110644384057,False,94623.51686733754,0.0,0.0,14270.287669984076,225.93798872973474,306.1543362464962,76.53858406162405,-5376.483132662455,8737.049605743236,False
2026-07-14 22:39:24.209916,3147.4978700100737,False,94623.51686733754,0.0,0.0,14270.287669984076,225.93798872973474,306.1543362464962,76.53858406162405,-5376.483132662455,8737.049605743236,False
2026-07-14 23:39:24.209916,3164.769785708283,False,94623.51686733754,0.0,0.0,14270.287669984076,225.93798872973474,306.1543362464962,76.53858406162405,-5376.483132662455,8737.049605743236,False
2026-07-15 00:39:24.209916,3174.6375078978253,False,94623.51686733754,0.0,0.0,14270.287669984076,225.93798872973474,306.1543362464962,76.53858406162405,-5376.483132662455,8737.049605743236,False
2026-07-15 01:39:24.209916,3157.4776675893204,False,94623.51686733754,0.0,0.0,14270.287669984076,225.93798872973474,306.1543362464962,76.53858406162405,-5376.483132662455,8737.049605743236,False
2026-07-15 02:39:24.209916,3144.496131285799,False,94623.51686733754,0.0,0.0,14270.287669984076,225.93798872973474,306.1543362464962,76.53858406162405,-5376.483132662455,8737.049605743236,False
2026-07-15 03:39:24.209916,3165.344977053788,False,94623.51686733754,0.0,0.0,14270.287669984076,225.93798872973474,306.1543362464962,76.53858406162405,-5376.483132662455,8737.049605743236,False
2026-07-15 04:39:24.209916,3158.5771007074823,False,94623.51686733754,0.0,0.0,14270.287669984076,225.93798872973474,306.1543362464962,76.53858406162405,-5376.483132662455,8737.049605743236,False
2026-07-15 05:39:24.209916,3150.432413178374,False,94623.51686733754,0.0,0.0,14270.287669984076,225.93798872973474,306.1543362464962,76.53858406162405,-5376.483132662455,8737.049605743236,False
2026-07-15 06:39:24.209916,3131.2193866736266,False,94623.51686733754,0.0,0.0,14270.287669984076,225.93798872973474,306.1543362464962,76.53858406162405,-5376.483132662455,8737.049605743236,False
2026-07-15 07:39:24.209916,3139.751775052133,False,94623.51686733754,0.0,0.0,14270.287669984076,225.93798872973474,306.1543362464962,76.53858406162405,-5376.483132662455,8737.049605743236,False
2026-07-15 08:39:24.209916,3181.559514830203,False,94623.51686733754,0.0,0.0,14270.287669984076,225.93798872973474,306.1543362464962,76.53858406162405,-5376.483132662455,8737.049605743236,False
2026-07-15 09:39:24.209916,3159.8787706537137,False,94623.51686733754,0.0,0.0,14270.287669984076,225.93798872973474,306.1543362464962,76.53858406162405,-5376.483132662455,8737.049605743236,False
2026-07-15 10:39:24.209916,3160.3874547413047,False,94623.51686733754,0.0,0.0,14270.287669984076,225.93798872973474,306.1543362464962,76.53858406162405,-5376.483132662455,8737.049605743236,False
2026-07-15 11:39:24.209916,3189.147156514486,False,94623.51686733754,0.0,0.0,14270.287669984076,225.93798872973474,306.1543362464962,76.53858406162405,-5376.483132662455,8737.049605743236,False
2026-07-15 12:39:24.209916,3187.537547580868,False,94623.51686733754,0.0,0.0,14270.287669984076,225.93798872973474,306.1543362464962,76.53858406162405,-5376.483132662455,8737.049605743236,False
2026-07-15 13:39:24.209916,3196.8129996071734,False,94623.51686733754,0.0,0.0,14270.287669984076,225.93798872973474,306.1543362464962,76.53858406162405,-5376.483132662455,8737.049605743236,False
2026-07-15 14:39:24.209916,3175.132918598265,False,94623.51686733754,0.0,0.0,14270.287669984076,225.93798872973474,306.1543362464962,76.53858406162405,-5376.483132662455,8737.049605743236,False
2026-07-15 15:39:24.209916,3183.8810611222298,False,94623.51686733754,0.0,0.0,14270.287669984076,225.93798872973474,306.1543362464962,76.53858406162405,-5376.483132662455,8737.049605743236,False
2026-07-15 16:39:24.209916,3180.0817735533883,False,94623.51686733754,0.0,0.0,14270.287669984076,225.93798872973474,306.1543362464962,76.53858406162405,-5376.483132662455,8737.049605743236,False
2026-07-15 17:39:24.209916,3200.2590108688196,False,94623.51686733754,0.0,0.0,14270.287669984076,225.93798872973474,306.1543362464962,76.53858406162405,-5376.483132662455,8737.049605743236,False
2026-07-15 18:39:24.209916,3224.73030789486,False,94623.51686733754,0.0,0.0,14270.287669984076,225.93798872973474,306.1543362464962,76.53858406162405,-5376.483132662455,8737.049605743236,False
2026-07-15 19:39:24.209916,3278.7285352184695,False,94623.51686733754,0.0,0.0,14270.287669984076,225.93798872973474,306.1543362464962,76.53858406162405,-5376.483132662455,8737.049605743236,False
2026-07-15 20:39:24.209916,3290.9530844842247,False,94623.51686733754,0.0,0.0,14270.287669984076,225.93798872973474,306.1543362464962,76.53858406162405,-5376.483132662455,8737.049605743236,False
2026-07-15 21:39:24.209916,3297.8524182678925,False,94623.51686733754,0.0,0.0,14270.287669984076,225.93798872973474,306.1543362464962,76.53858406162405,-5376.483132662455,8737.049605743236,False
2026-07-15 22:39:24.209916,3301.9833514685984,False,94623.51686733754,0.0,0.0,14270.287669984076,225.93798872973474,306.1543362464962,76.53858406162405,-5376.483132662455,8737.049605743236,False
2026-07-15 23:39:24.209916,3294.53488691263,False,94623.51686733754,0.0,0.0,14270.287669984076,225.93798872973474,306.1543362464962,76.53858406162405,-5376.483132662455,8737.049605743236,False
2026-07-16 00:39:24.209916,3301.7102626632327,False,94623.51686733754,0.0,0.0,14270.287669984076,225.93798872973474,306.1543362464962,76.53858406162405,-5376.483132662455,8737.049605743236,False
2026-07-16 01:39:24.209916,3295.482531745832,False,94623.51686733754,0.0,0.0,14270.287669984076,225.93798872973474,306.1543362464962,76.53858406162405,-5376.483132662455,8737.049605743236,False
2026-07-16 02:39:24.209916,3299.062198602815,False,94623.51686733754,0.0,0.0,14270.287669984076,225.93798872973474,306.1543362464962,76.53858406162405,-5376.483132662455,8737.049605743236,False
2026-07-16 03:39:24.209916,3327.0650681321326,False,94623.51686733754,0.0,0.0,14270.287669984076,225.93798872973474,306.1543362464962,76.53858406162405,-5376.483132662455,8737.049605743236,False
2026-07-16 04:39:24.209916,3305.6849973144135,False,94623.51686733754,0.0,0.0,14270.287669984076,225.93798872973474,306.1543362464962,76.53858406162405,-5376.483132662455,8737.049605743236,False
2026-07-16 05:39:24.209916,3329.9481547398896,False,94623.51686733754,0.0,0.0,14270.287669984076,225.93798872973474,306.1543362464962,76.53858406162405,-5376.483132662455,8737.049605743236,False
2026-07-16 06:39:24.209916,3358.2028016356103,False,94623.51686733754,0.0,0.0,14270.287669984076,225.93798872973474,306.1543362464962,76.53858406162405,-5376.483132662455,8737.049605743236,False
2026-07-16 07:39:24.209916,3355.6811232160117,False,94623.51686733754,0.0,0.0,14270.287669984076,225.93798872973474,306.1543362464962,76.53858406162405,-5376.483132662455,8737.049605743236,False
2026-07-16 08:39:24.209916,3310.3638098498127,False,94623.51686733754,0.0,0.0,14270.287669984076,225.93798872973474,306.1543362464962,76.53858406162405,-5376.483132662455,8737.049605743236,False
2026-07-16 09:39:24.209916,3297.5088688518135,False,94623.51686733754,0.0,0.0,14270.287669984076,225.93798872973474,306.1543362464962,76.53858406162405,-5376.483132662455,8737.049605743236,False
2026-07-16 10:39:24.209916,3325.05935838956,False,94623.51686733754,0.0,0.0,14270.287669984076,225.93798872973474,306.1543362464962,76.53858406162405,-5376.483132662455,8737.049605743236,False
2026-07-16 11:39:24.209916,3324.590922404811,False,94623.51686733754,0.0,0.0,14270.287669984076,225.93798872973474,306.1543362464962,76.53858406162405,-5376.483132662455,8737.049605743236,False
2026-07-16 12:39:24.209916,3303.3800733181556,False,94623.51686733754,0.0,0.0,14270.287669984076,225.93798872973474,306.1543362464962,76.53858406162405,-5376.483132662455,8737.049605743236,False
2026-07-16 13:39:24.209916,3292.7266900743803,False,94623.51686733754,0.0,0.0,14270.287669984076,225.93798872973474,306.1543362464962,76.53858406162405,-5376.483132662455,8737.049605743236,False
2026-07-16 14:39:24.209916,3310.5376083405076,False,94623.51686733754,0.0,0.0,14270.287669984076,225.93798872973474,306.1543362464962,76.53858406162405,-5376.483132662455,8737.049605743236,False
2026-07-16 15:39:24.209916,3322.1800127740103,False,94623.51686733754,0.0,0.0,14270.287669984076,225.93798872973474,306.1543362464962,76.53858406162405,-5376.483132662455,8737.049605743236,False
2026-07-16 16:39:24.209916,3317.114258189173,False,94623.51686733754,0.0,0.0,14270.287669984076,225.93798872973474,306.1543362464962,76.53858406162405,-5376.483132662455,8737.049605743236,False
2026-07-16 17:39:24.209916,3309.341893807648,False,94623.51686733754,0.0,0.0,14270.287669984076,225.93798872973474,306.1543362464962,76.53858406162405,-5376.483132662455,8737.049605743236,False
2026-07-16 18:39:24.209916,3301.060055979681,False,94623.51686733754,0.0,0.0,14270.287669984076,225.93798872973474,306.1543362464962,76.53858406162405,-5376.483132662455,8737.049605743236,False
2026-07-16 19:39:24.209916,3281.6165249250266,False,94623.51686733754,0.0,0.0,14270.287669984076,225.93798872973474,306.1543362464962,76.53858406162405,-5376.483132662455,8737.049605743236,False
2026-07-16 20:39:24.209916,3315.794925641894,False,94623.51686733754,0.0,0.0,14270.287669984076,225.93798872973474,306.1543362464962,76.53858406162405,-5376.483132662455,8737.049605743236,False
2026-07-16 21:39:24.209916,3308.9695580783905,False,94623.51686733754,0.0,0.0,14270.287669984076,225.93798872973474,306.1543362464962,76.53858406162405,-5376.483132662455,8737.049605743236,False
2026-07-16 22:39:24.209916,3334.908566490473,False,94623.51686733754,0.0,0.0,14270.287669984076,225.93798872973474,306.1543362464962,76.53858406162405,-5376.483132662455,8737.049605743236,False
2026-07-16 23:39:24.209916,3367.6107973681806,False,94623.51686733754,0.0,0.0,14270.287669984076,225.93798872973474,306.1543362464962,76.53858406162405,-5376.483132662455,8737.049605743236,False
2026-07-17 00:39:24.209916,3389.2512200961214,False,94623.51686733754,0.0,0.0,14270.287669984076,225.93798872973474,306.1543362464962,76.53858406162405,-5376.483132662455,8737.049605743236,False
2026-07-17 01:39:24.209916,3379.9055903384806,False,94623.51686733754,0.0,0.0,14270.287669984076,225.93798872973474,306.1543362464962,76.53858406162405,-5376.483132662455,8737.049605743236,False
2026-07-17 02:39:24.209916,3388.6839823330674,False,94623.51686733754,0.0,0.0,14270.287669984076,225.93798872973474,306.1543362464962,76.53858406162405,-5376.483132662455,8737.049605743236,False
2026-07-17 03:39:24.209916,3388.177748130576,False,94623.51686733754,0.0,0.0,14270.287669984076,225.93798872973474,306.1543362464962,76.53858406162405,-5376.483132662455,8737.049605743236,False
2026-07-17 04:39:24.209916,3368.6250670707304,False,94623.51686733754,0.0,0.0,14270.287669984076,225.93798872973474,306.1543362464962,76.53858406162405,-5376.483132662455,8737.049605743236,False
2026-07-17 05:39:24.209916,3375.6561390530255,False,94623.51686733754,0.0,0.0,14270.287669984076,225.93798872973474,306.1543362464962,76.53858406162405,-5376.483132662455,8737.049605743236,False
2026-07-17 06:39:24.209916,3350.25701322855,False,94623.51686733754,0.0,0.0,14270.287669984076,225.93798872973474,306.1543362464962,76.53858406162405,-5376.483132662455,8737.049605743236,False
2026-07-17 07:39:24.209916,3375.8816424188635,False,94623.51686733754,0.0,0.0,14270.287669984076,225.93798872973474,306.1543362464962,76.53858406162405,-5376.483132662455,8737.049605743236,False
2026-07-17 08:39:24.209916,3365.860820085636,False,94623.51686733754,0.0,0.0,14270.287669984076,225.93798872973474,306.1543362464962,76.53858406162405,-5376.483132662455,8737.049605743236,False
2026-07-17 09:39:24.209916,3370.2233210686686,False,94623.51686733754,0.0,0.0,14270.287669984076,225.93798872973474,306.1543362464962,76.53858406162405,-5376.483132662455,8737.049605743236,False
2026-07-17 10:39:24.209916,3376.3686387211037,False,94623.51686733754,0.0,0.0,14270.287669984076,225.93798872973474,306.1543362464962,76.53858406162405,-5376.483132662455,8737.049605743236,False
2026-07-17 11:39:24.209916,3370.788638227208,False,94623.51686733754,0.0,0.0,14270.287669984076,225.93798872973474,306.1543362464962,76.53858406162405,-5376.483132662455,8737.049605743236,False
2026-07-17 12:39:24.209916,3383.509572298866,False,94623.51686733754,0.0,0.0,14270.287669984076,225.93798872973474,306.1543362464962,76.53858406162405,-5376.483132662455,8737.049605743236,False
2026-07-17 13:39:24.209916,3373.2436624061606,False,94623.51686733754,0.0,0.0,14270.287669984076,225.93798872973474,306.1543362464962,76.53858406162405,-5376.483132662455,8737.049605743236,False
2026-07-17 14:39:24.209916,3392.1571465150173,False,94623.51686733754,0.0,0.0,14270.287669984076,225.93798872973474,306.1543362464962,76.53858406162405,-5376.483132662455,8737.049605743236,False
2026-07-17 15:39:24.209916,3363.032866090157,False,94623.51686733754,0.0,0.0,14270.287669984076,225.93798872973474,306.1543362464962,76.53858406162405,-5376.483132662455,8737.049605743236,False
2026-07-17 16:39:24.209916,3365.7778090977135,False,94623.51686733754,0.0,0.0,14270.287669984076,225.93798872973474,306.1543362464962,76.53858406162405,-5376.483132662455,8737.049605743236,False
2026-07-17 17:39:24.209916,3407.8939961006686,False,94623.51686733754,0.0,0.0,14270.287669984076,225.93798872973474,306.1543362464962,76.53858406162405,-5376.483132662455,8737.049605743236,False
2026-07-17 18:39:24.209916,3386.12933569976,False,94623.51686733754,0.0,0.0,14270.287669984076,225.93798872973474,306.1543362464962,76.53858406162405,-5376.483132662455,8737.049605743236,False
2026-07-17 19:39:24.209916,3371.4685833449385,False,94623.51686733754,0.0,0.0,14270.287669984076,225.93798872973474,306.1543362464962,76.53858406162405,-5376.483132662455,8737.049605743236,False
2026-07-17 20:39:24.209916,3382.6133803846114,False,94623.51686733754,0.0,0.0,14270.287669984076,225.93798872973474,306.1543362464962,76.53858406162405,-5376.483132662455,8737.049605743236,False
2026-07-17 21:39:24.209916,3386.529112630392,False,94623.51686733754,0.0,0.0,14270.287669984076,225.93798872973474,306.1543362464962,76.53858406162405,-5376.483132662455,8737.049605743236,False
2026-07-17 22:39:24.209916,3394.1691247032695,False,94623.51686733754,0.0,0.0,14270.287669984076,225.93798872973474,306.1543362464962,76.53858406162405,-5376.483132662455,8737.049605743236,False
2026-07-17 23:39:24.209916,3404.84933543796,False,94623.51686733754,0.0,0.0,14270.287669984076,225.93798872973474,306.1543362464962,76.53858406162405,-5376.483132662455,8737.049605743236,False
2026-07-18 00:39:24.209916,3418.7512357467144,False,94623.51686733754,0.0,0.0,14270.287669984076,225.93798872973474,306.1543362464962,76.53858406162405,-5376.483132662455,8737.049605743236,False
2026-07-18 01:39:24.209916,3443.1780846536044,False,94623.51686733754,0.0,0.0,14270.287669984076,225.93798872973474,306.1543362464962,76.53858406162405,-5376.483132662455,8737.049605743236,False
2026-07-18 02:39:24.209916,3452.2555536424993,False,94623.51686733754,0.0,0.0,14270.287669984076,225.93798872973474,306.1543362464962,76.53858406162405,-5376.483132662455,8737.049605743236,False
2026-07-18 03:39:24.209916,3446.9400680367376,False,94623.51686733754,0.0,0.0,14270.287669984076,225.93798872973474,306.1543362464962,76.53858406162405,-5376.483132662455,8737.049605743236,False
2026-07-18 04:39:24.209916,3461.85376059987,False,94623.51686733754,0.0,0.0,14270.287669984076,225.93798872973474,306.1543362464962,76.53858406162405,-5376.483132662455,8737.049605743236,False
2026-07-18 05:39:24.209916,3504.294863164012,False,94623.51686733754,0.0,0.0,14270.287669984076,225.93798872973474,306.1543362464962,76.53858406162405,-5376.483132662455,8737.049605743236,False
2026-07-18 06:39:24.209916,3501.3365423114683,False,94623.51686733754,0.0,0.0,14270.287669984076,225.93798872973474,306.1543362464962,76.53858406162405,-5376.483132662455,8737.049605743236,False
2026-07-18 07:39:24.209916,3479.5506002319244,False,94623.51686733754,0.0,0.0,14270.287669984076,225.93798872973474,306.1543362464962,76.53858406162405,-5376.483132662455,8737.049605743236,False
2026-07-18 08:39:24.209916,3504.353018017259,False,94623.51686733754,0.0,0.0,14270.287669984076,225.93798872973474,306.1543362464962,76.53858406162405,-5376.483132662455,8737.049605743236,False
2026-07-18 09:39:24.209916,3501.6696811616694,False,94623.51686733754,0.0,0.0,14270.287669984076,225.93798872973474,306.1543362464962,76.53858406162405,-5376.483132662455,8737.049605743236,False
2026-07-18 10:39:24.209916,3453.255751945723,False,94623.51686733754,0.0,0.0,14270.287669984076,225.93798872973474,306.1543362464962,76.53858406162405,-5376.483132662455,8737.049605743236,False
2026-07-18 11:39:24.209916,3472.086388277489,False,94623.51686733754,0.0,0.0,14270.287669984076,225.93798872973474,306.1543362464962,76.53858406162405,-5376.483132662455,8737.049605743236,False
2026-07-18 12:39:24.209916,3460.21112745824,False,94623.51686733754,0.0,0.0,14270.287669984076,225.93798872973474,306.1543362464962,76.53858406162405,-5376.483132662455,8737.049605743236,False
2026-07-18 13:39:24.209916,3458.223234433001,False,94623.51686733754,0.0,0.0,14270.287669984076,225.93798872973474,306.1543362464962,76.53858406162405,-5376.483132662455,8737.049605743236,False
2026-07-18 14:39:24.209916,3465.6106279693468,False,94623.51686733754,0.0,0.0,14270.287669984076,225.93798872973474,306.1543362464962,76.53858406162405,-5376.483132662455,8737.049605743236,False
2026-07-18 15:39:24.209916,3469.86528691486,False,94623.51686733754,0.0,0.0,14270.287669984076,225.93798872973474,306.1543362464962,76.53858406162405,-5376.483132662455,8737.049605743236,False
2026-07-18 16:39:24.209916,3485.702130191129,False,94623.51686733754,0.0,0.0,14270.287669984076,225.93798872973474,306.1543362464962,76.53858406162405,-5376.483132662455,8737.049605743236,False
2026-07-18 17:39:24.209916,3476.0043940120854,False,94623.51686733754,0.0,0.0,14270.287669984076,225.93798872973474,306.1543362464962,76.53858406162405,-5376.483132662455,8737.049605743236,False
2026-07-18 18:39:24.209916,3487.4768154259136,False,94623.51686733754,0.0,0.0,14270.287669984076,225.93798872973474,306.1543362464962,76.53858406162405,-5376.483132662455,8737.049605743236,False
2026-07-18 19:39:24.209916,3481.6988677922745,False,94623.51686733754,0.0,0.0,14270.287669984076,225.93798872973474,306.1543362464962,76.53858406162405,-5376.483132662455,8737.049605743236,False
2026-07-18 20:39:24.209916,3498.248053199662,False,94623.51686733754,0.0,0.0,14270.287669984076,225.93798872973474,306.1543362464962,76.53858406162405,-5376.483132662455,8737.049605743236,False
2026-07-18 21:39:24.209916,3512.095522204042,False,94623.51686733754,0.0,0.0,14270.287669984076,225.93798872973474,306.1543362464962,76.53858406162405,-5376.483132662455,8737.049605743236,False
2026-07-18 22:39:24.209916,3491.1173810908217,False,94623.51686733754,0.0,0.0,14270.287669984076,225.93798872973474,306.1543362464962,76.53858406162405,-5376.483132662455,8737.049605743236,False
2026-07-18 23:39:24.209916,3515.526724363734,False,94623.51686733754,0.0,0.0,14270.287669984076,225.93798872973474,306.1543362464962,76.53858406162405,-5376.483132662455,8737.049605743236,False
2026-07-19 00:39:24.209916,3503.48862089332,False,94623.51686733754,0.0,0.0,14270.287669984076,225.93798872973474,306.1543362464962,76.53858406162405,-5376.483132662455,8737.049605743236,False
2026-07-19 01:39:24.209916,3521.7043760361657,False,94623.51686733754,0.0,0.0,14270.287669984076,225.93798872973474,306.1543362464962,76.53858406162405,-5376.483132662455,8737.049605743236,False
2026-07-19 02:39:24.209916,3530.026269789942,False,94623.51686733754,0.0,0.0,14270.287669984076,225.93798872973474,306.1543362464962,76.53858406162405,-5376.483132662455,8737.049605743236,False
2026-07-19 03:39:24.209916,3571.8900979258947,False,94623.51686733754,0.0,0.0,14270.287669984076,225.93798872973474,306.1543362464962,76.53858406162405,-5376.483132662455,8737.049605743236,False
2026-07-19 04:39:24.209916,3566.797198748383,False,94623.51686733754,0.0,0.0,14270.287669984076,225.93798872973474,306.1543362464962,76.53858406162405,-5376.483132662455,8737.049605743236,False
2026-07-19 05:39:24.209916,3558.8392016771354,False,94623.51686733754,0.0,0.0,14270.287669984076,225.93798872973474,306.1543362464962,76.53858406162405,-5376.483132662455,8737.049605743236,False
2026-07-19 06:39:24.209916,3558.416494654124,False,94623.51686733754,0.0,0.0,14270.287669984076,225.93798872973474,306.1543362464962,76.53858406162405,-5376.483132662455,8737.049605743236,False
2026-07-19 07:39:24.209916,3551.527462821755,False,94623.51686733754,0.0,0.0,14270.287669984076,225.93798872973474,306.1543362464962,76.53858406162405,-5376.483132662455,8737.049605743236,False
2026-07-19 08:39:24.209916,3569.8072530844715,False,94623.51686733754,0.0,0.0,14270.287669984076,225.93798872973474,306.1543362464962,76.53858406162405,-5376.483132662455,8737.049605743236,False
2026-07-19 09:39:24.209916,3533.0297120883392,False,94623.51686733754,0.0,0.0,14270.287669984076,225.93798872973474,306.1543362464962,76.53858406162405,-5376.483132662455,8737.049605743236,False
2026-07-19 10:39:24.209916,3509.2654476563976,False,94623.51686733754,0.0,0.0,14270.287669984076,225.93798872973474,306.1543362464962,76.53858406162405,-5376.483132662455,8737.049605743236,False
2026-07-19 11:39:24.209916,3485.345517865603,False,94623.51686733754,0.0,0.0,14270.287669984076,225.93798872973474,306.1543362464962,76.53858406162405,-5376.483132662455,8737.049605743236,False
2026-07-19 12:39:24.209916,3506.6632365523883,False,94623.51686733754,0.0,0.0,14270.287669984076,225.93798872973474,306.1543362464962,76.53858406162405,-5376.483132662455,8737.049605743236,False
2026-07-19 13:39:24.209916,3545.3494103563025,False,94623.51686733754,0.0,0.0,14270.287669984076,225.93798872973474,306.1543362464962,76.53858406162405,-5376.483132662455,8737.049605743236,False
2026-07-19 14:39:24.209916,3542.996521918107,False,94623.51686733754,0.0,0.0,14270.287669984076,225.93798872973474,306.1543362464962,76.53858406162405,-5376.483132662455,8737.049605743236,False
2026-07-19 15:39:24.209916,3539.184389446978,False,94623.51686733754,0.0,0.0,14270.287669984076,225.93798872973474,306.1543362464962,76.53858406162405,-5376.483132662455,8737.049605743236,False
2026-07-19 16:39:24.209916,3540.7943223992565,False,94623.51686733754,0.0,0.0,14270.287669984076,225.93798872973474,306.1543362464962,76.53858406162405,-5376.483132662455,8737.049605743236,False
2026-07-19 17:39:24.209916,3567.286206700915,False,94623.51686733754,0.0,0.0,14270.287669984076,225.93798872973474,306.1543362464962,76.53858406162405,-5376.483132662455,8737.049605743236,False
2026-07-19 18:39:24.209916,3546.16221032063,False,94623.51686733754,0.0,0.0,14270.287669984076,225.93798872973474,306.1543362464962,76.53858406162405,-5376.483132662455,8737.049605743236,False
2026-07-19 19:39:24.209916,3551.605479438327,False,94623.51686733754,0.0,0.0,14270.287669984076,225.93798872973474,306.1543362464962,76.53858406162405,-5376.483132662455,8737.049605743236,False
2026-07-19 20:39:24.209916,3573.8986763630764,False,94623.51686733754,0.0,0.0,14270.287669984076,225.93798872973474,306.1543362464962,76.53858406162405,-5376.483132662455,8737.049605743236,False
2026-07-19 21:39:24.209916,3585.4180997583176,False,94623.51686733754,0.0,0.0,14270.287669984076,225.93798872973474,306.1543362464962,76.53858406162405,-5376.483132662455,8737.049605743236,False
2026-07-19 22:39:24.209916,3589.798716616398,False,94623.51686733754,0.0,0.0,14270.287669984076,225.93798872973474,306.1543362464962,76.53858406162405,-5376.483132662455,8737.049605743236,False
2026-07-19 23:39:24.209916,3612.930278686286,False,94623.51686733754,0.0,0.0,14270.287669984076,225.93798872973474,306.1543362464962,76.53858406162405,-5376.483132662455,8737.049605743236,False
2026-07-20 00:39:24.209916,3550.8801444932114,False,94623.51686733754,0.0,0.0,14270.287669984076,225.93798872973474,306.1543362464962,76.53858406162405,-5376.483132662455,8737.049605743236,False
2026-07-20 01:39:24.209916,3566.3647556008855,False,94623.51686733754,0.0,0.0,14270.287669984076,225.93798872973474,306.1543362464962,76.53858406162405,-5376.483132662455,8737.049605743236,False
2026-07-20 02:39:24.209916,3551.46248565047,False,94623.51686733754,0.0,0.0,14270.287669984076,225.93798872973474,306.1543362464962,76.53858406162405,-5376.483132662455,8737.049605743236,False
2026-07-20 03:39:24.209916,3510.0480433733383,False,94623.51686733754,0.0,0.0,14270.287669984076,225.93798872973474,306.1543362464962,76.53858406162405,-5376.483132662455,8737.049605743236,False
2026-07-20 04:39:24.209916,3521.589858585991,False,94623.51686733754,0.0,0.0,14270.287669984076,225.93798872973474,306.1543362464962,76.53858406162405,-5376.483132662455,8737.049605743236,False
2026-07-20 05:39:24.209916,3552.7581509375086,False,94623.51686733754,0.0,0.0,14270.287669984076,225.93798872973474,306.1543362464962,76.53858406162405,-5376.483132662455,8737.049605743236,False
2026-07-20 06:39:24.209916,3549.649353731855,False,94623.51686733754,0.0,0.0,14270.287669984076,225.93798872973474,306.1543362464962,76.53858406162405,-5376.483132662455,8737.049605743236,False
2026-07-20 07:39:24.209916,3571.4191493744474,False,94623.51686733754,0.0,0.0,14270.287669984076,225.93798872973474,306.1543362464962,76.53858406162405,-5376.483132662455,8737.049605743236,False
2026-07-20 08:39:24.209916,3608.5442231503525,False,94623.51686733754,0.0,0.0,14270.287669984076,225.93798872973474,306.1543362464962,76.53858406162405,-5376.483132662455,8737.049605743236,False
2026-07-20 09:39:24.209916,3639.1114224710814,False,94623.51686733754,0.0,0.0,14270.287669984076,225.93798872973474,306.1543362464962,76.53858406162405,-5376.483132662455,8737.049605743236,False
2026-07-20 10:39:24.209916,3677.59282334878,False,94623.51686733754,0.0,0.0,14270.287669984076,225.93798872973474,306.1543362464962,76.53858406162405,-5376.483132662455,8737.049605743236,False
2026-07-20 11:39:24.209916,3695.1517035208412,False,94623.51686733754,0.0,0.0,14270.287669984076,225.93798872973474,306.1543362464962,76.53858406162405,-5376.483132662455,8737.049605743236,False
2026-07-20 12:39:24.209916,3696.960121641389,False,94623.51686733754,0.0,0.0,14270.287669984076,225.93798872973474,306.1543362464962,76.53858406162405,-5376.483132662455,8737.049605743236,False
2026-07-20 13:39:24.209916,3659.2090836346038,False,94623.51686733754,0.0,0.0,14270.287669984076,225.93798872973474,306.1543362464962,76.53858406162405,-5376.483132662455,8737.049605743236,False
2026-07-20 14:39:24.209916,3653.462413491418,False,94623.51686733754,0.0,0.0,14270.287669984076,225.93798872973474,306.1543362464962,76.53858406162405,-5376.483132662455,8737.049605743236,False
2026-07-20 15:39:24.209916,3633.7868325545414,False,94623.51686733754,0.0,0.0,14270.287669984076,225.93798872973474,306.1543362464962,76.53858406162405,-5376.483132662455,8737.049605743236,False
2026-07-20 16:39:24.209916,3684.73304316047,False,94623.51686733754,0.0,0.0,14270.287669984076,225.93798872973474,306.1543362464962,76.53858406162405,-5376.483132662455,8737.049605743236,False
2026-07-20 17:39:24.209916,3680.6017272566105,False,94623.51686733754,0.0,0.0,14270.287669984076,225.93798872973474,306.1543362464962,76.53858406162405,-5376.483132662455,8737.049605743236,False
2026-07-20 18:39:24.209916,3683.530904525043,False,94623.51686733754,0.0,0.0,14270.287669984076,225.93798872973474,306.1543362464962,76.53858406162405,-5376.483132662455,8737.049605743236,False
2026-07-20 19:39:24.209916,3696.5976451185556,False,94623.51686733754,0.0,0.0,14270.287669984076,225.93798872973474,306.1543362464962,76.53858406162405,-5376.483132662455,8737.049605743236,False
2026-07-20 20:39:24.209916,3697.652161032469,False,94623.51686733754,0.0,0.0,14270.287669984076,225.93798872973474,306.1543362464962,76.53858406162405,-5376.483132662455,8737.049605743236,False
2026-07-20 21:39:24.209916,3738.0724171889415,False,94623.51686733754,0.0,0.0,14270.287669984076,225.93798872973474,306.1543362464962,76.53858406162405,-5376.483132662455,8737.049605743236,False
2026-07-20 22:39:24.209916,3723.202664051315,False,94623.51686733754,0.0,0.0,14270.287669984076,225.93798872973474,306.1543362464962,76.53858406162405,-5376.483132662455,8737.049605743236,False
2026-07-20 23:39:24.209916,3727.871729454851,False,94623.51686733754,0.0,0.0,14270.287669984076,225.93798872973474,306.1543362464962,76.53858406162405,-5376.483132662455,8737.049605743236,False
2026-07-21 00:39:24.209916,3710.1915612412604,False,94623.51686733754,0.0,0.0,14270.287669984076,225.93798872973474,306.1543362464962,76.53858406162405,-5376.483132662455,8737.049605743236,False
2026-07-21 01:39:24.209916,3678.9488412068754,False,94623.51686733754,0.0,0.0,14270.287669984076,225.93798872973474,306.1543362464962,76.53858406162405,-5376.483132662455,8737.049605743236,False
2026-07-21 02:39:24.209916,3664.56986863644,False,94623.51686733754,0.0,0.0,14270.287669984076,225.93798872973474,306.1543362464962,76.53858406162405,-5376.483132662455,8737.049605743236,False
2026-07-21 03:39:24.209916,3663.7208106402577,False,94623.51686733754,0.0,0.0,14270.287669984076,225.93798872973474,306.1543362464962,76.53858406162405,-5376.483132662455,8737.049605743236,False
2026-07-21 04:39:24.209916,3653.6726441169335,False,94623.51686733754,0.0,0.0,14270.287669984076,225.93798872973474,306.1543362464962,76.53858406162405,-5376.483132662455,8737.049605743236,False
2026-07-21 05:39:24.209916,3637.511282139501,False,94623.51686733754,0.0,0.0,14270.287669984076,225.93798872973474,306.1543362464962,76.53858406162405,-5376.483132662455,8737.049605743236,False
2026-07-21 06:39:24.209916,3604.8858013572167,False,94623.51686733754,0.0,0.0,14270.287669984076,225.93798872973474,306.1543362464962,76.53858406162405,-5376.483132662455,8737.049605743236,False
2026-07-21 07:39:24.209916,3602.9863488501314,False,94623.51686733754,0.0,0.0,14270.287669984076,225.93798872973474,306.1543362464962,76.53858406162405,-5376.483132662455,8737.049605743236,False
2026-07-21 08:39:24.209916,3568.418779460687,False,94623.51686733754,0.0,0.0,14270.287669984076,225.93798872973474,306.1543362464962,76.53858406162405,-5376.483132662455,8737.049605743236,False
2026-07-21 09:39:24.209916,3585.8685106343896,False,94623.51686733754,0.0,0.0,14270.287669984076,225.93798872973474,306.1543362464962,76.53858406162405,-5376.483132662455,8737.049605743236,False
2026-07-21 10:39:24.209916,3587.784581396987,False,94623.51686733754,0.0,0.0,14270.287669984076,225.93798872973474,306.1543362464962,76.53858406162405,-5376.483132662455,8737.049605743236,False
2026-07-21 11:39:24.209916,3554.4374923585797,False,94623.51686733754,0.0,0.0,14270.287669984076,225.93798872973474,306.1543362464962,76.53858406162405,-5376.483132662455,8737.049605743236,False
2026-07-21 12:39:24.209916,3547.4190483018183,False,94623.51686733754,0.0,0.0,14270.287669984076,225.93798872973474,306.1543362464962,76.53858406162405,-5376.483132662455,8737.049605743236,False
2026-07-21 13:39:24.209916,3530.3754977320773,False,94623.51686733754,0.0,0.0,14270.287669984076,225.93798872973474,306.1543362464962,76.53858406162405,-5376.483132662455,8737.049605743236,False
2026-07-21 14:39:24.209916,3537.626595005873,False,94623.51686733754,0.0,0.0,14270.287669984076,225.93798872973474,306.1543362464962,76.53858406162405,-5376.483132662455,8737.049605743236,False
2026-07-21 15:39:24.209916,3568.177133576404,False,94623.51686733754,0.0,0.0,14270.287669984076,225.93798872973474,306.1543362464962,76.53858406162405,-5376.483132662455,8737.049605743236,False
2026-07-21 16:39:24.209916,3525.560995757822,False,94623.51686733754,0.0,0.0,14270.287669984076,225.93798872973474,306.1543362464962,76.53858406162405,-5376.483132662455,8737.049605743236,False
2026-07-21 17:39:24.209916,3528.181795520499,False,94623.51686733754,0.0,0.0,14270.287669984076,225.93798872973474,306.1543362464962,76.53858406162405,-5376.483132662455,8737.049605743236,False
2026-07-21 18:39:24.209916,3524.581921491953,False,94623.51686733754,0.0,0.0,14270.287669984076,225.93798872973474,306.1543362464962,76.53858406162405,-5376.483132662455,8737.049605743236,False
2026-07-21 19:39:24.209916,3539.8035490562997,False,94623.51686733754,0.0,0.0,14270.287669984076,225.93798872973474,306.1543362464962,76.53858406162405,-5376.483132662455,8737.049605743236,False
2026-07-21 20:39:24.209916,3544.6650087302874,False,94623.51686733754,0.0,0.0,14270.287669984076,225.93798872973474,306.1543362464962,76.53858406162405,-5376.483132662455,8737.049605743236,False
2026-07-21 21:39:24.209916,3527.6389204682037,False,94623.51686733754,0.0,0.0,14270.287669984076,225.93798872973474,306.1543362464962,76.53858406162405,-5376.483132662455,8737.049605743236,False
2026-07-21 22:39:24.209916,3520.451203695335,False,94623.51686733754,0.0,0.0,14270.287669984076,225.93798872973474,306.1543362464962,76.53858406162405,-5376.483132662455,8737.049605743236,False
2026-07-21 23:39:24.209916,3502.552059275616,False,94623.51686733754,0.0,0.0,14270.287669984076,225.93798872973474,306.1543362464962,76.53858406162405,-5376.483132662455,8737.049605743236,False
2026-07-22 00:39:24.209916,3526.815820216016,False,94623.51686733754,0.0,0.0,14270.287669984076,225.93798872973474,306.1543362464962,76.53858406162405,-5376.483132662455,8737.049605743236,False
2026-07-22 01:39:24.209916,3527.3178219237816,False,94623.51686733754,0.0,0.0,14270.287669984076,225.93798872973474,306.1543362464962,76.53858406162405,-5376.483132662455,8737.049605743236,False
2026-07-22 02:39:24.209916,3570.591447461135,False,94623.51686733754,0.0,0.0,14270.287669984076,225.93798872973474,306.1543362464962,76.53858406162405,-5376.483132662455,8737.049605743236,False
2026-07-22 03:39:24.209916,3569.223584170192,False,94623.51686733754,0.0,0.0,14270.287669984076,225.93798872973474,306.1543362464962,76.53858406162405,-5376.483132662455,8737.049605743236,False
2026-07-22 04:39:24.209916,3553.071634883413,False,94623.51686733754,0.0,0.0,14270.287669984076,225.93798872973474,306.1543362464962,76.53858406162405,-5376.483132662455,8737.049605743236,False
2026-07-22 05:39:24.209916,3518.780065852371,False,94623.51686733754,0.0,0.0,14270.287669984076,225.93798872973474,306.1543362464962,76.53858406162405,-5376.483132662455,8737.049605743236,False
2026-07-22 06:39:24.209916,3478.3597417827955,False,94623.51686733754,0.0,0.0,14270.287669984076,225.93798872973474,306.1543362464962,76.53858406162405,-5376.483132662455,8737.049605743236,False
2026-07-22 07:39:24.209916,3443.234453966315,False,94623.51686733754,0.0,0.0,14270.287669984076,225.93798872973474,306.1543362464962,76.53858406162405,-5376.483132662455,8737.049605743236,False
2026-07-22 08:39:24.209916,3449.155539040338,False,94623.51686733754,0.0,0.0,14270.287669984076,225.93798872973474,306.1543362464962,76.53858406162405,-5376.483132662455,8737.049605743236,False
2026-07-22 09:39:24.209916,3460.4421643731466,False,94623.51686733754,0.0,0.0,14270.287669984076,225.93798872973474,306.1543362464962,76.53858406162405,-5376.483132662455,8737.049605743236,False
2026-07-22 10:39:24.209916,3425.5624891275934,False,94623.51686733754,0.0,0.0,14270.287669984076,225.93798872973474,306.1543362464962,76.53858406162405,-5376.483132662455,8737.049605743236,False
2026-07-22 11:39:24.209916,3445.293634652094,False,94623.51686733754,0.0,0.0,14270.287669984076,225.93798872973474,306.1543362464962,76.53858406162405,-5376.483132662455,8737.049605743236,False
2026-07-22 12:39:24.209916,3434.6606493152653,False,94623.51686733754,0.0,0.0,14270.287669984076,225.93798872973474,306.1543362464962,76.53858406162405,-5376.483132662455,8737.049605743236,False
2026-07-22 13:39:24.209916,3437.9139202728834,False,94623.51686733754,0.0,0.0,14270.287669984076,225.93798872973474,306.1543362464962,76.53858406162405,-5376.483132662455,8737.049605743236,False
2026-07-22 14:39:24.209916,3473.6499174621345,False,94623.51686733754,0.0,0.0,14270.287669984076,225.93798872973474,306.1543362464962,76.53858406162405,-5376.483132662455,8737.049605743236,False
2026-07-22 15:39:24.209916,3493.6983815656595,False,94623.51686733754,0.0,0.0,14270.287669984076,225.93798872973474,306.1543362464962,76.53858406162405,-5376.483132662455,8737.049605743236,False
2026-07-22 16:39:24.209916,3487.7092538187417,False,94623.51686733754,0.0,0.0,14270.287669984076,225.93798872973474,306.1543362464962,76.53858406162405,-5376.483132662455,8737.049605743236,False
2026-07-22 17:39:24.209916,3467.860282612235,False,94623.51686733754,0.0,0.0,14270.287669984076,225.93798872973474,306.1543362464962,76.53858406162405,-5376.483132662455,8737.049605743236,False
2026-07-22 18:39:24.209916,3420.371031743753,False,94623.51686733754,0.0,0.0,14270.287669984076,225.93798872973474,306.1543362464962,76.53858406162405,-5376.483132662455,8737.049605743236,False
2026-07-22 19:39:24.209916,3404.658129275175,False,94623.51686733754,0.0,0.0,14270.287669984076,225.93798872973474,306.1543362464962,76.53858406162405,-5376.483132662455,8737.049605743236,False
2026-07-22 20:39:24.209916,3400.0725398255836,False,94623.51686733754,0.0,0.0,14270.287669984076,225.93798872973474,306.1543362464962,76.53858406162405,-5376.483132662455,8737.049605743236,False
2026-07-22 21:39:24.209916,3378.642676268677,False,94623.51686733754,0.0,0.0,14270.287669984076,225.93798872973474,306.1543362464962,76.53858406162405,-5376.483132662455,8737.049605743236,False
2026-07-22 22:39:24.209916,3375.8202256479594,False,94623.51686733754,0.0,0.0,14270.287669984076,225.93798872973474,306.1543362464962,76.53858406162405,-5376.483132662455,8737.049605743236,False
2026-07-22 23:39:24.209916,3377.5030694670204,False,94623.51686733754,0.0,0.0,14270.287669984076,225.93798872973474,306.1543362464962,76.53858406162405,-5376.483132662455,8737.049605743236,False
2026-07-23 00:39:24.209916,3372.657279653539,False,94623.51686733754,0.0,0.0,14270.287669984076,225.93798872973474,306.1543362464962,76.53858406162405,-5376.483132662455,8737.049605743236,False
2026-07-23 01:39:24.209916,3358.652124884128,False,94623.51686733754,0.0,0.0,14270.287669984076,225.93798872973474,306.1543362464962,76.53858406162405,-5376.483132662455,8737.049605743236,False
2026-07-23 02:39:24.209916,3362.3045837281747,False,94623.51686733754,0.0,0.0,14270.287669984076,225.93798872973474,306.1543362464962,76.53858406162405,-5376.483132662455,8737.049605743236,False
2026-07-23 03:39:24.209916,3371.8631083682412,False,94623.51686733754,0.0,0.0,14270.287669984076,225.93798872973474,306.1543362464962,76.53858406162405,-5376.483132662455,8737.049605743236,False
2026-07-23 04:39:24.209916,3348.3946761830643,False,94623.51686733754,0.0,0.0,14270.287669984076,225.93798872973474,306.1543362464962,76.53858406162405,-5376.483132662455,8737.049605743236,False
2026-07-23 05:39:24.209916,3378.8373516213032,False,94623.51686733754,0.0,0.0,14270.287669984076,225.93798872973474,306.1543362464962,76.53858406162405,-5376.483132662455,8737.049605743236,False
2026-07-23 06:39:24.209916,3376.7218413296687,False,94623.51686733754,0.0,0.0,14270.287669984076,225.93798872973474,306.1543362464962,76.53858406162405,-5376.483132662455,8737.049605743236,False
2026-07-23 07:39:24.209916,3377.149176644681,False,94623.51686733754,0.0,0.0,14270.287669984076,225.93798872973474,306.1543362464962,76.53858406162405,-5376.483132662455,8737.049605743236,False
2026-07-23 08:39:24.209916,3392.5359422732927,False,94623.51686733754,0.0,0.0,14270.287669984076,225.93798872973474,306.1543362464962,76.53858406162405,-5376.483132662455,8737.049605743236,False
2026-07-23 09:39:24.209916,3397.631163468168,False,94623.51686733754,0.0,0.0,14270.287669984076,225.93798872973474,306.1543362464962,76.53858406162405,-5376.483132662455,8737.049605743236,False
2026-07-23 10:39:24.209916,3418.4743837736128,False,94623.51686733754,0.0,0.0,14270.287669984076,225.93798872973474,306.1543362464962,76.53858406162405,-5376.483132662455,8737.049605743236,False
2026-07-23 11:39:24.209916,3424.791907945469,False,94623.51686733754,0.0,0.0,14270.287669984076,225.93798872973474,306.1543362464962,76.53858406162405,-5376.483132662455,8737.049605743236,False
2026-07-23 12:39:24.209916,3411.3916792117916,False,94623.51686733754,0.0,0.0,14270.287669984076,225.93798872973474,306.1543362464962,76.53858406162405,-5376.483132662455,8737.049605743236,False
2026-07-23 13:39:24.209916,3419.326117987213,False,94623.51686733754,0.0,0.0,14270.287669984076,225.93798872973474,306.1543362464962,76.53858406162405,-5376.483132662455,8737.049605743236,False
2026-07-23 14:39:24.209916,3394.3667452949685,False,94623.51686733754,0.0,0.0,14270.287669984076,225.93798872973474,306.1543362464962,76.53858406162405,-5376.483132662455,8737.049605743236,False
2026-07-23 15:39:24.209916,3396.749209394969,False,94623.51686733754,0.0,0.0,14270.287669984076,225.93798872973474,306.1543362464962,76.53858406162405,-5376.483132662455,8737.049605743236,False
2026-07-23 16:39:24.209916,3396.0450796528607,False,94623.51686733754,0.0,0.0,14270.287669984076,225.93798872973474,306.1543362464962,76.53858406162405,-5376.483132662455,8737.049605743236,False
2026-07-23 17:39:24.209916,3391.5366064919876,False,94623.51686733754,0.0,0.0,14270.287669984076,225.93798872973474,306.1543362464962,76.53858406162405,-5376.483132662455,8737.049605743236,False
2026-07-23 18:39:24.209916,3388.762461551315,False,94623.51686733754,0.0,0.0,14270.287669984076,225.93798872973474,306.1543362464962,76.53858406162405,-5376.483132662455,8737.049605743236,False
2026-07-23 19:39:24.209916,3348.1458367210485,False,94623.51686733754,0.0,0.0,14270.287669984076,225.93798872973474,306.1543362464962,76.53858406162405,-5376.483132662455,8737.049605743236,False
2026-07-23 20:39:24.209916,3336.4079317030987,False,94623.51686733754,0.0,0.0,14270.287669984076,225.93798872973474,306.1543362464962,76.53858406162405,-5376.483132662455,8737.049605743236,False
2026-07-23 21:39:24.209916,3338.413381692512,False,94623.51686733754,0.0,0.0,14270.287669984076,225.93798872973474,306.1543362464962,76.53858406162405,-5376.483132662455,8737.049605743236,False
2026-07-23 22:39:24.209916,3341.8553376446343,False,94623.51686733754,0.0,0.0,14270.287669984076,225.93798872973474,306.1543362464962,76.53858406162405,-5376.483132662455,8737.049605743236,False
2026-07-23 23:39:24.209916,3319.9304327525765,False,94623.51686733754,0.0,0.0,14270.287669984076,225.93798872973474,306.1543362464962,76.53858406162405,-5376.483132662455,8737.049605743236,False
2026-07-24 00:39:24.209916,3346.996889354079,False,94623.51686733754,0.0,0.0,14270.287669984076,225.93798872973474,306.1543362464962,76.53858406162405,-5376.483132662455,8737.049605743236,False
2026-07-24 01:39:24.209916,3328.482496940046,False,94623.51686733754,0.0,0.0,14270.287669984076,225.93798872973474,306.1543362464962,76.53858406162405,-5376.483132662455,8737.049605743236,False
2026-07-24 02:39:24.209916,3349.25191186364,False,94623.51686733754,0.0,0.0,14270.287669984076,225.93798872973474,306.1543362464962,76.53858406162405,-5376.483132662455,8737.049605743236,False
2026-07-24 03:39:24.209916,3358.455830941229,False,94623.51686733754,0.0,0.0,14270.287669984076,225.93798872973474,306.1543362464962,76.53858406162405,-5376.483132662455,8737.049605743236,False
2026-07-24 04:39:24.209916,3344.590592580048,False,94623.51686733754,0.0,0.0,14270.287669984076,225.93798872973474,306.1543362464962,76.53858406162405,-5376.483132662455,8737.049605743236,False
2026-07-24 05:39:24.209916,3382.8915149880154,False,94623.51686733754,0.0,0.0,14270.287669984076,225.93798872973474,306.1543362464962,76.53858406162405,-5376.483132662455,8737.049605743236,False
2026-07-24 06:39:24.209916,3357.1237881392717,False,94623.51686733754,0.0,0.0,14270.287669984076,225.93798872973474,306.1543362464962,76.53858406162405,-5376.483132662455,8737.049605743236,False
2026-07-24 07:39:24.209916,3376.982760741651,False,94623.51686733754,0.0,0.0,14270.287669984076,225.93798872973474,306.1543362464962,76.53858406162405,-5376.483132662455,8737.049605743236,False
2026-07-24 08:39:24.209916,3398.732897346787,False,94623.51686733754,0.0,0.0,14270.287669984076,225.93798872973474,306.1543362464962,76.53858406162405,-5376.483132662455,8737.049605743236,False
2026-07-24 09:39:24.209916,3384.172141309193,False,94623.51686733754,0.0,0.0,14270.287669984076,225.93798872973474,306.1543362464962,76.53858406162405,-5376.483132662455,8737.049605743236,False
2026-07-24 10:39:24.209916,3414.5358410899894,False,94623.51686733754,0.0,0.0,14270.287669984076,225.93798872973474,306.1543362464962,76.53858406162405,-5376.483132662455,8737.049605743236,False
2026-07-24 11:39:24.209916,3409.086353121208,False,94623.51686733754,0.0,0.0,14270.287669984076,225.93798872973474,306.1543362464962,76.53858406162405,-5376.483132662455,8737.049605743236,False
2026-07-24 12:39:24.209916,3415.4208908311653,False,94623.51686733754,0.0,0.0,14270.287669984076,225.93798872973474,306.1543362464962,76.53858406162405,-5376.483132662455,8737.049605743236,False
2026-07-24 13:39:24.209916,3421.144903105822,False,94623.51686733754,0.0,0.0,14270.287669984076,225.93798872973474,306.1543362464962,76.53858406162405,-5376.483132662455,8737.049605743236,False
2026-07-24 14:39:24.209916,3418.220073191091,False,94623.51686733754,0.0,0.0,14270.287669984076,225.93798872973474,306.1543362464962,76.53858406162405,-5376.483132662455,8737.049605743236,False
2026-07-24 15:39:24.209916,3436.053074642585,False,94623.51686733754,0.0,0.0,14270.287669984076,225.93798872973474,306.1543362464962,76.53858406162405,-5376.483132662455,8737.049605743236,False
2026-07-24 16:39:24.209916,3453.595641569004,False,94623.51686733754,0.0,0.0,14270.287669984076,225.93798872973474,306.1543362464962,76.53858406162405,-5376.483132662455,8737.049605743236,False
2026-07-24 17:39:24.209916,3415.119409481921,False,94623.51686733754,0.0,0.0,14270.287669984076,225.93798872973474,306.1543362464962,76.53858406162405,-5376.483132662455,8737.049605743236,False
2026-07-24 18:39:24.209916,3443.8146947721148,False,94623.51686733754,0.0,0.0,14270.287669984076,225.93798872973474,306.1543362464962,76.53858406162405,-5376.483132662455,8737.049605743236,False
2026-07-24 19:39:24.209916,3407.326287368569,False,94623.51686733754,0.0,0.0,14270.287669984076,225.93798872973474,306.1543362464962,76.53858406162405,-5376.483132662455,8737.049605743236,False
2026-07-24 20:39:24.209916,3429.9746145683157,False,94623.51686733754,0.0,0.0,14270.287669984076,225.93798872973474,306.1543362464962,76.53858406162405,-5376.483132662455,8737.049605743236,False
2026-07-24 21:39:24.209916,3454.858262429264,False,94623.51686733754,0.0,0.0,14270.287669984076,225.93798872973474,306.1543362464962,76.53858406162405,-5376.483132662455,8737.049605743236,False
2026-07-24 22:39:24.209916,3430.7996993482984,False,94623.51686733754,0.0,0.0,14270.287669984076,225.93798872973474,306.1543362464962,76.53858406162405,-5376.483132662455,8737.049605743236,False
2026-07-24 23:39:24.209916,3421.7958686548454,False,94623.51686733754,0.0,0.0,14270.287669984076,225.93798872973474,306.1543362464962,76.53858406162405,-5376.483132662455,8737.049605743236,False
2026-07-25 00:39:24.209916,3397.646513426265,False,94623.51686733754,0.0,0.0,14270.287669984076,225.93798872973474,306.1543362464962,76.53858406162405,-5376.483132662455,8737.049605743236,False
2026-07-25 01:39:24.209916,3392.9879126842143,False,94623.51686733754,0.0,0.0,14270.287669984076,225.93798872973474,306.1543362464962,76.53858406162405,-5376.483132662455,8737.049605743236,False
2026-07-25 02:39:24.209916,3386.313762929088,False,94623.51686733754,0.0,0.0,14270.287669984076,225.93798872973474,306.1543362464962,76.53858406162405,-5376.483132662455,8737.049605743236,False
2026-07-25 03:39:24.209916,3403.3006826514224,False,94623.51686733754,0.0,0.0,14270.287669984076,225.93798872973474,306.1543362464962,76.53858406162405,-5376.483132662455,8737.049605743236,False
2026-07-25 04:39:24.209916,3432.0279747980426,False,94623.51686733754,0.0,0.0,14270.287669984076,225.93798872973474,306.1543362464962,76.53858406162405,-5376.483132662455,8737.049605743236,False
2026-07-25 05:39:24.209916,3462.892497718976,False,94623.51686733754,0.0,0.0,14270.287669984076,225.93798872973474,306.1543362464962,76.53858406162405,-5376.483132662455,8737.049605743236,False
2026-07-25 06:39:24.209916,3450.45494664861,False,94623.51686733754,0.0,0.0,14270.287669984076,225.93798872973474,306.1543362464962,76.53858406162405,-5376.483132662455,8737.049605743236,False
2026-07-25 07:39:24.209916,3445.8498309207216,False,94623.51686733754,0.0,0.0,14270.287669984076,225.93798872973474,306.1543362464962,76.53858406162405,-5376.483132662455,8737.049605743236,False
2026-07-25 08:39:24.209916,3408.8820922950545,False,94623.51686733754,0.0,0.0,14270.287669984076,225.93798872973474,306.1543362464962,76.53858406162405,-5376.483132662455,8737.049605743236,False
2026-07-25 09:39:24.209916,3391.336177286469,False,94623.51686733754,0.0,0.0,14270.287669984076,225.93798872973474,306.1543362464962,76.53858406162405,-5376.483132662455,8737.049605743236,False
2026-07-25 10:39:24.209916,3412.3970424556387,False,94623.51686733754,0.0,0.0,14270.287669984076,225.93798872973474,306.1543362464962,76.53858406162405,-5376.483132662455,8737.049605743236,False
2026-07-25 11:39:24.209916,3447.9421151583915,False,94623.51686733754,0.0,0.0,14270.287669984076,225.93798872973474,306.1543362464962,76.53858406162405,-5376.483132662455,8737.049605743236,False
2026-07-25 12:39:24.209916,3420.7859894908424,False,94623.51686733754,0.0,0.0,14270.287669984076,225.93798872973474,306.1543362464962,76.53858406162405,-5376.483132662455,8737.049605743236,False
2026-07-25 13:39:24.209916,3407.8377457211413,False,94623.51686733754,0.0,0.0,14270.287669984076,225.93798872973474,306.1543362464962,76.53858406162405,-5376.483132662455,8737.049605743236,False
2026-07-25 14:39:24.209916,3407.2803740643108,False,94623.51686733754,0.0,0.0,14270.287669984076,225.93798872973474,306.1543362464962,76.53858406162405,-5376.483132662455,8737.049605743236,False
2026-07-25 15:39:24.209916,3413.4248423119498,False,94623.51686733754,0.0,0.0,14270.287669984076,225.93798872973474,306.1543362464962,76.53858406162405,-5376.483132662455,8737.049605743236,False
2026-07-25 16:39:24.209916,3395.774270804957,False,94623.51686733754,0.0,0.0,14270.287669984076,225.93798872973474,306.1543362464962,76.53858406162405,-5376.483132662455,8737.049605743236,False
2026-07-25 17:39:24.209916,3405.037639884956,False,94623.51686733754,0.0,0.0,14270.287669984076,225.93798872973474,306.1543362464962,76.53858406162405,-5376.483132662455,8737.049605743236,False
2026-07-25 18:39:24.209916,3394.729573382901,False,94623.51686733754,0.0,0.0,14270.287669984076,225.93798872973474,306.1543362464962,76.53858406162405,-5376.483132662455,8737.049605743236,False
2026-07-25 19:39:24.209916,3394.4344481662365,False,94623.51686733754,0.0,0.0,14270.287669984076,225.93798872973474,306.1543362464962,76.53858406162405,-5376.483132662455,8737.049605743236,False
2026-07-25 20:39:24.209916,3406.3620868658218,False,94623.51686733754,0.0,0.0,14270.287669984076,225.93798872973474,306.1543362464962,76.53858406162405,-5376.483132662455,8737.049605743236,False
2026-07-25 21:39:24.209916,3406.5217754626856,False,94623.51686733754,0.0,0.0,14270.287669984076,225.93798872973474,306.1543362464962,76.53858406162405,-5376.483132662455,8737.049605743236,False
2026-07-25 22:39:24.209916,3397.0247417842465,False,94623.51686733754,0.0,0.0,14270.287669984076,225.93798872973474,306.1543362464962,76.53858406162405,-5376.483132662455,8737.049605743236,False
2026-07-25 23:39:24.209916,3394.657984145983,False,94623.51686733754,0.0,0.0,14270.287669984076,225.93798872973474,306.1543362464962,76.53858406162405,-5376.483132662455,8737.049605743236,False
2026-07-26 00:39:24.209916,3392.7549548105685,False,94623.51686733754,0.0,0.0,14270.287669984076,225.93798872973474,306.1543362464962,76.53858406162405,-5376.483132662455,8737.049605743236,False
2026-07-26 01:39:24.209916,3384.736211305445,False,94623.51686733754,0.0,0.0,14270.287669984076,225.93798872973474,306.1543362464962,76.53858406162405,-5376.483132662455,8737.049605743236,False
2026-07-26 02:39:24.209916,3379.1447413020132,False,94623.51686733754,0.0,0.0,14270.287669984076,225.93798872973474,306.1543362464962,76.53858406162405,-5376.483132662455,8737.049605743236,False
2026-07-26 03:39:24.209916,3413.972775253256,False,94623.51686733754,0.0,0.0,14270.287669984076,225.93798872973474,306.1543362464962,76.53858406162405,-5376.483132662455,8737.049605743236,False
2026-07-26 04:39:24.209916,3426.2905106032385,False,94623.51686733754,0.0,0.0,14270.287669984076,225.93798872973474,306.1543362464962,76.53858406162405,-5376.483132662455,8737.049605743236,False
2026-07-26 05:39:24.209916,3419.8260648124938,False,94623.51686733754,0.0,0.0,14270.287669984076,225.93798872973474,306.1543362464962,76.53858406162405,-5376.483132662455,8737.049605743236,False
2026-07-26 06:39:24.209916,3435.1593013482698,False,94623.51686733754,0.0,0.0,14270.287669984076,225.93798872973474,306.1543362464962,76.53858406162405,-5376.483132662455,8737.049605743236,False
2026-07-26 07:39:24.209916,3427.83553464301,False,94623.51686733754,0.0,0.0,14270.287669984076,225.93798872973474,306.1543362464962,76.53858406162405,-5376.483132662455,8737.049605743236,False
2026-07-26 08:39:24.209916,3453.7312627880433,False,94623.51686733754,0.0,0.0,14270.287669984076,225.93798872973474,306.1543362464962,76.53858406162405,-5376.483132662455,8737.049605743236,False
2026-07-26 09:39:24.209916,3461.9447958537194,False,94623.51686733754,0.0,0.0,14270.287669984076,225.93798872973474,306.1543362464962,76.53858406162405,-5376.483132662455,8737.049605743236,False
2026-07-26 10:39:24.209916,3459.5839864339187,False,94623.51686733754,0.0,0.0,14270.287669984076,225.93798872973474,306.1543362464962,76.53858406162405,-5376.483132662455,8737.049605743236,False
2026-07-26 11:39:24.209916,3469.547534764583,False,94623.51686733754,0.0,0.0,14270.287669984076,225.93798872973474,306.1543362464962,76.53858406162405,-5376.483132662455,8737.049605743236,False
2026-07-26 12:39:24.209916,3434.8031919259056,False,94623.51686733754,0.0,0.0,14270.287669984076,225.93798872973474,306.1543362464962,76.53858406162405,-5376.483132662455,8737.049605743236,False
2026-07-26 13:39:24.209916,3410.1015561539434,False,94623.51686733754,0.0,0.0,14270.287669984076,225.93798872973474,306.1543362464962,76.53858406162405,-5376.483132662455,8737.049605743236,False
2026-07-26 14:39:24.209916,3384.1203167301082,False,94623.51686733754,0.0,0.0,14270.287669984076,225.93798872973474,306.1543362464962,76.53858406162405,-5376.483132662455,8737.049605743236,False
2026-07-26 15:39:24.209916,3387.2421172545405,False,94623.51686733754,0.0,0.0,14270.287669984076,225.93798872973474,306.1543362464962,76.53858406162405,-5376.483132662455,8737.049605743236,False
2026-07-26 16:39:24.209916,3425.0916731115935,False,94623.51686733754,0.0,0.0,14270.287669984076,225.93798872973474,306.1543362464962,76.53858406162405,-5376.483132662455,8737.049605743236,False
2026-07-26 17:39:24.209916,3474.456051325662,False,94623.51686733754,0.0,0.0,14270.287669984076,225.93798872973474,306.1543362464962,76.53858406162405,-5376.483132662455,8737.049605743236,False
2026-07-26 18:39:24.209916,3488.7166195775367,False,94623.51686733754,0.0,0.0,14270.287669984076,225.93798872973474,306.1543362464962,76.53858406162405,-5376.483132662455,8737.049605743236,False
2026-07-26 19:39:24.209916,3499.9558810043527,False,94623.51686733754,0.0,0.0,14270.287669984076,225.93798872973474,306.1543362464962,76.53858406162405,-5376.483132662455,8737.049605743236,False
2026-07-26 20:39:24.209916,3459.797966801213,False,94623.51686733754,0.0,0.0,14270.287669984076,225.93798872973474,306.1543362464962,76.53858406162405,-5376.483132662455,8737.049605743236,False
2026-07-26 21:39:24.209916,3447.8023746385948,False,94623.51686733754,0.0,0.0,14270.287669984076,225.93798872973474,306.1543362464962,76.53858406162405,-5376.483132662455,8737.049605743236,False
2026-07-26 22:39:24.209916,3430.453850781504,False,94623.51686733754,0.0,0.0,14270.287669984076,225.93798872973474,306.1543362464962,76.53858406162405,-5376.483132662455,8737.049605743236,False
2026-07-26 23:39:24.209916,3416.847245420718,False,94623.51686733754,0.0,0.0,14270.287669984076,225.93798872973474,306.1543362464962,76.53858406162405,-5376.483132662455,8737.049605743236,False
2026-07-27 00:39:24.209916,3413.1856778021593,False,94623.51686733754,0.0,0.0,14270.287669984076,225.93798872973474,306.1543362464962,76.53858406162405,-5376.483132662455,8737.049605743236,False
2026-07-27 01:39:24.209916,3402.8910932443196,False,94623.51686733754,0.0,0.0,14270.287669984076,225.93798872973474,306.1543362464962,76.53858406162405,-5376.483132662455,8737.049605743236,False
2026-07-27 02:39:24.209916,3360.0054134087027,False,94623.51686733754,0.0,0.0,14270.287669984076,225.93798872973474,306.1543362464962,76.53858406162405,-5376.483132662455,8737.049605743236,False
2026-07-27 03:39:24.209916,3376.173109998632,False,94623.51686733754,0.0,0.0,14270.287669984076,225.93798872973474,306.1543362464962,76.53858406162405,-5376.483132662455,8737.049605743236,False
2026-07-27 04:39:24.209916,3353.0541772435486,False,94623.51686733754,0.0,0.0,14270.287669984076,225.93798872973474,306.1543362464962,76.53858406162405,-5376.483132662455,8737.049605743236,False
2026-07-27 05:39:24.209916,3358.2199296039894,False,94623.51686733754,0.0,0.0,14270.287669984076,225.93798872973474,306.1543362464962,76.53858406162405,-5376.483132662455,8737.049605743236,False
2026-07-27 06:39:24.209916,3403.1888486089724,False,94623.51686733754,0.0,0.0,14270.287669984076,225.93798872973474,306.1543362464962,76.53858406162405,-5376.483132662455,8737.049605743236,False
2026-07-27 07:39:24.209916,3383.2093897940363,False,94623.51686733754,0.0,0.0,14270.287669984076,225.93798872973474,306.1543362464962,76.53858406162405,-5376.483132662455,8737.049605743236,False
2026-07-27 08:39:24.209916,3328.7931131272594,False,94623.51686733754,0.0,0.0,14270.287669984076,225.93798872973474,306.1543362464962,76.53858406162405,-5376.483132662455,8737.049605743236,False
2026-07-27 09:39:24.209916,3322.7144580630843,False,94623.51686733754,0.0,0.0,14270.287669984076,225.93798872973474,306.1543362464962,76.53858406162405,-5376.483132662455,8737.049605743236,False
2026-07-27 10:39:24.209916,3346.267631054245,False,94623.51686733754,0.0,0.0,14270.287669984076,225.93798872973474,306.1543362464962,76.53858406162405,-5376.483132662455,8737.049605743236,False
2026-07-27 11:39:24.209916,3388.5614817490105,False,94623.51686733754,0.0,0.0,14270.287669984076,225.93798872973474,306.1543362464962,76.53858406162405,-5376.483132662455,8737.049605743236,False
2026-07-27 12:39:24.209916,3361.9764741843255,False,94623.51686733754,0.0,0.0,14270.287669984076,225.93798872973474,306.1543362464962,76.53858406162405,-5376.483132662455,8737.049605743236,False
2026-07-27 13:39:24.209916,3372.7178027391174,False,94623.51686733754,0.0,0.0,14270.287669984076,225.93798872973474,306.1543362464962,76.53858406162405,-5376.483132662455,8737.049605743236,False
2026-07-27 14:39:24.209916,3362.6914294123158,False,94623.51686733754,0.0,0.0,14270.287669984076,225.93798872973474,306.1543362464962,76.53858406162405,-5376.483132662455,8737.049605743236,False
2026-07-27 15:39:24.209916,3360.427467724007,False,94623.51686733754,0.0,0.0,14270.287669984076,225.93798872973474,306.1543362464962,76.53858406162405,-5376.483132662455,8737.049605743236,False
2026-07-27 16:39:24.209916,3417.898005572521,False,94623.51686733754,0.0,0.0,14270.287669984076,225.93798872973474,306.1543362464962,76.53858406162405,-5376.483132662455,8737.049605743236,False
2026-07-27 17:39:24.209916,3385.1441776088077,False,94623.51686733754,0.0,0.0,14270.287669984076,225.93798872973474,306.1543362464962,76.53858406162405,-5376.483132662455,8737.049605743236,False
2026-07-27 18:39:24.209916,3390.6743730917688,False,94623.51686733754,0.0,0.0,14270.287669984076,225.93798872973474,306.1543362464962,76.53858406162405,-5376.483132662455,8737.049605743236,False
2026-07-27 19:39:24.209916,3400.8749505391606,False,94623.51686733754,0.0,0.0,14270.287669984076,225.93798872973474,306.1543362464962,76.53858406162405,-5376.483132662455,8737.049605743236,False
2026-07-27 20:39:24.209916,3424.6490345212187,False,94623.51686733754,0.0,0.0,14270.287669984076,225.93798872973474,306.1543362464962,76.53858406162405,-5376.483132662455,8737.049605743236,False
2026-07-27 21:39:24.209916,3426.820399796833,False,94623.51686733754,0.0,0.0,14270.287669984076,225.93798872973474,306.1543362464962,76.53858406162405,-5376.483132662455,8737.049605743236,False
2026-07-27 22:39:24.209916,3433.6139389307477,False,94623.51686733754,0.0,0.0,14270.287669984076,225.93798872973474,306.1543362464962,76.53858406162405,-5376.483132662455,8737.049605743236,False
2026-07-27 23:39:24.209916,3425.0235084598303,False,94623.51686733754,0.0,0.0,14270.287669984076,225.93798872973474,306.1543362464962,76.53858406162405,-5376.483132662455,8737.049605743236,False
2026-07-28 00:39:24.209916,3430.9572726111255,False,94623.51686733754,0.0,0.0,14270.287669984076,225.93798872973474,306.1543362464962,76.53858406162405,-5376.483132662455,8737.049605743236,False
2026-07-28 01:39:24.209916,3423.4367603996607,False,94623.51686733754,0.0,0.0,14270.287669984076,225.93798872973474,306.1543362464962,76.53858406162405,-5376.483132662455,8737.049605743236,False
2026-07-28 02:39:24.209916,3437.1248018218616,False,94623.51686733754,0.0,0.0,14270.287669984076,225.93798872973474,306.1543362464962,76.53858406162405,-5376.483132662455,8737.049605743236,False
2026-07-28 03:39:24.209916,3429.0099986684386,False,94623.51686733754,0.0,0.0,14270.287669984076,225.93798872973474,306.1543362464962,76.53858406162405,-5376.483132662455,8737.049605743236,False
2026-07-28 04:39:24.209916,3437.329080849911,False,94623.51686733754,0.0,0.0,14270.287669984076,225.93798872973474,306.1543362464962,76.53858406162405,-5376.483132662455,8737.049605743236,False
2026-07-28 05:39:24.209916,3436.703940290614,False,94623.51686733754,0.0,0.0,14270.287669984076,225.93798872973474,306.1543362464962,76.53858406162405,-5376.483132662455,8737.049605743236,False
2026-07-28 06:39:24.209916,3461.6218751326614,False,94623.51686733754,0.0,0.0,14270.287669984076,225.93798872973474,306.1543362464962,76.53858406162405,-5376.483132662455,8737.049605743236,False
2026-07-28 07:39:24.209916,3460.501331407901,False,94623.51686733754,0.0,0.0,14270.287669984076,225.93798872973474,306.1543362464962,76.53858406162405,-5376.483132662455,8737.049605743236,False
2026-07-28 08:39:24.209916,3421.410744138435,False,94623.51686733754,0.0,0.0,14270.287669984076,225.93798872973474,306.1543362464962,76.53858406162405,-5376.483132662455,8737.049605743236,False
2026-07-28 09:39:24.209916,3449.220818041236,False,94623.51686733754,0.0,0.0,14270.287669984076,225.93798872973474,306.1543362464962,76.53858406162405,-5376.483132662455,8737.049605743236,False
2026-07-28 10:39:24.209916,3429.2712293997442,False,94623.51686733754,0.0,0.0,14270.287669984076,225.93798872973474,306.1543362464962,76.53858406162405,-5376.483132662455,8737.049605743236,False
2026-07-28 11:39:24.209916,3414.9485851366453,False,94623.51686733754,0.0,0.0,14270.287669984076,225.93798872973474,306.1543362464962,76.53858406162405,-5376.483132662455,8737.049605743236,False
2026-07-28 12:39:24.209916,3401.9527133943443,False,94623.51686733754,0.0,0.0,14270.287669984076,225.93798872973474,306.1543362464962,76.53858406162405,-5376.483132662455,8737.049605743236,False
2026-07-28 13:39:24.209916,3432.0792928698393,False,94623.51686733754,0.0,0.0,14270.287669984076,225.93798872973474,306.1543362464962,76.53858406162405,-5376.483132662455,8737.049605743236,False
2026-07-28 14:39:24.209916,3385.430319381211,False,94623.51686733754,0.0,0.0,14270.287669984076,225.93798872973474,306.1543362464962,76.53858406162405,-5376.483132662455,8737.049605743236,False
2026-07-28 15:39:24.209916,3454.237043856287,False,94623.51686733754,0.0,0.0,14270.287669984076,225.93798872973474,306.1543362464962,76.53858406162405,-5376.483132662455,8737.049605743236,False
2026-07-28 16:39:24.209916,3489.52323008924,False,94623.51686733754,0.0,0.0,14270.287669984076,225.93798872973474,306.1543362464962,76.53858406162405,-5376.483132662455,8737.049605743236,False
2026-07-28 17:39:24.209916,3494.540597625719,False,94623.51686733754,0.0,0.0,14270.287669984076,225.93798872973474,306.1543362464962,76.53858406162405,-5376.483132662455,8737.049605743236,False
2026-07-28 18:39:24.209916,3493.3310105574046,False,94623.51686733754,0.0,0.0,14270.287669984076,225.93798872973474,306.1543362464962,76.53858406162405,-5376.483132662455,8737.049605743236,False
2026-07-28 19:39:24.209916,3499.7516478003704,False,94623.51686733754,0.0,0.0,14270.287669984076,225.93798872973474,306.1543362464962,76.53858406162405,-5376.483132662455,8737.049605743236,False
2026-07-28 20:39:24.209916,3511.482901764102,False,94623.51686733754,0.0,0.0,14270.287669984076,225.93798872973474,306.1543362464962,76.53858406162405,-5376.483132662455,8737.049605743236,False
2026-07-28 21:39:24.209916,3526.0573866464492,False,94623.51686733754,0.0,0.0,14270.287669984076,225.93798872973474,306.1543362464962,76.53858406162405,-5376.483132662455,8737.049605743236,False
2026-07-28 22:39:24.209916,3538.6589550901563,False,94623.51686733754,0.0,0.0,14270.287669984076,225.93798872973474,306.1543362464962,76.53858406162405,-5376.483132662455,8737.049605743236,False
2026-07-28 23:39:24.209916,3540.7118818279973,False,94623.51686733754,0.0,0.0,14270.287669984076,225.93798872973474,306.1543362464962,76.53858406162405,-5376.483132662455,8737.049605743236,False
2026-07-29 00:39:24.209916,3536.2556878243513,False,94623.51686733754,0.0,0.0,14270.287669984076,225.93798872973474,306.1543362464962,76.53858406162405,-5376.483132662455,8737.049605743236,False
2026-07-29 01:39:24.209916,3532.8482177468477,False,94623.51686733754,0.0,0.0,14270.287669984076,225.93798872973474,306.1543362464962,76.53858406162405,-5376.483132662455,8737.049605743236,False
2026-07-29 02:39:24.209916,3528.456888877268,False,94623.51686733754,0.0,0.0,14270.287669984076,225.93798872973474,306.1543362464962,76.53858406162405,-5376.483132662455,8737.049605743236,False
2026-07-29 03:39:24.209916,3554.2159713899937,False,94623.51686733754,0.0,0.0,14270.287669984076,225.93798872973474,306.1543362464962,76.53858406162405,-5376.483132662455,8737.049605743236,False
2026-07-29 04:39:24.209916,3567.7861002937107,False,94623.51686733754,0.0,0.0,14270.287669984076,225.93798872973474,306.1543362464962,76.53858406162405,-5376.483132662455,8737.049605743236,False
2026-07-29 05:39:24.209916,3501.184337310758,False,94623.51686733754,0.0,0.0,14270.287669984076,225.93798872973474,306.1543362464962,76.53858406162405,-5376.483132662455,8737.049605743236,False
2026-07-29 06:39:24.209916,3515.9569075335703,False,94623.51686733754,0.0,0.0,14270.287669984076,225.93798872973474,306.1543362464962,76.53858406162405,-5376.483132662455,8737.049605743236,False
2026-07-29 07:39:24.209916,3520.368982690061,False,94623.51686733754,0.0,0.0,14270.287669984076,225.93798872973474,306.1543362464962,76.53858406162405,-5376.483132662455,8737.049605743236,False
2026-07-29 08:39:24.209916,3519.9668854021784,False,94623.51686733754,0.0,0.0,14270.287669984076,225.93798872973474,306.1543362464962,76.53858406162405,-5376.483132662455,8737.049605743236,False
2026-07-29 09:39:24.209916,3511.2308671427522,False,94623.51686733754,0.0,0.0,14270.287669984076,225.93798872973474,306.1543362464962,76.53858406162405,-5376.483132662455,8737.049605743236,False
2026-07-29 10:39:24.209916,3536.645233858793,False,94623.51686733754,0.0,0.0,14270.287669984076,225.93798872973474,306.1543362464962,76.53858406162405,-5376.483132662455,8737.049605743236,False
2026-07-29 11:39:24.209916,3558.2132824150217,False,94623.51686733754,0.0,0.0,14270.287669984076,225.93798872973474,306.1543362464962,76.53858406162405,-5376.483132662455,8737.049605743236,False
2026-07-29 12:39:24.209916,3540.647514745901,False,94623.51686733754,0.0,0.0,14270.287669984076,225.93798872973474,306.1543362464962,76.53858406162405,-5376.483132662455,8737.049605743236,False
2026-07-29 13:39:24.209916,3549.9189933644047,False,94623.51686733754,0.0,0.0,14270.287669984076,225.93798872973474,306.1543362464962,76.53858406162405,-5376.483132662455,8737.049605743236,False
2026-07-29 14:39:24.209916,3527.895727906405,False,94623.51686733754,0.0,0.0,14270.287669984076,225.93798872973474,306.1543362464962,76.53858406162405,-5376.483132662455,8737.049605743236,False
2026-07-29 15:39:24.209916,3496.8518738859398,False,94623.51686733754,0.0,0.0,14270.287669984076,225.93798872973474,306.1543362464962,76.53858406162405,-5376.483132662455,8737.049605743236,False
2026-07-29 16:39:24.209916,3482.850851646539,False,94623.51686733754,0.0,0.0,14270.287669984076,225.93798872973474,306.1543362464962,76.53858406162405,-5376.483132662455,8737.049605743236,False
2026-07-29 17:39:24.209916,3502.1789874101955,False,94623.51686733754,0.0,0.0,14270.287669984076,225.93798872973474,306.1543362464962,76.53858406162405,-5376.483132662455,8737.049605743236,False
2026-07-29 18:39:24.209916,3523.663308476533,False,94623.51686733754,0.0,0.0,14270.287669984076,225.93798872973474,306.1543362464962,76.53858406162405,-5376.483132662455,8737.049605743236,False
2026-07-29 19:39:24.209916,3535.292564504175,False,94623.51686733754,0.0,0.0,14270.287669984076,225.93798872973474,306.1543362464962,76.53858406162405,-5376.483132662455,8737.049605743236,False
2026-07-29 20:39:24.209916,3551.784206176753,False,94623.51686733754,0.0,0.0,14270.287669984076,225.93798872973474,306.1543362464962,76.53858406162405,-5376.483132662455,8737.049605743236,False
2026-07-29 21:39:24.209916,3563.5769253796047,False,94623.51686733754,0.0,0.0,14270.287669984076,225.93798872973474,306.1543362464962,76.53858406162405,-5376.483132662455,8737.049605743236,False
2026-07-29 22:39:24.209916,3548.9728219840745,False,94623.51686733754,0.0,0.0,14270.287669984076,225.93798872973474,306.1543362464962,76.53858406162405,-5376.483132662455,8737.049605743236,False
2026-07-29 23:39:24.209916,3558.833453022644,False,94623.51686733754,0.0,0.0,14270.287669984076,225.93798872973474,306.1543362464962,76.53858406162405,-5376.483132662455,8737.049605743236,False
2026-07-30 00:39:24.209916,3577.161570796147,False,94623.51686733754,0.0,0.0,14270.287669984076,225.93798872973474,306.1543362464962,76.53858406162405,-5376.483132662455,8737.049605743236,False
2026-07-30 01:39:24.209916,3594.521217330914,False,94623.51686733754,0.0,0.0,14270.287669984076,225.93798872973474,306.1543362464962,76.53858406162405,-5376.483132662455,8737.049605743236,False
2026-07-30 02:39:24.209916,3622.042767373327,False,94623.51686733754,0.0,0.0,14270.287669984076,225.93798872973474,306.1543362464962,76.53858406162405,-5376.483132662455,8737.049605743236,False
2026-07-30 03:39:24.209916,3638.5473884116,False,94623.51686733754,0.0,0.0,14270.287669984076,225.93798872973474,306.1543362464962,76.53858406162405,-5376.483132662455,8737.049605743236,False
2026-07-30 04:39:24.209916,3646.7750796139644,False,94623.51686733754,0.0,0.0,14270.287669984076,225.93798872973474,306.1543362464962,76.53858406162405,-5376.483132662455,8737.049605743236,False
2026-07-30 05:39:24.209916,3671.9000697794277,False,94623.51686733754,0.0,0.0,14270.287669984076,225.93798872973474,306.1543362464962,76.53858406162405,-5376.483132662455,8737.049605743236,False
2026-07-30 06:39:24.209916,3671.2967908202572,False,94623.51686733754,0.0,0.0,14270.287669984076,225.93798872973474,306.1543362464962,76.53858406162405,-5376.483132662455,8737.049605743236,False
2026-07-30 07:39:24.209916,3650.621050820041,False,94623.51686733754,0.0,0.0,14270.287669984076,225.93798872973474,306.1543362464962,76.53858406162405,-5376.483132662455,8737.049605743236,False
2026-07-30 08:39:24.209916,3646.8276528330525,False,94623.51686733754,0.0,0.0,14270.287669984076,225.93798872973474,306.1543362464962,76.53858406162405,-5376.483132662455,8737.049605743236,False
2026-07-30 09:39:24.209916,3629.475264659694,False,94623.51686733754,0.0,0.0,14270.287669984076,225.93798872973474,306.1543362464962,76.53858406162405,-5376.483132662455,8737.049605743236,False
2026-07-30 10:39:24.209916,3613.8203713784283,False,94623.51686733754,0.0,0.0,14270.287669984076,225.93798872973474,306.1543362464962,76.53858406162405,-5376.483132662455,8737.049605743236,False
2026-07-30 11:39:24.209916,3610.4944966807125,False,94623.51686733754,0.0,0.0,14270.287669984076,225.93798872973474,306.1543362464962,76.53858406162405,-5376.483132662455,8737.049605743236,False
2026-07-30 12:39:24.209916,3592.220579893334,False,94623.51686733754,0.0,0.0,14270.287669984076,225.93798872973474,306.1543362464962,76.53858406162405,-5376.483132662455,8737.049605743236,False
2026-07-30 13:39:24.209916,3585.156203232068,False,94623.51686733754,0.0,0.0,14270.287669984076,225.93798872973474,306.1543362464962,76.53858406162405,-5376.483132662455,8737.049605743236,False
2026-07-30 14:39:24.209916,3541.9185072131922,False,94623.51686733754,0.0,0.0,14270.287669984076,225.93798872973474,306.1543362464962,76.53858406162405,-5376.483132662455,8737.049605743236,False
2026-07-30 15:39:24.209916,3546.7850787992966,False,94623.51686733754,0.0,0.0,14270.287669984076,225.93798872973474,306.1543362464962,76.53858406162405,-5376.483132662455,8737.049605743236,False
2026-07-30 16:39:24.209916,3546.8327322771247,False,94623.51686733754,0.0,0.0,14270.287669984076,225.93798872973474,306.1543362464962,76.53858406162405,-5376.483132662455,8737.049605743236,False
2026-07-30 17:39:24.209916,3528.3230107734153,False,94623.51686733754,0.0,0.0,14270.287669984076,225.93798872973474,306.1543362464962,76.53858406162405,-5376.483132662455,8737.049605743236,False
2026-07-30 18:39:24.209916,3543.286064503629,False,94623.51686733754,0.0,0.0,14270.287669984076,225.93798872973474,306.1543362464962,76.53858406162405,-5376.483132662455,8737.049605743236,False
2026-07-30 19:39:24.209916,3564.667085799986,False,94623.51686733754,0.0,0.0,14270.287669984076,225.93798872973474,306.1543362464962,76.53858406162405,-5376.483132662455,8737.049605743236,False
2026-07-30 20:39:24.209916,3528.140415415918,False,94623.51686733754,0.0,0.0,14270.287669984076,225.93798872973474,306.1543362464962,76.53858406162405,-5376.483132662455,8737.049605743236,False
2026-07-30 21:39:24.209916,3510.951614955532,False,94623.51686733754,0.0,0.0,14270.287669984076,225.93798872973474,306.1543362464962,76.53858406162405,-5376.483132662455,8737.049605743236,False
2026-07-30 22:39:24.209916,3493.702821124753,False,94623.51686733754,0.0,0.0,14270.287669984076,225.93798872973474,306.1543362464962,76.53858406162405,-5376.483132662455,8737.049605743236,False
2026-07-30 23:39:24.209916,3472.7351522780004,False,94623.51686733754,0.0,0.0,14270.287669984076,225.93798872973474,306.1543362464962,76.53858406162405,-5376.483132662455,8737.049605743236,False
2026-07-31 00:39:24.209916,3491.2703157916385,False,94623.51686733754,0.0,0.0,14270.287669984076,225.93798872973474,306.1543362464962,76.53858406162405,-5376.483132662455,8737.049605743236,False
2026-07-31 01:39:24.209916,3486.954857804284,False,94623.51686733754,0.0,0.0,14270.287669984076,225.93798872973474,306.1543362464962,76.53858406162405,-5376.483132662455,8737.049605743236,False
2026-07-31 02:39:24.209916,3481.0669048487734,False,94623.51686733754,0.0,0.0,14270.287669984076,225.93798872973474,306.1543362464962,76.53858406162405,-5376.483132662455,8737.049605743236,False
2026-07-31 03:39:24.209916,3436.6548158807614,False,94623.51686733754,0.0,0.0,14270.287669984076,225.93798872973474,306.1543362464962,76.53858406162405,-5376.483132662455,8737.049605743236,False
2026-07-31 04:39:24.209916,3450.701985709498,False,94623.51686733754,0.0,0.0,14270.287669984076,225.93798872973474,306.1543362464962,76.53858406162405,-5376.483132662455,8737.049605743236,False
2026-07-31 05:39:24.209916,3423.416376228047,False,94623.51686733754,0.0,0.0,14270.287669984076,225.93798872973474,306.1543362464962,76.53858406162405,-5376.483132662455,8737.049605743236,False
2026-07-31 06:39:24.209916,3424.75146878736,False,94623.51686733754,0.0,0.0,14270.287669984076,225.93798872973474,306.1543362464962,76.53858406162405,-5376.483132662455,8737.049605743236,False
2026-07-31 07:39:24.209916,3430.8662067480027,False,94623.51686733754,0.0,0.0,14270.287669984076,225.93798872973474,306.1543362464962,76.53858406162405,-5376.483132662455,8737.049605743236,False
2026-07-31 08:39:24.209916,3460.9430989123885,False,94623.51686733754,0.0,0.0,14270.287669984076,225.93798872973474,306.1543362464962,76.53858406162405,-5376.483132662455,8737.049605743236,False
2026-07-31 09:39:24.209916,3432.0457006296147,False,94623.51686733754,0.0,0.0,14270.287669984076,225.93798872973474,306.1543362464962,76.53858406162405,-5376.483132662455,8737.049605743236,False
2026-07-31 10:39:24.209916,3366.2699702438044,False,94623.51686733754,0.0,0.0,14270.287669984076,225.93798872973474,306.1543362464962,76.53858406162405,-5376.483132662455,8737.049605743236,False
2026-07-31 11:39:24.209916,3372.2552702861162,False,94623.51686733754,0.0,0.0,14270.287669984076,225.93798872973474,306.1543362464962,76.53858406162405,-5376.483132662455,8737.049605743236,False
2026-07-31 12:39:24.209916,3411.4240657848486,False,94623.51686733754,0.0,0.0,14270.287669984076,225.93798872973474,306.1543362464962,76.53858406162405,-5376.483132662455,8737.049605743236,False
2026-07-31 13:39:24.209916,3438.6464683247295,False,94623.51686733754,0.0,0.0,14270.287669984076,225.93798872973474,306.1543362464962,76.53858406162405,-5376.483132662455,8737.049605743236,False
2026-07-31 14:39:24.209916,3443.2909220443266,False,94623.51686733754,0.0,0.0,14270.287669984076,225.93798872973474,306.1543362464962,76.53858406162405,-5376.483132662455,8737.049605743236,False
2026-07-31 15:39:24.209916,3432.475422943979,False,94623.51686733754,0.0,0.0,14270.287669984076,225.93798872973474,306.1543362464962,76.53858406162405,-5376.483132662455,8737.049605743236,False
2026-07-31 16:39:24.209916,3450.3012724681334,False,94623.51686733754,0.0,0.0,14270.287669984076,225.93798872973474,306.1543362464962,76.53858406162405,-5376.483132662455,8737.049605743236,False
2026-07-31 17:39:24.209916,3428.85449056604,False,94623.51686733754,0.0,0.0,14270.287669984076,225.93798872973474,306.1543362464962,76.53858406162405,-5376.483132662455,8737.049605743236,False
2026-07-31 18:39:24.209916,3439.3609650504295,False,94623.51686733754,0.0,0.0,14270.287669984076,225.93798872973474,306.1543362464962,76.53858406162405,-5376.483132662455,8737.049605743236,False
2026-07-31 19:39:24.209916,3450.543541123094,False,94623.51686733754,0.0,0.0,14270.287669984076,225.93798872973474,306.1543362464962,76.53858406162405,-5376.483132662455,8737.049605743236,False
2026-07-31 20:39:24.209916,3474.095176641077,False,94623.51686733754,0.0,0.0,14270.287669984076,225.93798872973474,306.1543362464962,76.53858406162405,-5376.483132662455,8737.049605743236,False
2026-07-31 21:39:24.209916,3536.1227898250722,False,94623.51686733754,0.0,0.0,14270.287669984076,225.93798872973474,306.1543362464962,76.53858406162405,-5376.483132662455,8737.049605743236,False
2026-07-31 22:39:24.209916,3545.049780588129,False,94623.51686733754,0.0,0.0,14270.287669984076,225.93798872973474,306.1543362464962,76.53858406162405,-5376.483132662455,8737.049605743236,False
2026-07-31 23:39:24.209916,3533.5221299098835,False,94623.51686733754,0.0,0.0,14270.287669984076,225.93798872973474,306.1543362464962,76.53858406162405,-5376.483132662455,8737.049605743236,False
2026-08-01 00:39:24.209916,3532.9630327186105,False,94623.51686733754,0.0,0.0,14270.287669984076,225.93798872973474,306.1543362464962,76.53858406162405,-5376.483132662455,8737.049605743236,False
2026-08-01 01:39:24.209916,3493.1425009240993,False,94623.51686733754,0.0,0.0,14270.287669984076,225.93798872973474,306.1543362464962,76.53858406162405,-5376.483132662455,8737.049605743236,False
2026-08-01 02:39:24.209916,3477.640113977593,False,94623.51686733754,0.0,0.0,14270.287669984076,225.93798872973474,306.1543362464962,76.53858406162405,-5376.483132662455,8737.049605743236,False
2026-08-01 03:39:24.209916,3468.5474160290687,False,94623.51686733754,0.0,0.0,14270.287669984076,225.93798872973474,306.1543362464962,76.53858406162405,-5376.483132662455,8737.049605743236,False
2026-08-01 04:39:24.209916,3456.9333356894267,False,94623.51686733754,0.0,0.0,14270.287669984076,225.93798872973474,306.1543362464962,76.53858406162405,-5376.483132662455,8737.049605743236,False
2026-08-01 05:39:24.209916,3460.331078646672,False,94623.51686733754,0.0,0.0,14270.287669984076,225.93798872973474,306.1543362464962,76.53858406162405,-5376.483132662455,8737.049605743236,False
2026-08-01 06:39:24.209916,3442.15513590638,False,94623.51686733754,0.0,0.0,14270.287669984076,225.93798872973474,306.1543362464962,76.53858406162405,-5376.483132662455,8737.049605743236,False
2026-08-01 07:39:24.209916,3467.0010298562343,False,94623.51686733754,0.0,0.0,14270.287669984076,225.93798872973474,306.1543362464962,76.53858406162405,-5376.483132662455,8737.049605743236,False
2026-08-01 08:39:24.209916,3467.0254208992865,False,94623.51686733754,0.0,0.0,14270.287669984076,225.93798872973474,306.1543362464962,76.53858406162405,-5376.483132662455,8737.049605743236,False
2026-08-01 09:39:24.209916,3466.8385083791723,False,94623.51686733754,0.0,0.0,14270.287669984076,225.93798872973474,306.1543362464962,76.53858406162405,-5376.483132662455,8737.049605743236,False
2026-08-01 10:39:24.209916,3459.578598670979,False,94623.51686733754,0.0,0.0,14270.287669984076,225.93798872973474,306.1543362464962,76.53858406162405,-5376.483132662455,8737.049605743236,False
2026-08-01 11:39:24.209916,3463.0418966239986,False,94623.51686733754,0.0,0.0,14270.287669984076,225.93798872973474,306.1543362464962,76.53858406162405,-5376.483132662455,8737.049605743236,False
2026-08-01 12:39:24.209916,3481.427645836185,False,94623.51686733754,0.0,0.0,14270.287669984076,225.93798872973474,306.1543362464962,76.53858406162405,-5376.483132662455,8737.049605743236,False
2026-08-01 13:39:24.209916,3462.148426503872,False,94623.51686733754,0.0,0.0,14270.287669984076,225.93798872973474,306.1543362464962,76.53858406162405,-5376.483132662455,8737.049605743236,False
2026-08-01 14:39:24.209916,3447.592323099625,False,94623.51686733754,0.0,0.0,14270.287669984076,225.93798872973474,306.1543362464962,76.53858406162405,-5376.483132662455,8737.049605743236,False
2026-08-01 15:39:24.209916,3440.9057956404968,False,94623.51686733754,0.0,0.0,14270.287669984076,225.93798872973474,306.1543362464962,76.53858406162405,-5376.483132662455,8737.049605743236,False
2026-08-01 16:39:24.209916,3411.3653489284893,False,94623.51686733754,0.0,0.0,14270.287669984076,225.93798872973474,306.1543362464962,76.53858406162405,-5376.483132662455,8737.049605743236,False
2026-08-01 17:39:24.209916,3393.5153951184648,False,94623.51686733754,0.0,0.0,14270.287669984076,225.93798872973474,306.1543362464962,76.53858406162405,-5376.483132662455,8737.049605743236,False
2026-08-01 18:39:24.209916,3383.190558222434,False,94623.51686733754,0.0,0.0,14270.287669984076,225.93798872973474,306.1543362464962,76.53858406162405,-5376.483132662455,8737.049605743236,False
2026-08-01 19:39:24.209916,3402.227248080984,False,94623.51686733754,0.0,0.0,14270.287669984076,225.93798872973474,306.1543362464962,76.53858406162405,-5376.483132662455,8737.049605743236,False
2026-08-01 20:39:24.209916,3407.9780749738475,False,94623.51686733754,0.0,0.0,14270.287669984076,225.93798872973474,306.1543362464962,76.53858406162405,-5376.483132662455,8737.049605743236,False
2026-08-01 21:39:24.209916,3412.2295761116848,False,94623.51686733754,0.0,0.0,14270.287669984076,225.93798872973474,306.1543362464962,76.53858406162405,-5376.483132662455,8737.049605743236,False
2026-08-01 22:39:24.209916,3430.9129537019353,False,94623.51686733754,0.0,0.0,14270.287669984076,225.93798872973474,306.1543362464962,76.53858406162405,-5376.483132662455,8737.049605743236,False
2026-08-01 23:39:24.209916,3427.912461692063,False,94623.51686733754,0.0,0.0,14270.287669984076,225.93798872973474,306.1543362464962,76.53858406162405,-5376.483132662455,8737.049605743236,False
2026-08-02 00:39:24.209916,3436.5232902121024,False,94623.51686733754,0.0,0.0,14270.287669984076,225.93798872973474,306.1543362464962,76.53858406162405,-5376.483132662455,8737.049605743236,False
2026-08-02 01:39:24.209916,3434.269648235675,False,94623.51686733754,0.0,0.0,14270.287669984076,225.93798872973474,306.1543362464962,76.53858406162405,-5376.483132662455,8737.049605743236,False
2026-08-02 02:39:24.209916,3440.136408164689,False,94623.51686733754,0.0,0.0,14270.287669984076,225.93798872973474,306.1543362464962,76.53858406162405,-5376.483132662455,8737.049605743236,False
2026-08-02 03:39:24.209916,3427.328157466045,False,94623.51686733754,0.0,0.0,14270.287669984076,225.93798872973474,306.1543362464962,76.53858406162405,-5376.483132662455,8737.049605743236,False
2026-08-02 04:39:24.209916,3374.180238845471,False,94623.51686733754,0.0,0.0,14270.287669984076,225.93798872973474,306.1543362464962,76.53858406162405,-5376.483132662455,8737.049605743236,False
2026-08-02 05:39:24.209916,3371.296199569902,False,94623.51686733754,0.0,0.0,14270.287669984076,225.93798872973474,306.1543362464962,76.53858406162405,-5376.483132662455,8737.049605743236,False
2026-08-02 06:39:24.209916,3402.204783554591,False,94623.51686733754,0.0,0.0,14270.287669984076,225.93798872973474,306.1543362464962,76.53858406162405,-5376.483132662455,8737.049605743236,False
2026-08-02 07:39:24.209916,3422.485352872369,False,94623.51686733754,0.0,0.0,14270.287669984076,225.93798872973474,306.1543362464962,76.53858406162405,-5376.483132662455,8737.049605743236,False
2026-08-02 08:39:24.209916,3443.751711044769,False,94623.51686733754,0.0,0.0,14270.287669984076,225.93798872973474,306.1543362464962,76.53858406162405,-5376.483132662455,8737.049605743236,False
2026-08-02 09:39:24.209916,3471.169426128624,False,94623.51686733754,0.0,0.0,14270.287669984076,225.93798872973474,306.1543362464962,76.53858406162405,-5376.483132662455,8737.049605743236,False
2026-08-02 10:39:24.209916,3473.1626465741333,False,94623.51686733754,0.0,0.0,14270.287669984076,225.93798872973474,306.1543362464962,76.53858406162405,-5376.483132662455,8737.049605743236,False
2026-08-02 11:39:24.209916,3477.578526030274,False,94623.51686733754,0.0,0.0,14270.287669984076,225.93798872973474,306.1543362464962,76.53858406162405,-5376.483132662455,8737.049605743236,False
2026-08-02 12:39:24.209916,3463.8559658279733,False,94623.51686733754,0.0,0.0,14270.287669984076,225.93798872973474,306.1543362464962,76.53858406162405,-5376.483132662455,8737.049605743236,False
2026-08-02 13:39:24.209916,3456.864271465841,False,94623.51686733754,0.0,0.0,14270.287669984076,225.93798872973474,306.1543362464962,76.53858406162405,-5376.483132662455,8737.049605743236,False
2026-08-02 14:39:24.209916,3470.5569077593595,False,94623.51686733754,0.0,0.0,14270.287669984076,225.93798872973474,306.1543362464962,76.53858406162405,-5376.483132662455,8737.049605743236,False
2026-08-02 15:39:24.209916,3497.4649699698484,False,94623.51686733754,0.0,0.0,14270.287669984076,225.93798872973474,306.1543362464962,76.53858406162405,-5376.483132662455,8737.049605743236,False
2026-08-02 16:39:24.209916,3494.3598043089396,False,94623.51686733754,0.0,0.0,14270.287669984076,225.93798872973474,306.1543362464962,76.53858406162405,-5376.483132662455,8737.049605743236,False
2026-08-02 17:39:24.209916,3484.3095539211727,False,94623.51686733754,0.0,0.0,14270.287669984076,225.93798872973474,306.1543362464962,76.53858406162405,-5376.483132662455,8737.049605743236,False
2026-08-02 18:39:24.209916,3484.3412344517023,False,94623.51686733754,0.0,0.0,14270.287669984076,225.93798872973474,306.1543362464962,76.53858406162405,-5376.483132662455,8737.049605743236,False
2026-08-02 19:39:24.209916,3497.816112319119,False,94623.51686733754,0.0,0.0,14270.287669984076,225.93798872973474,306.1543362464962,76.53858406162405,-5376.483132662455,8737.049605743236,False
2026-08-02 20:39:24.209916,3465.6095271183626,False,94623.51686733754,0.0,0.0,14270.287669984076,225.93798872973474,306.1543362464962,76.53858406162405,-5376.483132662455,8737.049605743236,False
2026-08-02 21:39:24.209916,3414.989162293671,False,94623.51686733754,0.0,0.0,14270.287669984076,225.93798872973474,306.1543362464962,76.53858406162405,-5376.483132662455,8737.049605743236,False
2026-08-02 22:39:24.209916,3402.9773904213,False,94623.51686733754,0.0,0.0,14270.287669984076,225.93798872973474,306.1543362464962,76.53858406162405,-5376.483132662455,8737.049605743236,False
2026-08-02 23:39:24.209916,3376.4705597486504,False,94623.51686733754,0.0,0.0,14270.287669984076,225.93798872973474,306.1543362464962,76.53858406162405,-5376.483132662455,8737.049605743236,False
2026-08-03 00:39:24.209916,3365.508853596651,False,94623.51686733754,0.0,0.0,14270.287669984076,225.93798872973474,306.1543362464962,76.53858406162405,-5376.483132662455,8737.049605743236,False
2026-08-03 01:39:24.209916,3362.3412007788106,False,94623.51686733754,0.0,0.0,14270.287669984076,225.93798872973474,306.1543362464962,76.53858406162405,-5376.483132662455,8737.049605743236,False
2026-08-03 02:39:24.209916,3352.604905222675,False,94623.51686733754,0.0,0.0,14270.287669984076,225.93798872973474,306.1543362464962,76.53858406162405,-5376.483132662455,8737.049605743236,False
2026-08-03 03:39:24.209916,3383.9867781520193,False,94623.51686733754,0.0,0.0,14270.287669984076,225.93798872973474,306.1543362464962,76.53858406162405,-5376.483132662455,8737.049605743236,False
2026-08-03 04:39:24.209916,3391.101771122777,False,94623.51686733754,0.0,0.0,14270.287669984076,225.93798872973474,306.1543362464962,76.53858406162405,-5376.483132662455,8737.049605743236,False
2026-08-03 05:39:24.209916,3397.6594782043685,False,94623.51686733754,0.0,0.0,14270.287669984076,225.93798872973474,306.1543362464962,76.53858406162405,-5376.483132662455,8737.049605743236,False
2026-08-03 06:39:24.209916,3411.2583453211123,False,94623.51686733754,0.0,0.0,14270.287669984076,225.93798872973474,306.1543362464962,76.53858406162405,-5376.483132662455,8737.049605743236,False
2026-08-03 07:39:24.209916,3386.464087185854,False,94623.51686733754,0.0,0.0,14270.287669984076,225.93798872973474,306.1543362464962,76.53858406162405,-5376.483132662455,8737.049605743236,False
2026-08-03 08:39:24.209916,3409.117228986726,False,94623.51686733754,0.0,0.0,14270.287669984076,225.93798872973474,306.1543362464962,76.53858406162405,-5376.483132662455,8737.049605743236,False
2026-08-03 09:39:24.209916,3407.4812884817047,False,94623.51686733754,0.0,0.0,14270.287669984076,225.93798872973474,306.1543362464962,76.53858406162405,-5376.483132662455,8737.049605743236,False
2026-08-03 10:39:24.209916,3422.178337946711,False,94623.51686733754,0.0,0.0,14270.287669984076,225.93798872973474,306.1543362464962,76.53858406162405,-5376.483132662455,8737.049605743236,False
2026-08-03 11:39:24.209916,3398.7636761102153,False,94623.51686733754,0.0,0.0,14270.287669984076,225.93798872973474,306.1543362464962,76.53858406162405,-5376.483132662455,8737.049605743236,False
2026-08-03 12:39:24.209916,3365.0974102829214,False,94623.51686733754,0.0,0.0,14270.287669984076,225.93798872973474,306.1543362464962,76.53858406162405,-5376.483132662455,8737.049605743236,False
2026-08-03 13:39:24.209916,3382.8068308579304,False,94623.51686733754,0.0,0.0,14270.287669984076,225.93798872973474,306.1543362464962,76.53858406162405,-5376.483132662455,8737.049605743236,False
2026-08-03 14:39:24.209916,3390.998801690874,False,94623.51686733754,0.0,0.0,14270.287669984076,225.93798872973474,306.1543362464962,76.53858406162405,-5376.483132662455,8737.049605743236,False
2026-08-03 15:39:24.209916,3371.465508859431,False,94623.51686733754,0.0,0.0,14270.287669984076,225.93798872973474,306.1543362464962,76.53858406162405,-5376.483132662455,8737.049605743236,False
2026-08-03 16:39:24.209916,3352.740790973608,False,94623.51686733754,0.0,0.0,14270.287669984076,225.93798872973474,306.1543362464962,76.53858406162405,-5376.483132662455,8737.049605743236,False
2026-08-03 17:39:24.209916,3377.03662407335,False,94623.51686733754,0.0,0.0,14270.287669984076,225.93798872973474,306.1543362464962,76.53858406162405,-5376.483132662455,8737.049605743236,False
2026-08-03 18:39:24.209916,3351.404263977911,False,94623.51686733754,0.0,0.0,14270.287669984076,225.93798872973474,306.1543362464962,76.53858406162405,-5376.483132662455,8737.049605743236,False
2026-08-03 19:39:24.209916,3386.90214083866,False,94623.51686733754,0.0,0.0,14270.287669984076,225.93798872973474,306.1543362464962,76.53858406162405,-5376.483132662455,8737.049605743236,False
2026-08-03 20:39:24.209916,3367.423333442817,False,94623.51686733754,0.0,0.0,14270.287669984076,225.93798872973474,306.1543362464962,76.53858406162405,-5376.483132662455,8737.049605743236,False
2026-08-03 21:39:24.209916,3381.251983929269,False,94623.51686733754,0.0,0.0,14270.287669984076,225.93798872973474,306.1543362464962,76.53858406162405,-5376.483132662455,8737.049605743236,False
2026-08-03 22:39:24.209916,3374.155645811221,False,94623.51686733754,0.0,0.0,14270.287669984076,225.93798872973474,306.1543362464962,76.53858406162405,-5376.483132662455,8737.049605743236,False
2026-08-03 23:39:24.209916,3387.2474154695074,False,94623.51686733754,0.0,0.0,14270.287669984076,225.93798872973474,306.1543362464962,76.53858406162405,-5376.483132662455,8737.049605743236,False
2026-08-04 00:39:24.209916,3375.4722015435077,False,94623.51686733754,0.0,0.0,14270.287669984076,225.93798872973474,306.1543362464962,76.53858406162405,-5376.483132662455,8737.049605743236,False
2026-08-04 01:39:24.209916,3371.970637697826,False,94623.51686733754,0.0,0.0,14270.287669984076,225.93798872973474,306.1543362464962,76.53858406162405,-5376.483132662455,8737.049605743236,False
2026-08-04 02:39:24.209916,3372.874529708417,False,94623.51686733754,0.0,0.0,14270.287669984076,225.93798872973474,306.1543362464962,76.53858406162405,-5376.483132662455,8737.049605743236,False
2026-08-04 03:39:24.209916,3351.293645582272,False,94623.51686733754,0.0,0.0,14270.287669984076,225.93798872973474,306.1543362464962,76.53858406162405,-5376.483132662455,8737.049605743236,False
2026-08-04 04:39:24.209916,3367.26646129875,False,94623.51686733754,0.0,0.0,14270.287669984076,225.93798872973474,306.1543362464962,76.53858406162405,-5376.483132662455,8737.049605743236,False
2026-08-04 05:39:24.209916,3356.225478675758,False,94623.51686733754,0.0,0.0,14270.287669984076,225.93798872973474,306.1543362464962,76.53858406162405,-5376.483132662455,8737.049605743236,False
2026-08-04 06:39:24.209916,3351.329780505476,False,94623.51686733754,0.0,0.0,14270.287669984076,225.93798872973474,306.1543362464962,76.53858406162405,-5376.483132662455,8737.049605743236,False
2026-08-04 07:39:24.209916,3330.054068127178,False,94623.51686733754,0.0,0.0,14270.287669984076,225.93798872973474,306.1543362464962,76.53858406162405,-5376.483132662455,8737.049605743236,False
2026-08-04 08:39:24.209916,3275.819715406293,False,94623.51686733754,0.0,0.0,14270.287669984076,225.93798872973474,306.1543362464962,76.53858406162405,-5376.483132662455,8737.049605743236,False
2026-08-04 09:39:24.209916,3271.8292634308746,False,94623.51686733754,0.0,0.0,14270.287669984076,225.93798872973474,306.1543362464962,76.53858406162405,-5376.483132662455,8737.049605743236,False
2026-08-04 10:39:24.209916,3322.8447714701706,False,94623.51686733754,0.0,0.0,14270.287669984076,225.93798872973474,306.1543362464962,76.53858406162405,-5376.483132662455,8737.049605743236,False
2026-08-04 11:39:24.209916,3339.619147932398,False,94623.51686733754,0.0,0.0,14270.287669984076,225.93798872973474,306.1543362464962,76.53858406162405,-5376.483132662455,8737.049605743236,False
2026-08-04 12:39:24.209916,3339.225887602167,False,94623.51686733754,0.0,0.0,14270.287669984076,225.93798872973474,306.1543362464962,76.53858406162405,-5376.483132662455,8737.049605743236,False
2026-08-04 13:39:24.209916,3333.6220905836685,False,94623.51686733754,0.0,0.0,14270.287669984076,225.93798872973474,306.1543362464962,76.53858406162405,-5376.483132662455,8737.049605743236,False
2026-08-04 14:39:24.209916,3334.1212638105285,False,94623.51686733754,0.0,0.0,14270.287669984076,225.93798872973474,306.1543362464962,76.53858406162405,-5376.483132662455,8737.049605743236,False
2026-08-04 15:39:24.209916,3345.8548761448305,False,94623.51686733754,0.0,0.0,14270.287669984076,225.93798872973474,306.1543362464962,76.53858406162405,-5376.483132662455,8737.049605743236,False
2026-08-04 16:39:24.209916,3320.642237932789,False,94623.51686733754,0.0,0.0,14270.287669984076,225.93798872973474,306.1543362464962,76.53858406162405,-5376.483132662455,8737.049605743236,False
2026-08-04 17:39:24.209916,3344.467193106527,False,94623.51686733754,0.0,0.0,14270.287669984076,225.93798872973474,306.1543362464962,76.53858406162405,-5376.483132662455,8737.049605743236,False
2026-08-04 18:39:24.209916,3359.8594173159845,False,94623.51686733754,0.0,0.0,14270.287669984076,225.93798872973474,306.1543362464962,76.53858406162405,-5376.483132662455,8737.049605743236,False
2026-08-04 19:39:24.209916,3375.3831630849218,False,94623.51686733754,0.0,0.0,14270.287669984076,225.93798872973474,306.1543362464962,76.53858406162405,-5376.483132662455,8737.049605743236,False
2026-08-04 20:39:24.209916,3384.9036812164186,False,94623.51686733754,0.0,0.0,14270.287669984076,225.93798872973474,306.1543362464962,76.53858406162405,-5376.483132662455,8737.049605743236,False
2026-08-04 21:39:24.209916,3385.3486982266377,False,94623.51686733754,0.0,0.0,14270.287669984076,225.93798872973474,306.1543362464962,76.53858406162405,-5376.483132662455,8737.049605743236,False
2026-08-04 22:39:24.209916,3400.0021738053833,False,94623.51686733754,0.0,0.0,14270.287669984076,225.93798872973474,306.1543362464962,76.53858406162405,-5376.483132662455,8737.049605743236,False
2026-08-04 23:39:24.209916,3412.94538228717,False,94623.51686733754,0.0,0.0,14270.287669984076,225.93798872973474,306.1543362464962,76.53858406162405,-5376.483132662455,8737.049605743236,False
2026-08-05 00:39:24.209916,3405.227526373634,False,94623.51686733754,0.0,0.0,14270.287669984076,225.93798872973474,306.1543362464962,76.53858406162405,-5376.483132662455,8737.049605743236,False
2026-08-05 01:39:24.209916,3392.748400303035,False,94623.51686733754,0.0,0.0,14270.287669984076,225.93798872973474,306.1543362464962,76.53858406162405,-5376.483132662455,8737.049605743236,False
2026-08-05 02:39:24.209916,3394.9838329533213,False,94623.51686733754,0.0,0.0,14270.287669984076,225.93798872973474,306.1543362464962,76.53858406162405,-5376.483132662455,8737.049605743236,False
2026-08-05 03:39:24.209916,3428.884080135462,False,94623.51686733754,0.0,0.0,14270.287669984076,225.93798872973474,306.1543362464962,76.53858406162405,-5376.483132662455,8737.049605743236,False
2026-08-05 04:39:24.209916,3401.7742904628117,False,94623.51686733754,0.0,0.0,14270.287669984076,225.93798872973474,306.1543362464962,76.53858406162405,-5376.483132662455,8737.049605743236,False
2026-08-05 05:39:24.209916,3369.9406222974644,False,94623.51686733754,0.0,0.0,14270.287669984076,225.93798872973474,306.1543362464962,76.53858406162405,-5376.483132662455,8737.049605743236,False
2026-08-05 06:39:24.209916,3373.5211468470056,False,94623.51686733754,0.0,0.0,14270.287669984076,225.93798872973474,306.1543362464962,76.53858406162405,-5376.483132662455,8737.049605743236,False
2026-08-05 07:39:24.209916,3374.6411017150513,False,94623.51686733754,0.0,0.0,14270.287669984076,225.93798872973474,306.1543362464962,76.53858406162405,-5376.483132662455,8737.049605743236,False
2026-08-05 08:39:24.209916,3378.412456054053,False,94623.51686733754,0.0,0.0,14270.287669984076,225.93798872973474,306.1543362464962,76.53858406162405,-5376.483132662455,8737.049605743236,False
2026-08-05 09:39:24.209916,3383.719362487118,False,94623.51686733754,0.0,0.0,14270.287669984076,225.93798872973474,306.1543362464962,76.53858406162405,-5376.483132662455,8737.049605743236,False
2026-08-05 10:39:24.209916,3378.900474871782,False,94623.51686733754,0.0,0.0,14270.287669984076,225.93798872973474,306.1543362464962,76.53858406162405,-5376.483132662455,8737.049605743236,False
2026-08-05 11:39:24.209916,3411.34619163166,False,94623.51686733754,0.0,0.0,14270.287669984076,225.93798872973474,306.1543362464962,76.53858406162405,-5376.483132662455,8737.049605743236,False
2026-08-05 12:39:24.209916,3376.5346479238774,False,94623.51686733754,0.0,0.0,14270.287669984076,225.93798872973474,306.1543362464962,76.53858406162405,-5376.483132662455,8737.049605743236,False
2026-08-05 13:39:24.209916,3358.668010295602,False,94623.51686733754,0.0,0.0,14270.287669984076,225.93798872973474,306.1543362464962,76.53858406162405,-5376.483132662455,8737.049605743236,False
2026-08-05 14:39:24.209916,3356.464714916508,False,94623.51686733754,0.0,0.0,14270.287669984076,225.93798872973474,306.1543362464962,76.53858406162405,-5376.483132662455,8737.049605743236,False
2026-08-05 15:39:24.209916,3321.3127814829522,False,94623.51686733754,0.0,0.0,14270.287669984076,225.93798872973474,306.1543362464962,76.53858406162405,-5376.483132662455,8737.049605743236,False
2026-08-05 16:39:24.209916,3317.5895996852855,False,94623.51686733754,0.0,0.0,14270.287669984076,225.93798872973474,306.1543362464962,76.53858406162405,-5376.483132662455,8737.049605743236,False
2026-08-05 17:39:24.209916,3353.133347045919,False,94623.51686733754,0.0,0.0,14270.287669984076,225.93798872973474,306.1543362464962,76.53858406162405,-5376.483132662455,8737.049605743236,False
2026-08-05 18:39:24.209916,3353.6014866740584,False,94623.51686733754,0.0,0.0,14270.287669984076,225.93798872973474,306.1543362464962,76.53858406162405,-5376.483132662455,8737.049605743236,False
2026-08-05 19:39:24.209916,3358.584077874459,False,94623.51686733754,0.0,0.0,14270.287669984076,225.93798872973474,306.1543362464962,76.53858406162405,-5376.483132662455,8737.049605743236,False
2026-08-05 20:39:24.209916,3331.5803321810313,False,94623.51686733754,0.0,0.0,14270.287669984076,225.93798872973474,306.1543362464962,76.53858406162405,-5376.483132662455,8737.049605743236,False
2026-08-05 21:39:24.209916,3318.4613352163983,False,94623.51686733754,0.0,0.0,14270.287669984076,225.93798872973474,306.1543362464962,76.53858406162405,-5376.483132662455,8737.049605743236,False
2026-08-05 22:39:24.209916,3310.5081367139046,False,94623.51686733754,0.0,0.0,14270.287669984076,225.93798872973474,306.1543362464962,76.53858406162405,-5376.483132662455,8737.049605743236,False
2026-08-05 23:39:24.209916,3303.791188859193,False,94623.51686733754,0.0,0.0,14270.287669984076,225.93798872973474,306.1543362464962,76.53858406162405,-5376.483132662455,8737.049605743236,False
2026-08-06 00:39:24.209916,3331.066348279735,False,94623.51686733754,0.0,0.0,14270.287669984076,225.93798872973474,306.1543362464962,76.53858406162405,-5376.483132662455,8737.049605743236,False
2026-08-06 01:39:24.209916,3343.01576677333,False,94623.51686733754,0.0,0.0,14270.287669984076,225.93798872973474,306.1543362464962,76.53858406162405,-5376.483132662455,8737.049605743236,False
