timestamp,price,lp_value,lp_delta,hedge_delta,fee_usd,lvr_usd,funding_usd,hedge_cost_usd,gas_usd,net_usd,cum_net
2026-08-01 00:00:00+00:00,1863.93,932025.1223317583,231.78183855174717,-231.78183855174717,3.7499892736368,0.0,0.0,0.0,0.0,-68187.14024013397,-68187.14024013397
2026-08-01 01:00:00+00:00,1866.0,932502.8706805459,229.8928254809256,-231.78183855174717,2.1617325675232,0.0,3.646016397517633,0.0,0.0,3.7676919505902333,-68183.37254818338
2026-08-01 02:00:00+00:00,1867.48,932842.0306427744,228.51965018178862,-231.78183855174717,2.6528318603715997,0.0,3.64890820044814,0.0,0.0,2.4245812327426393,-68180.94796695064
2026-08-01 03:00:00+00:00,1869.0,933188.2636665746,227.14702401548095,-231.78183855174717,2.1285336674152,0.0,3.651878160214607,0.0,0.0,-0.29495897084416356,-68181.24292592148
2026-08-01 04:00:00+00:00,1868.84,933151.9200926889,227.31857226307406,-231.78183855174717,1.7456477779419999,0.0,3.6515655328707677,0.0,0.0,6.13873359336867,-68175.10419232812
2026-08-01 05:00:00+00:00,1866.6,932640.6137003452,229.37782037830266,-231.78183855174717,2.7141384338232,0.0,1.2481778818403944,0.0,0.0,11.847242327872664,-68163.25695000024
2026-08-01 06:00:00+00:00,1869.47,933294.9029074333,226.80395325017258,-231.78183855174717,2.5772530952956,0.0,1.2500970238745108,0.0,0.0,-7.097319436186808,-68170.35426943643
2026-08-01 07:00:00+00:00,1868.9,933165.5592070246,227.31857226307406,-231.78183855174717,2.3438403278447995,0.0,1.2497158702301043,0.0,0.0,6.365503763852757,-68163.98876567258
2026-08-01 08:00:00+00:00,1868.45,933063.2281058182,227.66169449028402,-231.78183855174717,2.2468280571168004,0.0,1.2494149594582045,0.0,0.0,5.466969158384018,-68158.5217965142
2026-08-01 09:00:00+00:00,1866.99,932729.9689093968,229.0345265556636,-231.78183855174717,3.0649191481316,0.0,1.2484386711760407,0.0,0.0,9.455645683512557,-68149.06615083068
2026-08-01 10:00:00+00:00,1866.45,932606.2134646797,229.5494801629259,-231.78183855174717,6.848409607298,0.0,1.248077578249761,0.0,0.0,9.50323528633453,-68139.56291554435
2026-08-01 11:00:00+00:00,1866.17,932541.9300179991,229.721148530324,-231.78183855174717,1.7745412754916001,0.0,1.247890344880579,0.0,0.0,3.6378997343417723,-68135.92501581
2026-08-01 12:00:00+00:00,1868.35,933040.4739891428,227.83326847075764,-231.78183855174717,3.0099853952255997,0.0,3.1271594099774647,0.0,0.0,-0.603292093903292,-68136.5283079039
2026-08-01 13:00:00+00:00,1868.36,933042.7523218275,227.83326847075764,-231.78183855174717,1.5912372065231999,0.0,3.1271761475234814,0.0,0.0,4.678927653192659,-68131.84938025071
2026-08-01 14:00:00+00:00,1874.32,934383.3995054045,222.34715368477978,-231.78183855174717,4.234430154624,0.0,3.137151724949266,0.0,0.0,-33.40099231178465,-68165.2503725625
2026-08-01 15:00:00+00:00,1869.2,933233.6634251617,226.97548434465662,-231.78183855174717,3.0161632447291997,0.0,3.1285821013888606,0.0,0.0,43.131678488251055,-68122.11869407425
2026-08-01 16:00:00+00:00,1867.93,932944.7601504379,228.17644216758814,-231.78183855174717,3.6421185565252,0.0,3.1264564330447757,0.0,0.0,12.228235226502875,-68109.89045884775
2026-08-01 17:00:00+00:00,1861.19,931386.6702896898,234.3594403074359,-231.78183855174717,8.298500499936802,0.0,3.1151753270297093,0.0,0.0,15.533406917587854,-68094.35705193016
2026-08-01 18:00:00+00:00,1835.75,925125.7127178165,258.16429806966136,-258.16429806966136,53.03464342007961,0.0,3.072595009963942,240.2283611958846,0.0,-332.5361607168161,-68426.89321264697
2026-08-01 19:00:00+00:00,1836.48,925313.8145044814,257.47198831827427,-258.16429806966136,10.162210041300401,0.0,3.423692618221624,0.0,0.0,13.227751733575133,-68413.6654609134
2026-08-01 20:00:00+00:00,1837.48,925570.6644391306,256.433783259761,-258.16429806966136,4.7244398734128,0.0,1.6454769537591123,0.0,0.0,5.055553406695253,-68408.6099075067
2026-08-01 21:00:00+00:00,1844.9,927447.2034433044,249.5203696764318,-258.16429806966136,5.703371890434401,0.0,1.6521216187333665,0.0,0.0,-31.684593993908493,-68440.29450150061
2026-08-01 22:00:00+00:00,1846.46,927835.1600317296,247.96675611380314,-258.16429806966136,3.8411657474760004,0.0,1.6535186102912958,0.0,0.0,-9.285032205676544,-68449.57953370629
2026-08-01 23:00:00+00:00,1844.17,927264.8759682012,250.21108902457445,-258.16429806966136,3.4114429871611995,0.0,1.651467898324848,0.0,0.0,25.97508993660449,-68423.60444376968
2026-08-02 00:00:00+00:00,1846.06,927735.9111518736,248.48454962649345,-258.16429806966136,4.8666616405608005,0.0,1.6531604073277242,0.0,0.0,-10.375517631298862,-68433.97996140098
2026-08-02 01:00:00+00:00,1856.29,930227.6050754711,238.83186521845752,-238.83186521845752,9.5797721921096,0.0,1.6623214481210693,258.1716620845652,0.0,-248.0545870452479,-68682.03454844623
2026-08-02 02:00:00+00:00,1876.2,934799.5472759358,220.63454207575387,-220.63454207575387,28.915968911250403,0.0,1.5543341985324555,275.24257092473545,0.0,98.87291361678217,-68583.16163482945
2026-08-02 03:00:00+00:00,1876.61,934889.8795235308,220.29212249352082,-220.63454207575387,6.633021587271201,0.0,1.4362185521415822,0.0,0.0,7.941325483436231,-68575.22030934601
2026-08-02 04:00:00+00:00,1880.23,935680.736498009,216.86980922581782,-220.63454207575387,5.7952864307744,0.0,2.907535677573825,0.0,0.0,0.8627542722097132,-68574.3575550738
2026-08-02 05:00:00+00:00,1875.67,934682.5609031327,221.14823565384435,-220.63454207575387,6.5886109900075995,0.0,2.900484219672538,0.0,0.0,17.407012198818848,-68556.95054287498
2026-08-02 06:00:00+00:00,1876.72,934914.0770549072,220.1209255420689,-220.63454207575387,3.2801026687888006,0.0,2.90210791063665,0.0,0.0,6.032093174449983,-68550.91844970053
2026-08-02 07:00:00+00:00,1875.32,934605.1466283418,221.31948396951796,-220.63454207575387,2.0099760034700003,0.0,2.8999429893511675,0.0,0.0,4.867851333445287,-68546.05059836709
2026-08-02 08:00:00+00:00,1867.34,932810.0368805754,228.69126705897466,-220.63454207575387,8.1613544234496,0.0,2.887602938023915,0.0,0.0,-23.397144640402985,-68569.44774300749
2026-08-02 09:00:00+00:00,1870.21,933462.3752045056,226.1179146270637,-220.63454207575387,7.1457843310788,0.0,2.8920410266591547,0.0,0.0,29.155013530573342,-68540.29272947692
2026-08-02 10:00:00+00:00,1867.76,932905.9771256684,228.34804188480254,-220.63454207575387,3.2054766519144002,0.0,2.88825241440956,0.0,0.0,-9.749721685278928,-68550.0424511622
2026-08-02 11:00:00+00:00,1851.75,929133.8356341358,243.13776000722922,-243.13776000722922,15.930905371938799,0.0,2.863494993137717,296.0777378270402,0.0,-241.82323943708616,-68791.86569059928
2026-08-02 12:00:00+00:00,1855.98,930153.5316968762,239.17613877496254,-243.13776000722922,7.962248135904801,0.0,0.8088814345241545,0.0,0.0,-0.005532519760890864,-68791.87122311904
2026-08-02 13:00:00+00:00,1853.96,929668.6587705796,241.07025881703998,-243.13776000722922,3.8903564928228005,0.0,0.8080010691658323,0.0,0.0,10.963706480048131,-68780.907516639
2026-08-02 14:00:00+00:00,1854.0,929678.3015809322,241.07025881703998,-243.13776000722922,5.034212146603199,0.0,0.8080185021432248,0.0,0.0,5.759530601062579,-68775.14798603793
2026-08-02 15:00:00+00:00,1857.77,930580.0317562688,237.45511519715086,-243.13776000722922,5.421331797698399,0.0,0.8096615602624696,0.0,0.0,-8.66818653268274,-68783.81617257062
2026-08-02 16:00:00+00:00,1862.37,931662.4816559977,233.32816762680454,-243.13776000722922,7.2115536162824005,0.0,0.8116663526626092,0.0,0.0,-27.96057633541932,-68811.77674890604
2026-08-02 17:00:00+00:00,1867.79,932912.827566925,228.34804188480254,-228.34804188480254,5.022582505368,0.0,0.8140285210992955,309.8897816329839,0.0,48.14554187271278,-68763.63120703332
2026-08-02 18:00:00+00:00,1875.16,934569.7278310473,221.4907408473931,-228.34804188480254,15.467370659265601,0.0,0.7675289872406161,0.0,0.0,-9.789904922203277,-68773.42111195553
2026-08-02 19:00:00+00:00,1881.39,935931.6432671951,215.84378238530772,-215.84378238530772,7.4508868079968,0.0,0.7700790126200553,321.65247602286115,0.0,217.0752382993669,-68556.34587365616
2026-08-02 20:00:00+00:00,1883.04,936286.4248996244,214.30531912038518,-215.84378238530772,5.1164450139592,0.0,5.080530949785373,0.0,0.0,8.836367457348388,-68547.50950619881
2026-08-02 21:00:00+00:00,1889.74,937701.7161156867,208.32898296831047,-215.84378238530772,14.1190529222644,0.0,5.098607866560143,0.0,0.0,-11.644465130477329,-68559.15397132929
2026-08-02 22:00:00+00:00,1881.3,935912.2318928447,216.0147654849478,-215.84378238530772,14.268542113427602,0.0,5.075836347518493,0.0,0.0,51.58167895092629,-68507.57229237836
2026-08-02 23:00:00+00:00,1884.37,936570.6039614317,213.10921509836928,-215.84378238530772,6.932354186664001,0.0,5.084119352667528,0.0,0.0,7.748130203442997,-68499.82416217492
2026-08-03 00:00:00+00:00,1873.02,934093.75093152,223.54649138948082,-215.84378238530772,9.7083831738492,0.0,5.053496516041614,0.0,0.0,-12.264220148528693,-68512.08838232345
2026-08-03 01:00:00+00:00,1866.38,932590.1450010682,229.5494801629259,-229.5494801629259,8.7311072126004,0.0,5.035581482103633,334.44249613195666,0.0,-69.42654682768625,-68581.51492915113
2026-08-03 02:00:00+00:00,1863.41,931904.4900645099,232.2972042661107,-229.5494801629259,7.503388397582,0.0,5.346809960379972,0.0,0.0,8.95721788352239,-68572.55771126761
2026-08-03 03:00:00+00:00,1856.18,930201.3342728375,239.00399769350628,-229.5494801629259,12.6026618651848,0.0,5.326064426110248,0.0,0.0,-25.584323803152074,-68598.14203507076
2026-08-03 04:00:00+00:00,1854.01,929680.7122835204,241.07025881703998,-241.07025881703998,8.6171780646916,0.0,-0.46229391320244595,345.1223155482137,0.0,-25.024552628339734,-68623.1665876991
2026-08-03 05:00:00+00:00,1858.87,930840.6560451209,236.42291399976162,-241.07025881703998,6.019998497095601,0.0,-0.48676847296785475,0.0,0.0,-6.1244662261306075,-68629.29105392523
2026-08-03 06:00:00+00:00,1848.24,928275.06258614,246.41384148505966,-241.07025881703998,11.926921472894003,0.0,-0.4839848738632115,0.0,0.0,8.426328843241208,-68620.86472508199
2026-08-03 07:00:00+00:00,1843.0,926971.6054424116,251.24742708812948,-241.07025881703998,16.241410743742,0.0,-0.48261271400353783,0.0,0.0,-24.490189497359097,-68645.35491457935
2026-08-03 08:00:00+00:00,1839.42,926066.2967347549,254.70413344774937,-254.70413344774937,24.061585525246002,0.0,-0.48167524600780665,357.6615263848234,0.0,-31.23648164908809,-68676.59139622844
2026-08-03 09:00:00+00:00,1851.8,929145.9925221361,243.13776000722922,-254.70413344774937,13.9869095063796,0.0,-0.5123418854285166,0.0,0.0,-60.0668170810095,-68736.65821330945
2026-08-03 10:00:00+00:00,1845.38,927566.8140866696,249.00242081015267,-254.70413344774937,11.750619679794,0.0,-0.5105656488454887,0.0,0.0,67.26215529897308,-68669.39605801048
2026-08-03 11:00:00+00:00,1838.97,925951.6396486303,255.04999423107753,-254.70413344774937,10.488732520772801,0.0,-0.5087921789861103,0.0,0.0,27.45899770257529,-68641.9370603079
2026-08-03 12:00:00+00:00,1842.69,926893.6917980933,251.59294220082177,-254.70413344774937,8.6271568976252,0.0,2.149580679255777,0.0,0.0,5.329510614232277,-68636.60754969367
2026-08-03 13:00:00+00:00,1858.27,930698.6457725447,237.1110137257949,-237.1110137257949,22.659378426928004,0.0,2.1677554492837277,374.0079096776816,0.0,-131.24736212819698,-68767.85491182187
2026-08-03 14:00:00+00:00,1872.82,934049.0504101436,223.71785961494385,-223.71785961494385,31.286332832884796,0.0,2.0338234191648197,386.54939311862364,0.0,135.39431551886082,-68632.460596303
2026-08-03 15:00:00+00:00,1862.54,931702.1081100239,233.15631892197692,-223.71785961494385,13.632624477312001,0.0,1.908410257092256,0.0,0.0,-31.58166854362935,-68664.04226484663
2026-08-03 16:00:00+00:00,1865.51,932390.1427810243,230.40790783624524,-223.71785961494385,8.7251520905332,0.0,1.9114534016494547,0.0,0.0,34.22923343621369,-68629.81303141042
2026-08-03 17:00:00+00:00,1868.09,932981.2368344681,228.00485102971592,-223.71785961494385,7.6396764700544,0.0,1.9140969413658084,0.0,0.0,23.45574904863315,-68606.35728236179
2026-08-03 18:00:00+00:00,1868.11,932985.7969314887,228.00485102971592,-223.71785961494385,5.802930856758,0.0,1.914117433921749,0.0,0.0,7.802788118962781,-68598.55449424282
2026-08-03 19:00:00+00:00,1869.26,933247.2819542224,226.97548434465662,-223.71785961494385,6.278229761625201,0.0,1.915295755888341,0.0,0.0,12.403009694011416,-68586.15148454881
2026-08-03 20:00:00+00:00,1868.26,933019.9689949804,227.83326847075764,-223.71785961494385,4.9795786412276,0.0,1.9142711280913047,0.0,0.0,3.298750142334029,-68582.85273440648
2026-08-03 21:00:00+00:00,1862.89,931783.6098794587,232.81264728726438,-223.71785961494385,4.518628691664399,0.0,2.8110580947945683,0.0,0.0,-27.66452260306687,-68610.51725700955
2026-08-03 22:00:00+00:00,1859.63,931020.0698312138,235.734951873034,-235.734951873034,11.832237456421598,0.0,2.806138829894853,397.72306575657973,0.0,-30.755122251764988,-68641.27237926131
2026-08-03 23:00:00+00:00,1859.78,931055.4300739947,235.734951873034,-235.734951873034,2.9479205849363996,0.0,2.957110178618438,0.0,0.0,5.905030763504328,-68635.3673484978
2026-08-04 00:00:00+00:00,1850.55,928841.52353058,244.1719758598719,-235.734951873034,12.1298601092968,0.0,2.9424341809473975,0.0,0.0,-23.00064333633054,-68658.36799183414
2026-08-04 01:00:00+00:00,1866.8,932686.4547866258,229.20616917602513,-235.734951873034,11.823704647701199,0.0,2.968272205016131,0.0,0.0,29.030264961722423,-68629.33772687241
2026-08-04 02:00:00+00:00,1865.51,932390.1427810243,230.40790783624524,-235.734951873034,7.007426869441599,0.0,2.966221063413136,0.0,0.0,17.759730247591506,-68611.57799662482
2026-08-04 03:00:00+00:00,1863.56,931939.3121012275,232.12540710558542,-235.734951873034,5.614831090183199,0.0,2.963120500524888,0.0,0.0,17.430427946266718,-68594.14756867856
2026-08-04 04:00:00+00:00,1867.37,932816.8976185871,228.69126705897466,-235.734951873034,7.474756897852,0.0,2.9691785233988495,0.0,0.0,-10.120713855329086,-68604.26828253389
2026-08-04 05:00:00+00:00,1863.57,931941.6333552984,232.12540710558542,-235.734951873034,4.154239384662,0.0,2.933483071409705,0.0,0.0,27.61627628489805,-68576.65200624899
2026-08-04 06:00:00+00:00,1856.22,930210.8944327452,239.00399769350628,-235.734951873034,9.4385213566236,0.0,2.9219132883723837,0.0,0.0,14.273408358509187,-68562.37859789048
2026-08-04 07:00:00+00:00,1863.11,931834.7874001461,232.6408243565211,-235.734951873034,9.398247676129598,0.0,2.9327589761447843,0.0,0.0,12.010155648065847,-68550.36844224241
2026-08-04 08:00:00+00:00,1857.25,930456.4386215545,237.97133192428598,-235.734951873034,5.205189433242801,0.0,2.9235346321177498,0.0,0.0,11.186763449688442,-68539.18167879272
2026-08-04 09:00:00+00:00,1857.92,930615.6500235484,237.45511519715086,-235.734951873034,5.9744682886496,0.0,2.9245892926123083,0.0,0.0,10.168041820201324,-68529.01363697252
2026-08-04 10:00:00+00:00,1866.14,932535.0383835433,229.721148530324,-235.734951873034,11.422899771846,0.0,2.937528560172415,0.0,0.0,-3.992516069469275,-68533.00615304199
2026-08-04 11:00:00+00:00,1871.98,933860.907567866,224.4034182030488,-235.734951873034,9.172923139404402,0.0,2.9467214217966267,0.0,0.0,-38.70329005453095,-68571.70944309652
2026-08-04 12:00:00+00:00,1874.31,934381.1760338678,222.34715368477978,-222.34715368477978,12.808734208254801,0.0,2.9503891217254647,410.2695077676931,0.0,218.50865141786926,-68353.20079167865
2026-08-04 13:00:00+00:00,1861.13,931372.6087232714,234.3594403074359,-234.3594403074359,18.148584296960397,0.0,3.780735183782403,421.44772126870515,0.0,-67.28071905126853,-68420.48151072992
2026-08-04 14:00:00+00:00,1872.22,933914.7300842705,224.2320157022277,-234.3594403074359,17.4613185264404,0.0,4.008734625760527,0.0,0.0,-35.45477885819855,-68455.93628958812
2026-08-04 15:00:00+00:00,1872.24,933919.2147245846,224.2320157022277,-234.3594403074359,14.2643800969184,0.0,4.008777449089258,0.0,0.0,18.070609054004308,-68437.86568053412
2026-08-04 16:00:00+00:00,1868.99,933185.9921963344,227.14702401548095,-234.3594403074359,6.637901792719999,0.0,4.0018186581706034,0.0,0.0,39.08537319987954,-68398.78030733424
2026-08-04 17:00:00+00:00,1868.59,933095.0795683959,227.49012908786574,-234.3594403074359,10.790549328914002,0.0,4.000962191596,0.0,0.0,17.62265970495355,-68381.15764762928
2026-08-04 18:00:00+00:00,1874.5,934423.382169809,222.1758539894738,-222.1758539894738,9.8991106155708,0.0,4.013616485235767,432.8667875452151,0.0,179.89876032930624,-68201.25888729998
2026-08-04 19:00:00+00:00,1874.46,934414.4951356495,222.1758539894738,-222.1758539894738,6.0866791991791995,0.0,3.8048804025323983,0.0,0.0,9.891559601790505,-68191.36732769819
2026-08-04 20:00:00+00:00,1875.82,934715.6920244689,220.97699589994457,-222.1758539894738,9.167610775695604,0.0,3.807641004170973,0.0,0.0,12.012979173639906,-68179.35434852455
2026-08-04 21:00:00+00:00,1871.35,933719.3949449877,225.0891139097273,-222.1758539894738,2.3144737543156,0.0,1.8018379692340256,0.0,0.0,0.9452995753381401,-68178.40904894921
2026-08-04 22:00:00+00:00,1874.71,934469.9954112819,222.00456285851055,-222.1758539894738,3.3307578737920003,0.0,1.8050731607143082,0.0,0.0,9.22542792405875,-68169.18362102515
2026-08-04 23:00:00+00:00,1868.9,933165.5592070246,227.31857226307406,-222.1758539894738,7.394004899366,0.0,1.79947897544632,0.0,0.0,-4.40100870365859,-68173.58462972881
2026-08-05 00:00:00+00:00,1863.09,931830.134583659,232.6408243565211,-222.1758539894738,9.6198814487404,0.0,1.7938847901783317,0.0,0.0,-33.16914544784231,-68206.75377517665
2026-08-05 01:00:00+00:00,1872.57,933993.1189700833,223.88923640860358,-222.1758539894738,6.173418726988,0.0,1.8030126518548424,0.0,0.0,64.7337219829351,-68142.02005319372
2026-08-05 02:00:00+00:00,1873.7,934245.445218705,222.8611041610342,-222.1758539894738,6.786870175846801,0.0,1.804100677561009,0.0,0.0,9.858504466959857,-68132.16154872676
2026-08-05 03:00:00+00:00,1866.86,932700.2071567763,229.20616917602513,-222.1758539894738,10.251129617890802,0.0,1.797514752047577,0.0,0.0,-13.506576270694495,-68145.66812499745
2026-08-05 04:00:00+00:00,1866.47,932610.8044542829,229.5494801629259,-222.1758539894738,2.9458825404031996,0.0,1.7971392387507588,0.0,0.0,1.9889023415598786,-68143.67922265589
2026-08-05 05:00:00+00:00,1872.51,933979.6856158988,223.88923640860358,-222.1758539894738,6.2477458208844,0.0,0.31878031202612195,0.0,0.0,33.50552965243696,-68110.17369300345
2026-08-05 06:00:00+00:00,1868.84,933151.9200926889,227.31857226307406,-222.1758539894738,4.281515534059201,0.0,0.3181555229755236,0.0,0.0,-7.7804680115077645,-68117.95416101496
2026-08-05 07:00:00+00:00,1871.85,933831.7380923673,224.5748292737813,-222.1758539894738,11.1972521322244,0.0,0.3186679521423631,0.0,0.0,22.584599254463683,-68095.3695617605
2026-08-05 08:00:00+00:00,1868.98,933183.7207260942,227.14702401548095,-222.1758539894738,6.423661791516,0.0,0.31817935689026033,0.0,0.0,-3.6308241749211447,-68099.00038593542
2026-08-05 09:00:00+00:00,1870.98,933636.1083426623,225.4320131911016,-222.1758539894738,4.8442619367636,0.0,0.3185198413864992,0.0,0.0,13.198690367338713,-68085.80169556808
2026-08-05 10:00:00+00:00,1867.38,932819.1845312578,228.69126705897466,-222.1758539894738,8.526776730501998,0.0,0.3179069692932692,0.0,0.0,-8.246053342605592,-68094.04774891069
2026-08-05 11:00:00+00:00,1867.93,932944.7601504379,228.17644216758814,-222.1758539894738,3.430561793726,0.0,0.3180006025297349,0.0,0.0,7.127461882148054,-68086.92028702854
2026-08-05 12:00:00+00:00,1875.22,934583.0172754981,221.4907408473931,-222.1758539894738,20.500867348070802,0.0,0.3192416685185256,0.0,0.0,39.41525849352183,-68047.50502853502
2026-08-05 13:00:00+00:00,1877.85,935162.1202122422,219.09392356169843,-222.1758539894738,36.14976670071321,0.0,1.5927103504034543,0.0,0.0,32.522917802940356,-68014.98211073207
2026-08-05 14:00:00+00:00,1875.06,934547.5860627423,221.66200628789807,-222.1758539894738,17.4598470618772,0.0,1.5903439942633868,0.0,0.0,24.386674186811433,-67990.59543654526
2026-08-05 15:00:00+00:00,1872.91,934069.1608174671,223.54649138948082,-222.1758539894738,12.4894591904104,0.0,1.5885204581697867,0.0,0.0,13.330820450777537,-67977.26461609449
2026-08-05 16:00:00+00:00,1894.79,938741.6573649213,203.72580684445472,-203.72580684445472,28.3259725241924,0.0,1.60707811850838,450.34626996017045,0.0,572.146965030217,-67405.11765106427
2026-08-05 17:00:00+00:00,1915.93,942847.1458405141,184.8667882006425,-184.8667882006425,27.020491161863198,0.0,1.4900633401478667,468.41254975529006,0.0,1042.1230830027052,-66362.99456806156
2026-08-05 18:00:00+00:00,1917.23,943086.643863257,183.68098534658876,-184.8667882006425,24.941369462238402,0.0,1.3530447415652715,0.0,0.0,25.465612285915995,-66337.52895577565
2026-08-05 19:00:00+00:00,1916.09,942876.701860551,184.69736238307092,-184.8667882006425,6.3238877496516,0.0,1.3522402105463616,0.0,0.0,8.482263802943635,-66329.0466919727
2026-08-05 20:00:00+00:00,1916.19,942895.1715967893,184.69736238307092,-184.8667882006425,9.3677403277236,0.0,1.3523107834427572,0.0,0.0,10.703108529327437,-66318.34358344338
2026-08-05 21:00:00+00:00,1907.75,941305.7916742612,192.16011760932724,-184.8667882006425,11.567127885179602,0.0,0.17369471048096455,0.0,0.0,-17.36340751896205,-66335.70699096234
2026-08-05 22:00:00+00:00,1906.0,940968.3159970612,193.6886137894898,-184.8667882006425,5.1864111891388,0.0,0.17353537841788413,0.0,0.0,-8.598851281334646,-66344.30584224367
2026-08-05 23:00:00+00:00,1907.95,941344.1873124258,191.99032715263303,-184.8667882006425,4.4761892567344,0.0,0.17371291985960233,0.0,0.0,20.030980549941887,-66324.27486169373
2026-08-06 00:00:00+00:00,1909.39,941619.5728569552,190.63230906333567,-184.8667882006425,5.217408161857599,0.0,0.17384402738579424,0.0,0.0,14.568621709724539,-66309.706239984
2026-08-06 01:00:00+00:00,1905.93,940954.7577940959,193.6886137894898,-184.8667882006425,6.4255816149668,0.0,0.17352900513536093,0.0,0.0,-18.576865064998856,-66328.283105049
2026-08-06 02:00:00+00:00,1898.17,939424.8830195211,200.66047315963155,-200.66047315963155,16.010814042446,0.0,0.1728224812442157,483.40209924459214,0.0,-94.1144111034082,-66422.39751615241
2026-08-06 03:00:00+00:00,1897.94,939378.7155344882,200.8306971127889,-200.66047315963155,5.836989898311598,0.0,0.18756445767608113,0.0,0.0,6.008978149795439,-66416.38853800262
2026-08-06 04:00:00+00:00,1906.84,941130.6512916083,193.0091972409458,-200.66047315963155,7.919748548824799,0.0,0.1884440026950581,0.0,0.0,-25.83426144903933,-66442.22279945166
2026-08-06 05:00:00+00:00,1913.49,942393.5908678444,187.07009485145886,-187.07009485145886,12.924089777836,0.0,0.4737128815900031,496.40462573904483,0.0,816.8564530379663,-65625.36634641369
2026-08-06 06:00:00+00:00,1912.8,942264.367747359,187.57875363660176,-187.07009485145886,3.7280143479808006,0.0,0.44146989703157025,0.0,0.0,4.024729207099881,-65621.34161720659
2026-08-06 07:00:00+00:00,1908.52,941453.4166805688,191.4810067141708,-187.07009485145886,5.132806428772399,0.0,0.44048208274921186,0.0,0.0,-4.717772314383183,-65626.05938952097
2026-08-06 08:00:00+00:00,1915.44,942756.4934636705,185.37511648152503,-187.07009485145886,8.595488387996,0.0,0.44207920303751097,0.0,0.0,17.589294320583576,-65608.47009520039
2026-08-06 09:00:00+00:00,1906.68,941099.7848572233,193.17903863987104,-187.07009485145886,13.3245917472704,0.0,0.4400574149268896,0.0,0.0,-4.209926386232837,-65612.68002158662
2026-08-06 10:00:00+00:00,1901.78,940143.2882071055,197.42783457096272,-197.42783457096272,7.2235762985887995,0.0,0.43892650605222694,506.2536968609239,0.0,-42.03975366290251,-65654.71977524953
2026-08-06 11:00:00+00:00,1906.89,941140.2834303353,192.8393643334541,-197.42783457096272,9.457326016516802,0.0,0.46447376542497226,0.0,0.0,-1.9392116458329838,-65656.65898689536
2026-08-06 12:00:00+00:00,1898.19,939428.8962289842,200.66047315963155,-197.42783457096272,8.797027288190398,0.0,0.4623546490841255,0.0,0.0,15.494341353536583,-65641.16464554182
2026-08-06 13:00:00+00:00,1906.47,941059.2290087542,193.34888853065314,-197.42783457096272,20.9598699305212,0.0,0.46437146325679346,0.0,0.0,17.054550916247535,-65624.11009462558
2026-08-06 14:00:00+00:00,1914.06,942500.0166588817,186.56151235559796,-186.56151235559796,17.0040587145944,0.0,0.46622020958173904,516.6530932106945,0.0,683.8154340570254,-64940.29466056855
2026-08-06 15:00:00+00:00,1909.88,941712.8702806507,190.29288940441145,-186.56151235559796,15.312567350563201,0.0,0.439597587377349,0.0,0.0,8.432908353301173,-64931.86175221525
2026-08-06 16:00:00+00:00,1914.72,942622.8817751554,185.88352101355616,-186.56151235559796,9.0424336229472,0.0,0.44071161146415366,0.0,0.0,16.536919938102074,-64915.32483227715
2026-08-06 17:00:00+00:00,1913.1,942320.6063238325,187.4091922309274,-186.56151235559796,5.610963630542,0.0,0.4403387356334463,0.0,0.0,6.005501059356902,-64909.31933121779
2026-08-06 18:00:00+00:00,1905.21,940815.0755796663,194.36816622813728,-186.56151235559796,7.3617315505124,0.0,0.43852269223574214,0.0,0.0,-25.76015743784228,-64935.07948865563
2026-08-06 19:00:00+00:00,1908.77,941501.2409134824,191.31125021047487,-186.56151235559796,4.789787257204,0.0,0.4393420983822347,0.0,0.0,27.23547918575059,-64907.84400946988
2026-08-06 20:00:00+00:00,1906.16,940999.2823260222,193.51874691371788,-186.56151235559796,2.8419712217496,0.0,-0.249820304905202,0.0,0.0,-12.440889295270608,-64920.28489876515
2026-08-06 21:00:00+00:00,1905.25,940822.8503063153,194.36816622813728,-186.56151235559796,2.2510817308908004,0.0,-0.24970104079439087,0.0,0.0,-4.659662773112359,-64924.944561538265
2026-08-06 22:00:00+00:00,1904.18,940614.4576326124,195.3877497395105,-186.56151235559796,3.302472325652401,0.0,-0.24956080716959098,0.0,0.0,-5.718943963955098,-64930.66350550222
2026-08-06 23:00:00+00:00,1903.12,940406.9866836837,196.23763633968065,-196.23763633968065,4.347277199777601,0.0,-0.24942188413941535,525.8605057489881,0.0,-14.825303054436517,-64945.488808556656
2026-08-07 00:00:00+00:00,1903.0,940383.4428322603,196.4076391565253,-196.23763633968065,4.436503850757999,0.0,-0.26234175592297465,0.0,0.0,4.178827032148547,-64941.30998152451
2026-08-07 01:00:00+00:00,1902.45,940275.3461909499,196.91769860832883,-196.23763633968065,4.7860686626912,0.0,-0.26226593460623393,0.0,0.0,4.357861404525465,-64936.95212011998
2026-08-07 02:00:00+00:00,1901.75,940137.3653720684,197.42783457096272,-196.23763633968065,7.106463048846001,0.0,-0.26216943474856386,0.0,0.0,6.229820170337916,-64930.722299949644
2026-08-07 03:00:00+00:00,1896.53,939094.6621230094,202.19279516925056,-196.23763633968065,5.4649154116928,0.0,-0.2614498215242244,0.0,0.0,-13.139321775612189,-64943.86162172526
2026-08-07 04:00:00+00:00,1896.48,939084.5524832511,202.19279516925056,-196.23763633968065,5.9427039141844,0.0,2.373455199486333,0.0,0.0,8.018401172288577,-64935.84322055297
2026-08-07 05:00:00+00:00,1900.79,939947.434334844,198.27823123059318,-196.23763633968065,4.508026456597601,0.0,2.378849188302343,0.0,0.0,23.984514613803185,-64911.858705939165
2026-08-07 06:00:00+00:00,1903.81,940542.1576905202,195.72767888446762,-196.23763633968065,6.6137267521868,0.0,2.382628734990127,0.0,0.0,11.08204941751319,-64900.77665652165
2026-08-07 07:00:00+00:00,1901.66,940119.6000961806,197.5978968962308,-196.23763633968065,4.1033217769092,0.0,2.379937998109751,0.0,0.0,5.836583565709589,-64894.94007295594
2026-08-07 08:00:00+00:00,1909.9,941716.6761384388,190.29288940441145,-196.23763633968065,10.3991109023004,0.0,2.390250403641983,0.0,0.0,-7.132719874840404,-64902.07279283078
2026-08-07 09:00:00+00:00,1912.41,942191.1607675947,188.08748872246957,-196.23763633968065,12.7438370965596,0.0,2.3933916825116315,0.0,0.0,-2.9346092775813304,-64905.007402108364
2026-08-07 10:00:00+00:00,1912.13,942138.4965545845,188.25708404211989,-196.23763633968065,4.502395461551201,0.0,2.3930412609644196,0.0,0.0,9.177761887389352,-64895.829640220974
2026-08-07 11:00:00+00:00,1915.51,942769.4479551975,185.20566524944618,-185.20566524944618,8.2397131535888,0.0,2.3972713496414757,536.4264312205157,0.0,739.838972184727,-64155.99066803625
2026-08-07 12:00:00+00:00,1931.26,945576.706894215,171.3394553052058,-171.3394553052058,46.456197347856794,0.0,1.6207388279718309,549.8160595289725,0.0,1171.617280316852,-62984.373387719395
2026-08-07 13:00:00+00:00,1922.5,944042.2662616286,179.11105990775337,-171.3394553052058,14.370654737692398,0.0,1.4925942159224197,0.0,0.0,-17.643755159151624,-63002.01714287855
2026-08-07 14:00:00+00:00,1912.74,942253.1194620184,187.74832352013402,-187.74832352013402,28.155150531002004,0.0,1.485016728511547,565.5090088236834,0.0,-102.92649786656693,-63104.943640745114
2026-08-07 15:00:00+00:00,1916.99,943042.5535732361,184.0197438151073,-187.74832352013402,8.566261213229998,0.0,1.6308497035064047,0.0,0.0,1.70084717390273,-63103.24279357121
2026-08-07 16:00:00+00:00,1908.56,941461.0759208373,191.4810067141708,-187.74832352013402,10.7704010199224,0.0,1.6236780109046909,0.0,0.0,13.634793906814593,-63089.6079996644
2026-08-07 17:00:00+00:00,1911.41,942002.7883657711,188.93555012050317,-187.74832352013402,12.926731954184,0.0,1.6261026044889002,0.0,0.0,21.182557459971576,-63068.425442204425
2026-08-07 18:00:00+00:00,1908.93,941531.80993376,191.14150219396774,-187.74832352013402,4.9984133223108005,0.0,1.6239927827033427,0.0,0.0,1.2598164238661411,-63067.16562578056
2026-08-07 19:00:00+00:00,1917.85,943200.3429235069,183.1729111536152,-187.74832352013402,5.580130552909201,0.0,1.631581335254622,0.0,0.0,1.0296558354893932,-63066.13596994507
2026-08-07 20:00:00+00:00,1913.97,942483.2261227696,186.56151235559796,-187.74832352013402,2.7076291809284005,0.0,1.6282804850417338,0.0,0.0,15.682604186848039,-63050.45336575822
2026-08-07 21:00:00+00:00,1915.65,942795.3767483325,185.20566524944618,-187.74832352013402,4.9961206629128,0.0,0.015285553227932151,0.0,0.0,1.7448482651743689,-63048.70851749305
2026-08-07 22:00:00+00:00,1913.93,942475.7772355897,186.73103137833775,-187.74832352013402,2.1038228912383996,0.0,0.015271828825482829,0.0,0.0,5.446698431864206,-63043.26181906118
2026-08-07 23:00:00+00:00,1913.07,942314.9840480656,187.4091922309274,-187.74832352013402,1.7970853451484,0.0,0.015264966624258166,0.0,0.0,2.482721015046991,-63040.779098046136
2026-08-08 00:00:00+00:00,1913.41,942378.6252602563,187.07009485145886,-187.74832352013402,1.8763127649423998,0.0,0.015267679587533034,0.0,0.0,1.698362638380786,-63039.080735407755
2026-08-08 01:00:00+00:00,1913.81,942453.3695118243,186.73103137833775,-187.74832352013402,2.7246295086188,0.0,0.015270871309032876,0.0,0.0,2.3848225398905925,-63036.695912867865
2026-08-08 02:00:00+00:00,1912.27,942164.8285191735,188.08748872246957,-187.74832352013402,1.4876395544367997,0.0,0.015258583181258483,0.0,0.0,2.0943237078317907,-63034.60158916003
2026-08-08 03:00:00+00:00,1917.2,943081.149341489,183.85036034657918,-187.74832352013402,2.5588108250743997,0.0,0.01529792114874404,0.0,0.0,-6.704303892649477,-63041.30589305268
2026-08-08 04:00:00+00:00,1916.12,942882.2427814225,184.69736238307092,-187.74832352013402,1.5720624597508,0.0,0.015289303500694462,0.0,0.0,5.448981098532386,-63035.85691195415
2026-08-08 05:00:00+00:00,1916.69,942987.3421083082,184.189135752597,-187.74832352013402,1.4631582339819997,0.0,1.2316048813262148,0.0,0.0,0.7775455945666181,-63035.07936635958
2026-08-08 06:00:00+00:00,1915.66,942797.228804985,185.20566524944618,-187.74832352013402,1.2238975017088,0.0,1.2309430356298499,0.0,0.0,5.722310439799912,-63029.35705591978
2026-08-08 07:00:00+00:00,1914.29,942542.8836520656,186.39200180817346,-187.74832352013402,1.3794359156292002,0.0,1.2300627165968205,0.0,0.0,5.4795489355310565,-63023.87750698425
2026-08-08 08:00:00+00:00,1916.02,942863.7838514522,184.8667882006425,-187.74832352013402,1.6181520047600002,0.0,1.231174360339259,0.0,0.0,-1.0550739382160828,-63024.93258092247
2026-08-08 09:00:00+00:00,1918.05,943236.9475386096,183.00357002354502,-187.74832352013402,4.977448287720399,0.0,1.2324787746728718,0.0,0.0,-1.7554825260231155,-63026.68806344849
2026-08-08 10:00:00+00:00,1920.36,943657.1668025178,180.97213672253307,-187.74832352013402,2.3992037011867997,0.0,1.2339631082249136,0.0,0.0,-9.84619661387842,-63036.53426006237
2026-08-08 11:00:00+00:00,1920.05,943601.0553704003,181.310624306189,-187.74832352013402,2.0441750041836,0.0,1.233763911947367,0.0,0.0,5.368487089843256,-63031.16577297253
2026-08-08 12:00:00+00:00,1918.39,943299.0911068891,182.66491316224526,-187.74832352013402,2.216262271282,0.0,1.232697248009536,0.0,0.0,13.14691305145243,-63018.018859921074
2026-08-08 13:00:00+00:00,1919.24,943454.0151244819,181.98770102315967,-187.74832352013402,1.534705473434,0.0,3.2303951386598904,0.0,0.0,0.10304321279545547,-63017.91581670828
2026-08-08 14:00:00+00:00,1923.0,944131.6561177497,178.60367111791936,-187.74832352013402,6.029902697619599,0.0,3.2367238342484366,0.0,0.0,-19.02607663594972,-63036.94189334423
2026-08-08 15:00:00+00:00,1921.85,943925.7188349976,179.61852480780877,-187.74832352013402,2.3221479899616,0.0,3.2347881959700246,0.0,0.0,15.53022548196168,-63021.41166786227
2026-08-08 16:00:00+00:00,1921.68,943895.1781996813,179.78769668984913,-187.74832352013402,2.1125442512847994,0.0,3.234502058137564,0.0,0.0,6.723625991537119,-63014.68804187073
2026-08-08 17:00:00+00:00,1923.05,944140.5863013057,178.60367111791936,-187.74832352013402,2.753106817488,0.0,3.236807992434455,0.0,0.0,-5.817186788299296,-63020.50522865903
2026-08-08 18:00:00+00:00,1920.49,943680.6724948967,180.80290562293223,-187.74832352013402,2.7456971355968,0.0,3.232499093310338,0.0,0.0,26.70009803144785,-62993.80513062758
2026-08-08 19:00:00+00:00,1919.61,943521.2496536671,181.64914573860278,-187.74832352013402,1.8036954755379997,0.0,3.231017909236423,0.0,0.0,10.830396852921695,-62982.97473377466
2026-08-08 20:00:00+00:00,1919.41,943484.9201846549,181.81841914915194,-187.74832352013402,1.2386216558319996,0.0,3.230681276492352,0.0,0.0,5.689498624102271,-62977.28523515056
2026-08-08 21:00:00+00:00,1919.89,943572.0456705114,181.310624306189,-187.74832352013402,1.3266476305712,0.0,1.4400222347280651,0.0,0.0,-0.2270395678206114,-62977.51227471838
2026-08-08 22:00:00+00:00,1915.93,942847.1458405141,184.8667882006425,-187.74832352013402,2.8618042499832,0.0,1.437052018700312,0.0,0.0,22.882387411096715,-62954.62988730728
2026-08-08 23:00:00+00:00,1915.98,942856.3891799242,184.8667882006425,-187.74832352013402,3.3812040572860007,0.0,1.437089521427935,0.0,0.0,4.674216812767554,-62949.95567049451
2026-08-09 00:00:00+00:00,1917.15,943071.9568234717,183.85036034657918,-187.74832352013402,1.8499742359548,0.0,1.4379670852543167,0.0,0.0,-0.8099536498193629,-62950.76562414433
2026-08-09 01:00:00+00:00,1915.31,942732.3946985279,185.37511648152503,-187.74832352013402,2.6636563251008,0.0,1.4365869848777848,0.0,0.0,9.995033643230272,-62940.7705905011
2026-08-09 02:00:00+00:00,1913.86,942462.7060633932,186.73103137833775,-187.74832352013402,2.3354679254295996,0.0,1.4354994057767134,0.0,0.0,6.31740130068647,-62934.453189200416
2026-08-09 03:00:00+00:00,1913.07,942314.9840480656,187.4091922309274,-187.74832352013402,2.9634183922032,0.0,1.4349068626802677,0.0,0.0,4.997485508247337,-62929.45570369217
2026-08-09 04:00:00+00:00,1912.43,942194.9037846792,187.91790188194855,-187.74832352013402,2.0221641428056,0.0,1.4344268277666914,0.0,0.0,3.53525463706319,-62925.920449055106
2026-08-09 05:00:00+00:00,1913.63,942419.7530836945,186.90055887681683,-187.74832352013402,1.204511257958,0.0,1.8794878123172947,0.0,0.0,2.6353098613471957,-62923.28513919376
2026-08-09 06:00:00+00:00,1918.5,943319.1842473369,182.66491316224526,-187.74832352013402,3.4921256890656007,0.0,1.884270923810104,0.0,0.0,-9.526775287711644,-62932.81191448147
2026-08-09 07:00:00+00:00,1918.28,943279.0019234281,182.83423735989595,-187.74832352013402,2.0272329225384,0.0,1.884054848958273,0.0,0.0,5.033595037144551,-62927.778319444325
2026-08-09 08:00:00+00:00,1914.89,942654.4819737277,185.88352101355616,-187.74832352013402,8.961596661959199,0.0,1.880725331923237,0.0,0.0,22.78918902666919,-62904.989130417656
2026-08-09 09:00:00+00:00,1920.83,943742.0997597206,180.63368298425104,-187.74832352013402,4.8625238128996005,0.0,1.8865593529226803,0.0,0.0,-20.858172550826566,-62925.84730296848
2026-08-09 10:00:00+00:00,1919.3,943464.9343865432,181.98770102315967,-187.74832352013402,3.9028396948283994,0.0,1.8850566505440358,0.0,0.0,15.877458153780026,-62909.9698448147
2026-08-09 11:00:00+00:00,1918.35,943291.8003200432,182.83423735989595,-187.74832352013402,2.2799427965823997,0.0,1.884123600047492,0.0,0.0,9.390907240769593,-62900.57893757393
2026-08-09 12:00:00+00:00,1916.63,942976.290760163,184.189135752597,-187.74832352013402,2.8849928102939995,0.0,1.8824342875695388,0.0,0.0,12.18498367221764,-62888.393953901716
2026-08-09 13:00:00+00:00,1922.64,944067.3149558695,178.94192185501447,-187.74832352013402,9.05329457028,0.0,3.5993464097714387,0.0,0.0,-24.69058766948001,-62913.084541571196
2026-08-09 14:00:00+00:00,1924.37,944375.473200686,177.420059861715,-177.420059861715,5.187005076993601,0.0,3.6025851176360955,575.4467091918593,0.0,843.7620950132696,-62069.322446557926
2026-08-09 15:00:00+00:00,1925.75,944619.404134816,176.23686277625725,-177.420059861715,4.1998977796468,0.0,3.4068438857289647,0.0,0.0,6.697993186171516,-62062.624453371754
2026-08-09 16:00:00+00:00,1923.43,944208.3624100059,178.26545420251546,-177.420059861715,3.8067185447956,0.0,3.4027395742581654,0.0,0.0,7.782272188072966,-62054.84218118368
2026-08-09 17:00:00+00:00,1922.31,944008.2387122343,179.28020641718336,-177.420059861715,1.5869032530876,0.0,3.4007581825136417,0.0,0.0,3.574430709166336,-62051.267750474515
2026-08-09 18:00:00+00:00,1920.71,943720.4237177626,180.63368298425104,-177.420059861715,3.5349334114712003,0.0,3.3979276228786075,0.0,0.0,2.9899623413512018,-62048.277788133164
2026-08-09 19:00:00+00:00,1921.16,943801.6032530065,180.29526308795903,-177.420059861715,1.3192226301196,0.0,3.398723717775961,0.0,0.0,6.058454654012166,-62042.21933347915
2026-08-09 20:00:00+00:00,1919.99,943590.176732942,181.310624306189,-177.420059861715,2.2729784331648,0.0,3.3966538710428424,0.0,0.0,1.8245822779499576,-62040.3947512012
2026-08-09 21:00:00+00:00,1923.84,944281.3493963135,177.92727110542208,-177.420059861715,3.1667253796056,0.0,2.0599133210649234,0.0,0.0,13.33207160463644,-62027.062679596565
2026-08-09 22:00:00+00:00,1918.67,943350.1997717526,182.49559743016945,-177.420059861715,19.734442592663605,0.0,2.054377646648181,0.0,0.0,7.900905163391144,-62019.161774433174
2026-08-09 23:00:00+00:00,1909.57,941653.8668760208,190.46259499133998,-190.46259499133998,12.8387951886664,0.0,2.0446340030906653,587.8995260955983,0.0,-79.37973870216956,-62098.541513135344
2026-08-10 00:00:00+00:00,1911.99,942112.1495293132,188.426687841325,-190.46259499133998,18.8910953725072,0.0,2.1977211521798647,0.0,0.0,18.451989938039333,-62080.089523197305
2026-08-10 01:00:00+00:00,1924.65,944425.109327659,177.25100635263772,-177.25100635263772,12.564872444153199,0.0,2.212273084871248,600.6133681323375,0.0,1007.2258568847465,-61072.86366631256
2026-08-10 02:00:00+00:00,1922.87,944108.4383601329,178.77279225854403,-177.25100635263772,11.7845707291832,0.0,2.056912928002264,0.0,0.0,12.677307438767457,-61060.18635887379
2026-08-10 03:00:00+00:00,1916.5,942952.3409104916,184.35853615947227,-177.25100635263772,9.605156039967998,0.0,2.0500988764276,0.0,0.0,-15.353284258540953,-61075.53964313233
2026-08-10 04:00:00+00:00,1914.68,942615.4573516574,186.0530061375768,-177.25100635263772,5.2974459775603995,0.0,2.048152004549125,0.0,0.0,-6.941129290302342,-61082.480772422634
2026-08-10 05:00:00+00:00,1922.51,944044.0573722277,179.11105990775337,-177.25100635263772,4.969987786898801,0.0,1.4593339589950385,0.0,0.0,47.153962574971956,-61035.32680984766
2026-08-10 06:00:00+00:00,1927.23,944879.1481276846,174.8851444976787,-177.25100635263772,7.801227185284801,0.0,1.4629168044868468,0.0,0.0,7.730149462251575,-61027.59666038541
2026-08-10 07:00:00+00:00,1924.72,944437.4961083437,177.08196129560173,-177.25100635263772,6.9420683800987995,0.0,1.4610115201257368,0.0,0.0,11.651086504462,-61015.94557388095
2026-08-10 08:00:00+00:00,1926.0,944663.4214506239,176.0678684225979,-177.25100635263772,4.328300667428,0.0,1.4619831392421594,0.0,0.0,4.834337955478986,-61011.11123592547
2026-08-10 09:00:00+00:00,1915.5,942767.5958985451,185.20566524944618,-177.25100635263772,8.992634646719601,0.0,1.454012826177755,0.0,0.0,-24.24333790318633,-61035.354573828656
2026-08-10 10:00:00+00:00,1916.74,942996.5515650958,184.189135752597,-177.25100635263772,5.1959849632616,0.0,1.4549540821967895,0.0,0.0,15.815357718849555,-61019.539216109806
2026-08-10 11:00:00+00:00,1919.6,943519.4331622097,181.64914573860278,-177.25100635263772,4.493382638238001,0.0,1.4571250436600462,0.0,0.0,21.894226627286116,-60997.64498948252
2026-08-10 12:00:00+00:00,1905.03,940780.0830440982,194.53807557381293,-194.53807557381293,17.269377906857603,0.0,1.4460652854363918,617.0795608715453,0.0,-154.55370510047942,-61152.198694583
2026-08-10 13:00:00+00:00,1896.62,939112.8413830972,202.02250311629822,-194.53807557381293,25.941096243508,0.0,0.6613694127739381,0.0,0.0,-4.573979768931167,-61156.77267435193
2026-08-10 14:00:00+00:00,1892.61,938295.5583445707,205.77089576104478,-205.77089576104478,13.615337764074,0.0,0.6599710876770691,627.7092347788237,0.0,-33.539720531094645,-61190.312394883025
2026-08-10 15:00:00+00:00,1876.01,934757.6361235854,220.80576470739047,-220.80576470739047,44.5580700690936,0.0,0.6919556527458447,641.8120170248405,0.0,-90.97810787610797,-61281.29050275913
2026-08-10 16:00:00+00:00,1871.38,933726.1289733392,224.91767712669198,-220.80576470739047,17.7069407798368,0.0,0.7406815993349236,0.0,0.0,9.27116272818239,-61272.01934003095
2026-08-10 17:00:00+00:00,1872.71,934024.4414455859,223.71785961494385,-220.80576470739047,9.032966119427602,0.0,0.7412080057981302,0.0,0.0,14.414979311120987,-61257.60436071983
2026-08-10 18:00:00+00:00,1871.92,933847.4583304165,224.5748292737813,-220.80576470739047,8.153078093382,0.0,0.7408953282748721,0.0,0.0,6.347412371025712,-61251.256948348804
2026-08-10 19:00:00+00:00,1877.7,935129.2656952678,219.26506916433513,-220.80576470739047,5.6688922494308,0.0,0.7431830195209878,0.0,0.0,11.96212011159514,-61239.29482823721
2026-08-10 20:00:00+00:00,1878.76,935361.022898103,218.2383238895356,-220.80576470739047,3.292464223164,0.0,0.5724806331322865,0.0,0.0,1.5680371016496792,-61237.72679113556
2026-08-10 21:00:00+00:00,1873.42,934183.042624246,223.20378064143364,-220.80576470739047,3.3856932725544,0.0,0.5708534712910048,0.0,0.0,5.079056424270675,-61232.64773471129
2026-08-10 22:00:00+00:00,1875.4,934622.8521870594,221.31948396951796,-220.80576470739047,2.8372033595383996,0.0,0.5714568009624913,0.0,0.0,6.022808853245806,-61226.62492585804
2026-08-10 23:00:00+00:00,1872.31,933934.893323265,224.06062177088836,-220.80576470739047,3.9687573222252,0.0,0.570515241020626,0.0,0.0,-1.1297782852270757,-61227.75470414327
2026-08-11 00:00:00+00:00,1874.28,934374.5056192572,222.34715368477978,-220.80576470739047,3.9012824285116,0.0,0.5711155235725596,0.0,0.0,9.097337470731873,-61218.65736667254
2026-08-11 01:00:00+00:00,1877.23,935026.1657687216,219.6073860412353,-220.80576470739047,4.125637572648399,0.0,0.5720144238406834,0.0,0.0,4.980795574047079,-61213.67657109849
2026-08-11 02:00:00+00:00,1877.84,935159.9292730066,219.09392356169843,-220.80576470739047,2.8859682494731995,0.0,0.5722002981334139,0.0,0.0,2.530156361150148,-61211.14641473734
2026-08-11 03:00:00+00:00,1880.14,935661.2273696269,217.0408436255176,-220.80576470739047,3.055901975804,0.0,0.5729011356305953,0.0,0.0,-2.9263590953632956,-61214.072773832704
2026-08-11 04:00:00+00:00,1875.2,934578.5874606812,221.4907408473931,-220.80576470739047,3.366201684008,0.0,0.571395858571432,0.0,0.0,12.078166251449147,-61201.994607581255
2026-08-11 05:00:00+00:00,1873.27,934149.5620571498,223.20378064143364,-220.80576470739047,4.641033299532799,0.0,3.24284990845076,0.0,0.0,5.013605561871373,-61196.98100201938
2026-08-11 06:00:00+00:00,1873.47,934194.1789401585,223.03243811799197,-220.80576470739047,5.586996904519601,0.0,3.243196131889822,0.0,0.0,9.285923103554524,-61187.69507891583
2026-08-11 07:00:00+00:00,1876.84,934940.4685468051,219.94973714982234,-220.80576470739047,7.201710731397198,0.0,3.249029996838002,0.0,0.0,12.624920310983725,-61175.070158604845
2026-08-11 08:00:00+00:00,1878.56,935317.371283689,218.40942671325814,-220.80576470739047,4.7529209083132,0.0,3.252007518413929,0.0,0.0,5.121750013968267,-61169.94840859088
2026-08-11 09:00:00+00:00,1884.78,936657.8863710228,212.76754797358865,-220.80576470739047,5.570800889847201,0.0,3.2627750673687315,0.0,0.0,-24.063193189023877,-61194.0116017799
2026-08-11 10:00:00+00:00,1885.37,936783.2197921847,212.25511134153018,-220.80576470739047,9.598480390457999,0.0,3.263796426513962,0.0,0.0,7.920296801501536,-61186.0913049784
2026-08-11 11:00:00+00:00,1892.12,938194.685728906,206.11186322060462,-206.11186322060462,12.1318828194692,0.0,3.275481467582277,655.7133294654293,0.0,598.34081542887,-60587.75048954953
2026-08-11 12:00:00+00:00,1887.01,937129.9382186705,210.71826253457567,-206.11186322060462,12.5852929539544,0.0,3.0492515526047583,0.0,0.0,4.118655328427849,-60583.6318342211
2026-08-11 13:00:00+00:00,1889.26,937601.665140948,208.67020623659096,-206.11186322060462,11.0382159744288,0.0,2.640611281864706,0.0,0.0,21.654057287414616,-60561.97777693369
2026-08-11 14:00:00+00:00,1872.67,934015.5078937243,223.88923640860358,-223.88923640860358,20.606409684489602,0.0,2.6174235040225167,672.3589061894143,0.0,-160.18317992945958,-60722.16095686315
2026-08-11 15:00:00+00:00,1862.0,931576.1393042216,233.67189081355033,-223.88923640860358,32.2743875794596,0.0,2.8269794227450595,0.0,0.0,-15.369070020620711,-60737.53002688377
2026-08-11 16:00:00+00:00,1863.99,932039.0292420713,231.78183855174717,-223.88923640860358,9.611691604804799,0.0,2.830000738025007,0.0,0.0,29.79204973942251,-60707.737977144345
2026-08-11 17:00:00+00:00,1863.76,931985.7122937157,231.95361853427417,-223.88923640860358,4.1994071687952,0.0,2.829651540781596,0.0,0.0,5.2066347279105685,-60702.531342416434
2026-08-11 18:00:00+00:00,1865.32,932346.3699072753,230.57961912395376,-223.88923640860358,6.5289932126188,0.0,2.8320200090412535,0.0,0.0,20.751417983883584,-60681.77992443255
2026-08-11 19:00:00+00:00,1881.17,935884.1499733317,216.0147654849478,-223.88923640860358,13.200707967693601,0.0,2.8560842538589277,0.0,0.0,5.1924612015573075,-60676.58746323099
2026-08-11 20:00:00+00:00,1881.56,935968.3098554672,215.67280783418147,-223.88923640860358,7.162656995118001,0.0,2.856676370923842,0.0,0.0,6.862413302173081,-60669.72504992882
2026-08-11 21:00:00+00:00,1883.81,936451.1456244384,213.62177984919376,-223.88923640860358,5.6463612245648,0.0,5.272059780486144,0.0,0.0,-9.996591943061503,-60679.72164187188
2026-08-11 22:00:00+00:00,1881.63,935983.4069520156,215.67280783418147,-223.88923640860358,5.389790909657202,0.0,5.26595879879401,0.0,0.0,30.99561265634111,-60648.72602921554
2026-08-11 23:00:00+00:00,1881.8,936020.0356097097,215.501841831141,-223.88923640860358,3.0131943980415996,0.0,5.266434563421377,0.0,0.0,6.847116466131411,-60641.87891274941
2026-08-12 00:00:00+00:00,1881.73,936004.9504807815,215.501841831141,-223.88923640860358,2.7012080991624,0.0,5.26623866033952,0.0,0.0,8.55456437990506,-60633.324348369504
2026-08-12 01:00:00+00:00,1884.13,936519.4567903655,213.45091638986264,-223.88923640860358,3.4252622531336,0.0,5.272955337431779,0.0,0.0,-14.129640206090698,-60647.453988575595
2026-08-12 02:00:00+00:00,1883.85,936459.6904956324,213.62177984919376,-223.88923640860358,3.7958592072464,0.0,5.272171725104347,0.0,0.0,11.990722393646138,-60635.46326618195
2026-08-12 03:00:00+00:00,1885.77,936868.0132467095,211.913529618585,-211.913529618585,2.8588519993480004,0.0,5.2775450667781545,683.6506204861209,0.0,460.95517712317087,-60174.50808905878
2026-08-12 04:00:00+00:00,1888.61,937465.86651654,209.3527551435441,-211.913529618585,6.9787534483204,0.0,5.0027751396619475,0.0,0.0,8.0003743016714,-60166.50771475711
2026-08-12 05:00:00+00:00,1890.7,937901.18047985,207.47607406040055,-211.913529618585,3.3241639525992,0.0,3.6510589964743367,0.0,0.0,-0.6100906437059166,-60167.11780540081
2026-08-12 06:00:00+00:00,1886.83,937092.0026750827,210.8889893646301,-211.913529618585,4.519877947691599,0.0,3.6435857863847634,0.0,0.0,19.091018590639578,-60148.02678681017
2026-08-12 07:00:00+00:00,1890.82,937926.0475850074,207.30551786331395,-211.913529618585,4.226051119331999,0.0,3.6512907239189745,0.0,0.0,-3.612731410175911,-60151.63951822035
2026-08-12 08:00:00+00:00,1890.1,937776.6099443386,207.98779381894548,-211.913529618585,7.4533885762252,0.0,3.6499003592511468,0.0,0.0,14.243389592047606,-60137.3961286283
2026-08-12 09:00:00+00:00,1905.11,940795.6460901441,194.53807557381293,-194.53807557381293,19.277546687277603,0.0,3.6788856004512738,700.2016961137388,0.0,925.1140243142072,-59212.282104314094
2026-08-12 10:00:00+00:00,1908.31,941413.2059947189,191.65077170547957,-194.53807557381293,15.524308183497999,0.0,3.3829149774216707,0.0,0.0,13.945285899593728,-59198.3368184145
2026-08-12 11:00:00+00:00,1914.87,942650.7643033074,185.88352101355616,-194.53807557381293,7.564791487674401,0.0,3.3945440745033224,0.0,0.0,-27.652131613562233,-59225.98895002806
2026-08-12 12:00:00+00:00,1910.59,941847.6604103309,189.61415189888655,-194.53807557381293,35.0354279717332,0.0,2.6603175067091636,0.0,0.0,67.2148159578137,-59158.77413407025
2026-08-12 13:00:00+00:00,1900.38,939866.0788017474,198.78857127822218,-194.53807557381293,16.143662649355196,0.0,2.646101038632025,0.0,0.0,23.441906713131175,-59135.33222735712
2026-08-12 14:00:00+00:00,1886.76,937077.2544499727,211.05972473081258,-211.05972473081258,33.370544408465605,0.0,2.6271364651540003,715.787889495469,0.0,-118.80427496752236,-59254.13650232464
2026-08-12 15:00:00+00:00,1891.64,938095.6811202632,206.623378342408,-211.05972473081258,10.7804424695932,0.0,2.8576248441147025,0.0,0.0,2.0932809178411844,-59252.0432214068
2026-08-12 16:00:00+00:00,1889.84,937722.5249471467,208.15838412897673,-211.05972473081258,6.597046460520399,0.0,2.854905656151133,0.0,0.0,16.203283515649673,-59235.83993789115
2026-08-12 17:00:00+00:00,1887.3,937191.0047454917,210.54754424022252,-211.05972473081258,5.5697852690279985,0.0,2.851068579802541,0.0,0.0,12.992353010100487,-59222.84758488105
2026-08-12 18:00:00+00:00,1884.71,936642.9926426647,212.76754797358865,-211.05972473081258,3.7020890285744006,0.0,2.8471559704549603,0.0,0.0,5.181829224857211,-59217.66575565619
2026-08-12 19:00:00+00:00,1878.61,935328.2917550248,218.40942671325814,-211.05972473081258,8.4515441956684,0.0,2.8379409445784196,0.0,0.0,-15.947081641665136,-59233.61283729786
2026-08-12 20:00:00+00:00,1885.92,936899.7686687934,211.74275156535973,-211.05972473081258,4.7465729681096,0.0,2.596227353929619,0.0,0.0,35.97312630833039,-59197.639710989526
2026-08-12 21:00:00+00:00,1877.19,935017.38147328,219.6073860412353,-211.05972473081258,8.6731696958776,0.0,2.5842093124433387,0.0,0.0,-28.578419605044473,-59226.21813059457
2026-08-12 22:00:00+00:00,1877.55,935096.3919672534,219.43622332403797,-211.05972473081258,3.4879300283719994,0.0,2.584704901782979,0.0,0.0,9.101628000476921,-59217.11650259409
2026-08-12 23:00:00+00:00,1878.8,935369.7524310586,218.2383238895356,-211.05972473081258,4.158916474598401,0.0,2.586425698101175,0.0,0.0,16.281150064336543,-59200.83535252976
2026-08-13 00:00:00+00:00,1879.48,935517.8621229804,217.5539981353645,-211.05972473081258,8.9966873756992,0.0,2.5873618112982735,0.0,0.0,16.173128291884495,-59184.66222423787
2026-08-13 01:00:00+00:00,1877.41,935065.6708959881,219.43622332403797,-211.05972473081258,5.0326214007824,0.0,2.5845121725953413,0.0,0.0,-7.680463226148277,-59192.34268746402
2026-08-13 02:00:00+00:00,1881.26,935903.5913022254,216.0147654849478,-211.05972473081258,6.514878469923199,0.0,2.5898122252553843,0.0,0.0,34.44515671881527,-59157.897530745206
2026-08-13 03:00:00+00:00,1886.7,937064.5908664889,211.05972473081258,-211.05972473081258,8.7133395290952,0.0,2.597301130832173,0.0,0.0,24.145302387798438,-59133.75222835741
2026-08-13 04:00:00+00:00,1891.62,938091.5486526962,206.623378342408,-211.05972473081258,6.8887961404928015,0.0,4.2534542506617985,0.0,0.0,-0.3138090770880808,-59134.066037434495
2026-08-13 05:00:00+00:00,1895.08,938800.6914665035,203.55543814666603,-211.05972473081258,11.5931234083996,0.0,4.2612343289583325,0.0,0.0,-5.2694760239101015,-59139.335513458405
2026-08-13 06:00:00+00:00,1897.67,939324.4650859723,201.17117055248346,-211.05972473081258,5.0809456686788,0.0,4.267058144793022,0.0,0.0,-13.523063770568115,-59152.85857722897
2026-08-13 07:00:00+00:00,1894.62,938707.0242689392,203.89618406046432,-211.05972473081258,2.6643352675484,0.0,4.260199983288851,0.0,0.0,33.215878646675264,-59119.6426985823
2026-08-13 08:00:00+00:00,1889.18,937584.9796920705,208.84083066639,-211.05972473081258,5.5741234192632,0.0,4.247967721458463,0.0,0.0,35.94241680766572,-59083.70028177463
2026-08-13 09:00:00+00:00,1889.02,937551.5782575177,209.01146362719786,-211.05972473081258,8.766892409433202,0.0,4.2476079490516865,0.0,0.0,13.382621762575582,-59070.31766001206
2026-08-13 10:00:00+00:00,1882.29,936125.4660723266,214.98899510626623,-211.05972473081258,11.456549940261201,0.0,4.2324750221916645,0.0,0.0,10.008787209801085,-59060.308872802256
2026-08-13 11:00:00+00:00,1879.48,935517.8621229804,217.5539981353645,-211.05972473081258,10.215365865180003,0.0,4.226156519297659,0.0,0.0,-0.08460046818072442,-59060.39347327044
2026-08-13 12:00:00+00:00,1888.07,937352.7556903167,209.86475641128888,-211.05972473081258,9.0114848217764,0.0,2.950361313350811,0.0,0.0,33.85237803372729,-59026.54109523671
2026-08-13 13:00:00+00:00,1889.63,937678.7999275601,208.32898296831047,-211.05972473081258,12.949021943640002,0.0,2.9527990215124937,0.0,0.0,12.69288762852375,-59013.848207608185
2026-08-13 14:00:00+00:00,1892.63,938299.6737624859,205.77089576104478,-211.05972473081258,10.0427586580356,0.0,2.957486921823421,0.0,0.0,0.6949063131251023,-59013.15330129506
2026-08-13 15:00:00+00:00,1879.19,935454.7541271051,217.8961439051616,-211.05972473081258,14.3697076379252,0.0,2.9364851284304665,0.0,0.0,9.029257767753734,-59004.12404352731
2026-08-13 16:00:00+00:00,1873.99,934310.0095072662,222.5184619448559,-222.5184619448559,34.349424794356,0.0,2.9283594345581925,726.5246689713416,0.0,-20.69304648560501,-59024.81709001291
2026-08-13 17:00:00+00:00,1876.05,934766.4520946245,220.63454207575387,-222.5184619448559,8.129365123320001,0.0,3.090738087036181,0.0,0.0,9.274658962254762,-59015.54243105066
2026-08-13 18:00:00+00:00,1884.64,936628.1050852807,212.93837726535338,-222.5184619448559,6.3125724628443995,0.0,3.104889863464123,0.0,0.0,-40.363135123829124,-59055.905566174486
2026-08-13 19:00:00+00:00,1886.62,937047.7060885103,211.05972473081258,-211.05972473081258,9.1383184246976,0.0,3.1081518561681185,737.3338103727208,0.0,481.15802261979115,-58574.747543554695
2026-08-13 20:00:00+00:00,1885.27,936761.9942810505,212.25511134153018,-211.05972473081258,3.1983032784403997,0.0,1.3414357723188368,0.0,0.0,3.758559977519326,-58570.988983577176
2026-08-13 21:00:00+00:00,1887.87,937310.7929344594,210.03544056710402,-211.05972473081258,1.9564575526804,0.0,1.3432857635710338,0.0,0.0,3.343112425041909,-58567.64587115213
2026-08-13 22:00:00+00:00,1888.44,937430.2873564806,209.52341369993567,-211.05972473081258,4.490165992060401,0.0,1.3436913385763232,0.0,0.0,5.0242362552380655,-58562.621634896896
2026-08-13 23:00:00+00:00,1885.39,936787.4648944115,212.25511134153018,-211.05972473081258,3.2934783410080004,0.0,1.341521156530477,0.0,0.0,5.544697857410938,-58557.076937039485
2026-08-14 00:00:00+00:00,1888.73,937490.960776028,209.1821051194403,-211.05972473081258,3.7884939439112006,0.0,1.3438976837544527,0.0,0.0,3.6887926432536915,-58553.38814439623
2026-08-14 01:00:00+00:00,1888.59,937461.679461437,209.3527551435441,-211.05972473081258,3.4258033291636,0.0,1.3437980688408728,0.0,0.0,5.036648269400757,-58548.35149612683
2026-08-14 02:00:00+00:00,1885.75,936863.7749761171,211.913529618585,-211.05972473081258,2.6537675859295997,0.0,1.3417773091653964,0.0,0.0,5.500677810610796,-58542.85081831622
2026-08-14 03:00:00+00:00,1882.25,936116.8665125223,214.98899510626623,-211.05972473081258,4.974690080712801,0.0,1.3392869363259008,0.0,0.0,-1.8854500198649475,-58544.736268336084
2026-08-14 04:00:00+00:00,1883.91,936472.5078024233,213.62177984919376,-211.05972473081258,2.7595912951368002,0.0,1.3404680845869188,0.0,0.0,9.382206227550341,-58535.354062108534
2026-08-14 05:00:00+00:00,1883.08,936294.9971123892,214.30531912038518,-211.05972473081258,4.000899256025599,0.0,-0.33534197981389563,0.0,0.0,1.3344387686811388,-58534.01962333985
2026-08-14 06:00:00+00:00,1871.76,933811.5263577327,224.5748292737813,-224.5748292737813,9.944740952679199,0.0,-0.3333260956180605,749.9823264123944,0.0,-97.31177188631409,-58631.33139522617
2026-08-14 07:00:00+00:00,1872.34,933941.6151419182,224.06062177088836,-224.5748292737813,6.5583718000304,0.0,-0.35478036774208543,0.0,0.0,6.038974638977379,-58625.29242058719
2026-08-14 08:00:00+00:00,1877.76,935142.4017591217,219.09392356169843,-224.5748292737813,11.440537377104798,0.0,-0.3558073765082081,0.0,0.0,-5.324227459816029,-58630.616648047006
2026-08-14 09:00:00+00:00,1872.3,933932.6686455267,224.2320157022277,-224.5748292737813,4.6399111527692005,0.0,-0.3547727883415974,0.0,0.0,20.73059260435548,-58609.88605544265
2026-08-14 10:00:00+00:00,1875.2,934578.5874606812,221.4907408473931,-224.5748292737813,3.9377095072412,0.0,-0.35532229487697675,0.0,0.0,-1.7658025271593942,-58611.65185796981
2026-08-14 11:00:00+00:00,1877.33,935048.1265073258,219.6073860412353,-224.5748292737813,4.825602674474401,0.0,-0.3557258979529622,0.0,0.0,-4.335462932023802,-58615.98732090183
2026-08-14 12:00:00+00:00,1872.53,933984.163400627,223.88923640860358,-224.5748292737813,4.9656335652932,0.0,-0.3548163698944034,0.0,0.0,18.606891010720574,-58597.38042989111
2026-08-14 13:00:00+00:00,1869.07,933204.1639582557,227.14702401548095,-224.5748292737813,12.8793686727192,0.0,0.35993226029926506,0.0,0.0,10.268767848996504,-58587.111662042116
2026-08-14 14:00:00+00:00,1866.0,932502.8706805459,229.8928254809256,-224.5748292737813,10.4148784612828,0.0,0.3593410614468311,0.0,0.0,-1.0743323165152106,-58588.18599435863
2026-08-14 15:00:00+00:00,1880.72,935786.8824749965,216.5277660792265,-224.5748292737813,14.2069978212604,0.0,0.3621757347718565,0.0,0.0,-7.160518903459888,-58595.34651326209
2026-08-14 16:00:00+00:00,1884.74,936649.3756691039,212.76754797358865,-212.76754797358865,9.601648771929602,0.0,0.36294987789458755,761.109154091257,0.0,458.1136722221345,-58137.23284103996
2026-08-14 17:00:00+00:00,1877.9,935173.0749084204,219.09392356169843,-212.76754797358865,6.8988903668604005,0.0,0.34261942292620884,0.0,0.0,-13.729222754358489,-58150.962063794315
2026-08-14 18:00:00+00:00,1875.05,934545.3694426795,221.66200628789807,-212.76754797358865,5.1631756272908005,0.0,0.3420994456349049,0.0,0.0,-15.812678943315404,-58166.77474273763
2026-08-14 19:00:00+00:00,1879.91,935611.3099449589,217.21188657672374,-212.76754797358865,3.6820114298056,0.0,0.3429861437527074,0.0,0.0,35.91521670133079,-58130.8595260363
2026-08-14 20:00:00+00:00,1879.49,935520.0376629618,217.5539981353645,-212.76754797358865,1.6807368147060002,0.0,0.34290951552030474,0.0,0.0,0.11373448200174607,-58130.7457915543
2026-08-14 21:00:00+00:00,1878.53,935310.8190008877,218.40942671325814,-212.76754797358865,2.2576341928504,0.0,2.5635131606779367,0.0,0.0,-0.14066866588109406,-58130.88646022018
2026-08-14 22:00:00+00:00,1878.8,935369.7524310586,218.2383238895356,-212.76754797358865,2.2918149669203998,0.0,2.5638816129003574,0.0,0.0,6.341888797825959,-58124.54457142235
2026-08-14 23:00:00+00:00,1881.39,935931.6432671951,215.84378238530772,-212.76754797358865,2.2484517544884004,0.0,2.56741602495987,0.0,0.0,15.638754664360022,-58108.90581675799
2026-08-15 00:00:00+00:00,1881.7,935998.4854255265,215.501841831141,-212.76754797358865,1.8313735230511998,0.0,2.5678390626967222,0.0,0.0,5.2834310453617945,-58103.62238571263
2026-08-15 01:00:00+00:00,1883.35,936352.81628949,214.13442148665334,-212.76754797358865,1.9780400563684,0.0,2.570090715167068,0.0,0.0,7.812540578612243,-58095.80984513402
2026-08-15 02:00:00+00:00,1884.23,936540.7691817854,213.28006147306306,-212.76754797358865,2.3157128956904005,0.0,2.571291596484586,0.0,0.0,5.6044545708209625,-58090.2053905632
2026-08-15 03:00:00+00:00,1881.95,936052.3316917161,215.33088437576,-212.76754797358865,2.8250561226232005,0.0,2.5681802221619265,0.0,0.0,2.065755655254179,-58088.139634907944
2026-08-15 04:00:00+00:00,1883.62,936410.550334068,213.79265185148492,-212.76754797358865,1.4846310593684,0.0,2.570459167389488,0.0,0.0,6.951927462818276,-58081.187707445126
2026-08-15 05:00:00+00:00,1879.84,935596.1051128985,217.21188657672374,-212.76754797358865,2.5811412574443993,0.0,2.1838304527093833,0.0,0.0,-5.418918119190494,-58086.606625564316
2026-08-15 06:00:00+00:00,1881.38,935929.4848293712,215.84378238530772,-212.76754797358865,2.9246255490488,0.0,2.1856194873597645,0.0,0.0,10.82793762973597,-58075.77868793458
2026-08-15 07:00:00+00:00,1879.6,935543.9686027566,217.5539981353645,-212.76754797358865,1.4818837373864,0.0,2.1835516421145185,0.0,0.0,-3.1245558420487214,-58078.90324377663
2026-08-15 08:00:00+00:00,1876.16,934790.7218942528,220.63454207575387,-212.76754797358865,3.4030440624788,0.0,2.1795553569214596,0.0,0.0,-15.743744055303978,-58094.64698783193
2026-08-15 09:00:00+00:00,1879.55,935533.0909028498,217.5539981353645,-212.76754797358865,2.8332820027836,0.0,2.183493556573922,0.0,0.0,26.103796525902,-58068.54319130603
2026-08-15 10:00:00+00:00,1880.24,935682.9051961012,216.86980922581782,-212.76754797358865,1.6439871733932003,0.0,2.1842951370341575,0.0,0.0,6.832967460017244,-58061.710223846014
2026-08-15 11:00:00+00:00,1878.56,935317.371283689,218.40942671325814,-212.76754797358865,1.1387523711904,0.0,2.1823434628701053,0.0,0.0,-4.7633359824249055,-58066.47355982844
2026-08-15 12:00:00+00:00,1883.0,936277.8683109926,214.47622529878547,-212.76754797358865,2.1324741646147998,0.0,2.1875014588751003,0.0,0.0,20.129089924303116,-58046.344469904136
2026-08-15 13:00:00+00:00,1882.79,936232.8402149642,214.64714002228084,-212.76754797358865,3.3974965940784005,0.0,2.9769335703180655,0.0,0.0,6.0275192104891175,-58040.31695069365
2026-08-15 14:00:00+00:00,1882.68,936209.2290295619,214.64714002228084,-212.76754797358865,2.0213336267112,0.0,2.9767596461455685,0.0,0.0,4.791338147551869,-58035.525612546095
2026-08-15 15:00:00+00:00,1884.09,936510.9187537099,213.45091638986264,-212.76754797358865,2.5136173235568,0.0,2.9789890378112074,0.0,0.0,7.180087866654503,-58028.34552467944
2026-08-15 16:00:00+00:00,1884.05,936502.3807170542,213.45091638986264,-212.76754797358865,1.8593884158972,0.0,2.9789257926575727,0.0,0.0,4.810979471854807,-58023.534545207585
2026-08-15 17:00:00+00:00,1883.62,936410.550334068,213.79265185148492,-212.76754797358865,1.9853098409292003,0.0,2.9782459072559946,0.0,0.0,4.623218390617694,-58018.91132681697
2026-08-15 18:00:00+00:00,1881.97,936056.6383094037,215.33088437576,-212.76754797358865,1.2469953662532,0.0,2.9756370446685447,0.0,0.0,1.377061902967398,-58017.534264914
2026-08-15 19:00:00+00:00,1883.67,936421.2399666607,213.79265185148492,-212.76754797358865,0.8782382305776,0.0,2.9783249636980385,0.0,0.0,6.753388896235265,-58010.780876017765
2026-08-15 20:00:00+00:00,1882.44,936157.6979815456,214.81806329129887,-212.76754797358865,0.6806741523452001,0.0,-0.21177608311516394,0.0,0.0,-1.3690030384022975,-58012.14987905617
2026-08-15 21:00:00+00:00,1884.14,936521.5739762529,213.28006147306306,-212.76754797358865,0.9346373693355999,0.0,-0.2119673345448487,0.0,0.0,2.8938331870158436,-58009.25604586915
2026-08-15 22:00:00+00:00,1883.71,936429.7916727348,213.79265185148492,-212.76754797358865,1.2726684678288,0.0,-0.21191895918322257,0.0,0.0,0.7684916191647062,-58008.48755424999
2026-08-15 23:00:00+00:00,1881.73,936004.9504807815,215.501841831141,-212.76754797358865,2.0238917484792,0.0,-0.2116962075180603,0.0,0.0,-1.7492514246187056,-58010.236805674605
2026-08-16 00:00:00+00:00,1881.54,935963.9963993104,215.67280783418147,-212.76754797358865,1.571603354092,0.0,-0.21167483235827197,0.0,0.0,0.8316811656477512,-58009.40512450896
2026-08-16 01:00:00+00:00,1879.7,935565.6936501572,217.38293807986344,-212.76754797358865,3.5208296415380005,0.0,-0.2114678308108485,0.0,0.0,-3.5010990711161867,-58012.906223580074
2026-08-16 02:00:00+00:00,1882.77,936228.5472721639,214.64714002228084,-212.76754797358865,4.0528563293768,0.0,-0.21181320839269097,0.0,0.0,13.498292848802521,-57999.40793073127
2026-08-16 03:00:00+00:00,1882.15,936095.3666548119,215.15993546761123,-212.76754797358865,1.3815800468860002,0.0,-0.21174345787127655,0.0,0.0,-0.09490101939445594,-57999.502831750666
2026-08-16 04:00:00+00:00,1880.76,935795.5248701568,216.35675733147966,-212.76754797358865,2.2463229694080007,0.0,-0.211587081702299,0.0,0.0,-2.06015708410996,-58001.562988834776
2026-08-16 05:00:00+00:00,1879.01,935415.5415775728,218.06722962031236,-212.76754797358865,2.17780373673,0.0,0.9739941134618689,0.0,0.0,-4.488285779982107,-58006.05127461476
2026-08-16 06:00:00+00:00,1879.8,935587.4319439651,217.38293807986344,-212.76754797358865,2.3631608216856,0.0,0.974403613863482,0.0,0.0,7.141567928745644,-57998.90970668601
2026-08-16 07:00:00+00:00,1880.73,935789.0477526573,216.5277660792265,-212.76754797358865,1.0496406106576002,0.0,0.9748856839565201,0.0,0.0,5.766515371346031,-57993.143191314666
2026-08-16 08:00:00+00:00,1879.88,935604.7935883616,217.21188657672374,-212.76754797358865,1.2196105461900002,0.0,0.9744450822585821,0.0,0.0,-1.2076928897586185,-57994.350884204425
2026-08-16 09:00:00+00:00,1879.32,935483.0509806538,217.72506674365476,-212.76754797358865,2.233910009404,0.0,0.9741548034928816,0.0,0.0,0.6152839704009239,-57993.735600234024
2026-08-16 10:00:00+00:00,1879.94,935617.8263015562,217.21188657672374,-212.76754797358865,1.4681998607339999,0.0,0.9744761835549072,0.0,0.0,5.302117202998488,-57988.433483031025
2026-08-16 11:00:00+00:00,1880.14,935661.2273696269,217.0408436255176,-212.76754797358865,1.0547675478764003,0.0,0.9745798545426572,0.0,0.0,2.8769058783582295,-57985.55657715267
2026-08-16 12:00:00+00:00,1878.95,935402.4575437956,218.06722962031236,-212.76754797358865,1.4504858796376,0.0,0.9739630121655439,0.0,0.0,-3.1519948509157985,-57988.70857200358
2026-08-16 13:00:00+00:00,1880.94,935834.4517510551,216.18575713352962,-212.76754797358865,1.4209748265696,0.0,1.9860073462390053,0.0,0.0,11.993768964872288,-57976.71480303871
2026-08-16 14:00:00+00:00,1882.51,936172.7352459759,214.81806329129887,-212.76754797358865,3.0320182763184,0.0,1.9876650448012108,0.0,0.0,9.258127923414577,-57967.456675115296
2026-08-16 15:00:00+00:00,1883.22,936324.9788146967,214.13442148665334,-212.76754797358865,2.5022573776963997,0.0,1.9884147046605525,0.0,0.0,5.669281741866143,-57961.78739337343
2026-08-16 16:00:00+00:00,1888.6,937463.7729889886,209.3527551435441,-212.76754797358865,9.2389195697012,0.0,1.994095225848238,0.0,0.0,5.337780989560997,-57956.44961238387
2026-08-16 17:00:00+00:00,1884.2,936534.3707799413,213.28006147306306,-212.76754797358865,4.624860679016,0.0,1.9894494464382348,0.0,0.0,13.38931216198398,-57943.060300221885
2026-08-16 18:00:00+00:00,1884.54,936606.8112475541,212.93837726535338,-212.76754797358865,2.6024941263288004,0.0,1.9898084384835533,0.0,0.0,4.691803866633563,-57938.36849635525
2026-08-16 19:00:00+00:00,1884.88,936679.1631258202,212.76754797358865,-212.76754797358865,2.1234696784232,0.0,1.990167430528872,0.0,0.0,4.124549063984887,-57934.24394729127
2026-08-16 20:00:00+00:00,1881.08,935864.7177570537,216.18575713352962,-212.76754797358865,2.5267551555036,0.0,1.9861551664929598,0.0,0.0,-1.4157761448805104,-57935.65972343615
2026-08-16 21:00:00+00:00,1874.59,934443.3548637389,222.00456285851055,-212.76754797358865,10.4699983820136,0.0,1.3575922150613366,0.0,0.0,-28.67391636913817,-57964.333639805285
2026-08-16 22:00:00+00:00,1875.32,934605.1466283418,221.31948396951796,-212.76754797358865,7.656981502625602,0.0,1.3581208865665697,0.0,0.0,15.486556971358368,-57948.84708283393
2026-08-16 23:00:00+00:00,1875.22,934583.0172754981,221.4907408473931,-212.76754797358865,3.3510485452788,0.0,1.3580484658124283,0.0,0.0,3.8564989648002665,-57944.99058386913
2026-08-17 00:00:00+00:00,1878.12,935221.2090787331,218.75165802591258,-212.76754797358865,4.966399334462,0.0,1.3601486676825318,0.0,0.0,27.492462113747024,-57917.49812175538
2026-08-17 01:00:00+00:00,1890.71,937903.2552405907,207.47607406040055,-212.76754797358865,21.559209992309995,0.0,1.3692664406289483,0.0,0.0,26.231209302968637,-57891.26691245241
2026-08-17 02:00:00+00:00,1901.76,940139.3396504141,197.42783457096272,-197.42783457096272,17.306122065915204,0.0,1.377268933961585,775.6953807715458,0.0,835.2323523058731,-57056.03456014654
2026-08-17 03:00:00+00:00,1900.19,939828.320817156,198.9587016386253,-197.42783457096272,8.7579242549,0.0,1.276918163698202,0.0,0.0,8.977709436927398,-57047.05685070961
2026-08-17 04:00:00+00:00,1902.6,940304.8501430745,196.74767029042425,-197.42783457096272,5.2799666421676,0.0,1.2785376716287316,0.0,0.0,7.286748916332726,-57039.77010179328
2026-08-17 05:00:00+00:00,1898.85,939561.1080448533,200.1498523618144,-197.42783457096272,4.0264500066612,0.0,3.154195767221142,0.0,0.0,3.792927193782816,-57035.977174599495
2026-08-17 06:00:00+00:00,1906.19,941005.0878884294,193.51874691371788,-197.42783457096272,11.006106406442003,0.0,3.1663883031936533,0.0,0.0,9.03203253482934,-57026.945142064666
2026-08-17 07:00:00+00:00,1900.09,939808.4249469922,198.9587016386253,-197.42783457096272,6.2409244003792015,0.0,3.1562555416906126,0.0,0.0,17.044029387754563,-57009.90111267691
2026-08-17 08:00:00+00:00,1893.31,938439.2634291647,205.0890631185266,-197.42783457096272,12.3069118463772,0.0,3.144993226446249,0.0,0.0,-15.148894363599538,-57025.05000704051
2026-08-17 09:00:00+00:00,1893.02,938379.7734064824,205.25950849564646,-197.42783457096272,4.601521022806401,0.0,3.144511504997744,0.0,0.0,5.51008187115076,-57019.53992516936
2026-08-17 10:00:00+00:00,1906.27,941020.5693881826,193.51874691371788,-197.42783457096272,11.108997852280401,0.0,3.166521191869103,0.0,0.0,39.1526926790757,-56980.387232490284
2026-08-17 11:00:00+00:00,1903.75,940530.4140297872,195.72767888446762,-197.42783457096272,6.0164799823908,0.0,3.162335198592437,0.0,0.0,16.541599904383474,-56963.8456325859
2026-08-17 12:00:00+00:00,1898.1,939410.8484460263,200.8306971127889,-197.42783457096272,8.6144267225808,0.0,3.1529499358888007,0.0,0.0,7.669058223567845,-56956.17657436233
2026-08-17 13:00:00+00:00,1904.02,940583.1955926542,195.3877497395105,-197.42783457096272,13.639027285984799,0.0,3.0406140705586426,0.0,0.0,20.254007324278064,-56935.922567038055
2026-08-17 14:00:00+00:00,1908.77,941501.2409134824,191.31125021047487,-197.42783457096272,9.8510212408012,0.0,3.048199556443851,0.0,0.0,-6.837672586618282,-56942.76023962467
2026-08-17 15:00:00+00:00,1912.45,942198.6621427168,187.91790188194855,-197.42783457096272,15.191909796034,0.0,3.054076311824391,0.0,0.0,-10.867215878868592,-56953.62745550354
2026-08-17 16:00:00+00:00,1906.21,941008.9582633678,193.51874691371788,-197.42783457096272,6.6222976870564,0.0,3.0441113787878233,0.0,0.0,51.91221743960341,-56901.71523806394
2026-08-17 17:00:00+00:00,1907.96,941346.1072156972,191.99032715263303,-197.42783457096272,7.8776105779012005,0.0,3.046906031482373,0.0,0.0,2.5747584396231105,-56899.140479624315
2026-08-17 18:00:00+00:00,1909.12,941568.0861889591,190.9717626642253,-197.42783457096272,5.1833360143,0.0,3.0487584869827606,0.0,0.0,1.1947796608801582,-56897.945699963435
2026-08-17 19:00:00+00:00,1906.28,941022.5045756517,193.51874691371788,-197.42783457096272,3.3605327373844,0.0,3.044223164895605,0.0,0.0,21.518192776449723,-56876.427507186985
2026-08-17 20:00:00+00:00,1905.76,940921.8190053827,193.85848915839256,-197.42783457096272,3.8563351225296008,0.0,3.0433927538092242,0.0,0.0,8.876631584229472,-56867.550875602756
2026-08-17 21:00:00+00:00,1905.58,940886.9145470059,194.02837302085192,-197.42783457096272,1.6970343263427998,0.0,2.1787524142462984,0.0,0.0,4.508338586558239,-56863.0425370162
2026-08-17 22:00:00+00:00,1903.59,940499.105503665,195.89765620407655,-197.42783457096272,2.5840525832872,0.0,2.17647713989185,0.0,0.0,9.832877178552735,-56853.209659837645
2026-08-17 23:00:00+00:00,1912.7,942245.6095290775,187.74832352013402,-197.42783457096272,9.164564026481601,0.0,2.186893094348647,0.0,0.0,-40.71209040818212,-56893.92175024583
2026-08-18 00:00:00+00:00,1909.4,941621.4791800459,190.63230906333567,-197.42783457096272,3.8033512312304008,0.0,2.183120026323682,0.0,0.0,33.36797631008085,-56860.553773935746
2026-08-18 01:00:00+00:00,1900.46,939881.9564363902,198.61844942369913,-197.42783457096272,7.5422488949,0.0,2.172898442037868,0.0,0.0,35.197244745635544,-56825.35652919011
2026-08-18 02:00:00+00:00,1892.13,938196.7468475382,206.11186322060462,-197.42783457096272,15.142904059759598,0.0,2.163374303659699,0.0,0.0,-23.329448512486124,-56848.6859777026
2026-08-18 03:00:00+00:00,1893.68,938515.046594491,204.74819792875073,-197.42783457096272,12.9732243400412,0.0,2.1651465022774854,0.0,0.0,27.42497421016742,-56821.26100349243
2026-08-18 04:00:00+00:00,1895.77,938940.8118533569,202.87404852921625,-197.42783457096272,4.4471701885672,0.0,2.16753611202663,0.0,0.0,19.755790913193778,-56801.505212579235
2026-08-18 05:00:00+00:00,1894.57,938696.8294597361,203.89618406046432,-197.42783457096272,4.4523710773088006,0.0,1.0314176508876225,0.0,0.0,-1.5852034074123367,-56803.09041598665
2026-08-18 06:00:00+00:00,1902.02,940190.6387770965,197.2577807481728,-197.42783457096272,8.8156484447404,0.0,1.0354734849286518,0.0,0.0,32.823071736391285,-56770.26734425026
2026-08-18 07:00:00+00:00,1897.69,939328.4885093834,201.17117055248346,-197.42783457096272,4.194401142359601,0.0,1.0331162015195703,0.0,0.0,-2.0602266769928974,-56772.32757092725
2026-08-18 08:00:00+00:00,1899.36,939662.9908251258,199.6393081475434,-197.42783457096272,5.4205442359336,0.0,1.0340253616334656,0.0,0.0,11.252401606521744,-56761.07516932073
2026-08-18 09:00:00+00:00,1895.83,938952.9842962687,202.87404852921625,-197.42783457096272,2.9213387498731995,0.0,1.0321036040274476,0.0,0.0,-9.132830467766325,-56770.207999788494
2026-08-18 10:00:00+00:00,1897.09,939207.6926003178,201.68194455185943,-197.42783457096272,2.5843564924856,0.0,1.0327895571672727,0.0,0.0,9.566378539333527,-56760.64162124916
2026-08-18 11:00:00+00:00,1902.31,940247.7777131447,196.91769860832883,-197.42783457096272,6.437444450432399,0.0,1.0356313630322622,0.0,0.0,16.984892179934832,-56743.656729069226
2026-08-18 12:00:00+00:00,1898.47,939485.0388301389,200.4902577170341,-197.42783457096272,3.159682781032,0.0,1.0335408391775573,0.0,0.0,-0.42277463310892927,-56744.079503702334
2026-08-18 13:00:00+00:00,1897.05,939199.6253225358,201.68194455185943,-197.42783457096272,9.290770950402402,0.0,2.0800486176051867,0.0,0.0,6.304837055678945,-56737.774666646656
2026-08-18 14:00:00+00:00,1910.18,941769.8735564513,189.95350368406002,-197.42783457096272,37.326357991121995,0.0,2.0944452009051293,0.0,0.0,17.44156919080706,-56720.33309745585
2026-08-18 15:00:00+00:00,1916.88,943022.3114014165,184.0197438151073,-184.0197438151073,15.925017509278,0.0,2.1017915153079945,788.546231275588,0.0,1028.8255395362285,-55691.50755791962
2026-08-18 16:00:00+00:00,1917.65,943163.7030459184,183.34226075053058,-184.0197438151073,9.513441059436001,0.0,1.9598376330665512,0.0,0.0,11.16972045670991,-55680.33783746291
2026-08-18 17:00:00+00:00,1910.37,941805.9388033985,189.78382354978783,-184.0197438151073,6.163611914854799,0.0,1.9523974755984392,0.0,0.0,-9.984498155390611,-55690.3223356183
2026-08-18 18:00:00+00:00,1915.65,942795.3767483325,185.20566524944618,-184.0197438151073,3.8661802676096,0.0,1.957793633762125,0.0,0.0,23.63767149157502,-55666.684664126726
2026-08-18 19:00:00+00:00,1912.57,942221.2122909427,187.91790188194855,-184.0197438151073,3.1830063775068007,0.0,1.9546458748333082,0.0,0.0,-2.2459941869601607,-55668.930658313686
2026-08-18 20:00:00+00:00,1911.96,942106.496728678,188.426687841325,-184.0197438151073,3.3240679452024002,0.0,1.9540224550454584,0.0,0.0,2.8145718627856695,-55666.1160864509
2026-08-18 21:00:00+00:00,1911.21,941965.0076088485,189.10518784216404,-184.0197438151073,1.9966396808691997,0.0,1.5804535582548151,0.0,0.0,0.10278127095807577,-55666.01330517994
2026-08-18 22:00:00+00:00,1912.43,942194.9037846792,187.91790188194855,-184.0197438151073,2.7291363572460003,0.0,1.5814624234978132,0.0,0.0,9.70268715704151,-55656.3106180229
2026-08-18 23:00:00+00:00,1917.1,943062.7643054542,183.85036034657918,-184.0197438151073,4.3794315442836,0.0,1.5853242273378152,0.0,0.0,14.45307293006772,-55641.85754509283
2026-08-19 00:00:00+00:00,1912.63,942232.4671464312,187.74832352013402,-184.0197438151073,6.1567219851628,0.0,1.5816278112425672,0.0,0.0,0.009445626907108817,-55641.848099465926
2026-08-19 01:00:00+00:00,1912.82,942268.1193224317,187.57875363660176,-184.0197438151073,5.7920060551484,0.0,1.5817849296000832,0.0,0.0,8.062215660429501,-55633.785883805496
2026-08-19 02:00:00+00:00,1906.83,941128.7211996359,193.0091972409458,-184.0197438151073,6.627645438784,0.0,1.5768315666447061,0.0,0.0,-28.915380337937677,-55662.701264143434
2026-08-19 03:00:00+00:00,1911.21,941965.0076088485,189.10518784216404,-184.0197438151073,6.012885947200001,0.0,1.5804535582548151,0.0,0.0,37.873270807896915,-55624.82799333554
2026-08-19 04:00:00+00:00,1909.78,941693.8409917101,190.29288940441145,-184.0197438151073,3.0235084399836003,0.0,1.1597428469326116,0.0,0.0,-3.8351321958980407,-55628.663125531435
2026-08-19 05:00:00+00:00,1909.19,941581.4341026163,190.80203162082242,-184.0197438151073,2.5953891663612003,0.0,1.1593845604914035,0.0,0.0,-0.08046651605400257,-55628.74359204749
2026-08-19 06:00:00+00:00,1916.87,943020.4712039784,184.0197438151073,-184.0197438151073,9.734001454735601,0.0,1.1640483568786535,0.0,0.0,36.6635186737476,-55592.08007337374
2026-08-19 07:00:00+00:00,1915.14,942700.8724511039,185.54457618595433,-184.0197438151073,11.0005081042868,0.0,1.1629977881612132,0.0,0.0,10.918909818014072,-55581.16116355573
2026-08-19 08:00:00+00:00,1920.75,943727.649065082,180.63368298425104,-184.0197438151073,15.7340872738324,0.0,1.1664045456784622,0.0,0.0,11.326342994863808,-55569.83482056086
2026-08-19 09:00:00+00:00,1918.3,943282.6586081753,182.83423735989595,-184.0197438151073,4.907725332038001,0.0,1.164916746049717,0.0,0.0,11.930557518498972,-55557.904263042365
2026-08-19 10:00:00+00:00,1919.27,943459.4747555126,181.98770102315967,-184.0197438151073,4.125869987096,0.0,1.165505793249669,0.0,0.0,3.6083716168868705,-55554.29589142548
2026-08-19 11:00:00+00:00,1922.34,944013.6171184268,179.28020641718336,-184.0197438151073,7.371821070343999,0.0,1.1673700972742602,0.0,0.0,-2.2590594304710976,-55556.55495085595
2026-08-19 12:00:00+00:00,1936.33,946434.1297458772,166.95470913967486,-166.95470913967486,26.9000701249656,0.0,1.1758657367869723,805.068000572128,0.0,1683.346940857722,-53873.20800999823
2026-08-19 13:00:00+00:00,1931.76,945662.2690078665,171.00196473874877,-166.95470913967486,26.590801410067996,0.0,4.031455361595729,0.0,0.0,21.74453952924523,-53851.46347046898
2026-08-19 14:00:00+00:00,1969.89,951549.5787727173,138.09106155262327,-138.09106155262327,51.9459163716376,0.0,4.111030149839427,833.4971059447565,0.0,3921.254450567809,-49930.20901990117
2026-08-19 15:00:00+00:00,2085.16,961988.5587471705,44.51811370880845,-44.51811370880844,179.655239715794,0.0,3.599274473838349,931.0543899077609,0.0,22530.364256302248,-27399.844763598925
2026-08-19 16:00:00+00:00,2088.75,962142.8682445122,41.5959953306068,-41.5959953306068,58.54047313318201,0.0,1.1623401251159204,934.1061772889952,0.0,2766.493977571863,-24633.350786027062
2026-08-19 17:00:00+00:00,2090.09,962197.9058102363,40.62254011958888,-41.5959953306068,32.3094298472564,0.0,1.0867421735068497,0.0,0.0,32.695104001853906,-24600.655682025208
2026-08-19 18:00:00+00:00,2090.81,962226.9108253414,40.135922011366894,-41.5959953306068,14.638537769935201,0.0,1.087116537464825,0.0,0.0,14.781552774380543,-24585.874129250828
2026-08-19 19:00:00+00:00,2100.97,962593.2709186282,32.19814956144649,-32.19814956144649,22.9739179888908,0.0,1.092399228871812,943.9784733018116,0.0,9419.132085160398,-15166.74204409043
2026-08-19 20:00:00+00:00,2218.06,963270.5812065457,0.0,0.0,0.0,0.0,0.8927178452032751,979.6871871099427,0.0,88165.33371310335,72998.59166901292
2026-08-19 21:00:00+00:00,2286.12,963270.5812065457,0.0,0.0,0.0,0.0,0.0,979.6871871099427,0.0,0.0,72998.59166901292
2026-08-19 22:00:00+00:00,2249.61,963270.5812065457,0.0,0.0,0.0,0.0,0.0,979.6871871099427,0.0,0.0,72998.59166901292
2026-08-19 23:00:00+00:00,2252.16,963270.5812065457,0.0,0.0,0.0,0.0,0.0,979.6871871099427,0.0,0.0,72998.59166901292
2026-08-20 00:00:00+00:00,2261.7,963270.5812065457,0.0,0.0,0.0,0.0,0.0,979.6871871099427,0.0,0.0,72998.59166901292
2026-08-20 01:00:00+00:00,2265.67,963270.5812065457,0.0,0.0,0.0,0.0,0.0,979.6871871099427,0.0,0.0,72998.59166901292
2026-08-20 02:00:00+00:00,2251.29,963270.5812065457,0.0,0.0,0.0,0.0,0.0,979.6871871099427,0.0,0.0,72998.59166901292
2026-08-20 03:00:00+00:00,2250.86,963270.5812065457,0.0,0.0,0.0,0.0,0.0,979.6871871099427,0.0,0.0,72998.59166901292
2026-08-20 04:00:00+00:00,2249.8,963270.5812065457,0.0,0.0,0.0,0.0,0.0,979.6871871099427,0.0,0.0,72998.59166901292
2026-08-20 05:00:00+00:00,2247.88,963270.5812065457,0.0,0.0,0.0,0.0,0.0,979.6871871099427,0.0,0.0,72998.59166901292
2026-08-20 06:00:00+00:00,2262.1,963270.5812065457,0.0,0.0,0.0,0.0,0.0,979.6871871099427,0.0,0.0,72998.59166901292
2026-08-20 07:00:00+00:00,2251.49,963270.5812065457,0.0,0.0,0.0,0.0,0.0,979.6871871099427,0.0,0.0,72998.59166901292
2026-08-20 08:00:00+00:00,2281.92,963270.5812065457,0.0,0.0,0.0,0.0,0.0,979.6871871099427,0.0,0.0,72998.59166901292
2026-08-20 09:00:00+00:00,2278.3,963270.5812065457,0.0,0.0,0.0,0.0,0.0,979.6871871099427,0.0,0.0,72998.59166901292
2026-08-20 10:00:00+00:00,2286.34,963270.5812065457,0.0,0.0,0.0,0.0,0.0,979.6871871099427,0.0,0.0,72998.59166901292
2026-08-20 11:00:00+00:00,2295.6,963270.5812065457,0.0,0.0,0.0,0.0,0.0,979.6871871099427,0.0,0.0,72998.59166901292
2026-08-20 12:00:00+00:00,2289.57,963270.5812065457,0.0,0.0,0.0,0.0,0.0,979.6871871099427,0.0,0.0,72998.59166901292
2026-08-20 13:00:00+00:00,2276.03,963270.5812065457,0.0,0.0,0.0,0.0,0.0,979.6871871099427,0.0,0.0,72998.59166901292
2026-08-20 14:00:00+00:00,2280.12,963270.5812065457,0.0,0.0,0.0,0.0,0.0,979.6871871099427,0.0,0.0,72998.59166901292
2026-08-20 15:00:00+00:00,2325.12,963270.5812065457,0.0,0.0,0.0,0.0,0.0,979.6871871099427,0.0,0.0,72998.59166901292
2026-08-20 16:00:00+00:00,2343.94,963270.5812065457,0.0,0.0,0.0,0.0,0.0,979.6871871099427,0.0,0.0,72998.59166901292
2026-08-20 17:00:00+00:00,2343.1,963270.5812065457,0.0,0.0,0.0,0.0,0.0,979.6871871099427,0.0,0.0,72998.59166901292
2026-08-20 18:00:00+00:00,2315.21,963270.5812065457,0.0,0.0,0.0,0.0,0.0,979.6871871099427,0.0,0.0,72998.59166901292
2026-08-20 19:00:00+00:00,2322.72,963270.5812065457,0.0,0.0,0.0,0.0,0.0,979.6871871099427,0.0,0.0,72998.59166901292
2026-08-20 20:00:00+00:00,2317.55,963270.5812065457,0.0,0.0,0.0,0.0,0.0,979.6871871099427,0.0,0.0,72998.59166901292
2026-08-20 21:00:00+00:00,2317.62,963270.5812065457,0.0,0.0,0.0,0.0,0.0,979.6871871099427,0.0,0.0,72998.59166901292
2026-08-20 22:00:00+00:00,2313.33,963270.5812065457,0.0,0.0,0.0,0.0,0.0,979.6871871099427,0.0,0.0,72998.59166901292
2026-08-20 23:00:00+00:00,2326.18,963270.5812065457,0.0,0.0,0.0,0.0,0.0,979.6871871099427,0.0,0.0,72998.59166901292
2026-08-21 00:00:00+00:00,2339.95,963270.5812065457,0.0,0.0,0.0,0.0,0.0,979.6871871099427,0.0,0.0,72998.59166901292
2026-08-21 01:00:00+00:00,2358.71,963270.5812065457,0.0,0.0,0.0,0.0,0.0,979.6871871099427,0.0,0.0,72998.59166901292
2026-08-21 02:00:00+00:00,2344.73,963270.5812065457,0.0,0.0,0.0,0.0,0.0,979.6871871099427,0.0,0.0,72998.59166901292
2026-08-21 03:00:00+00:00,2339.9,963270.5812065457,0.0,0.0,0.0,0.0,0.0,979.6871871099427,0.0,0.0,72998.59166901292
2026-08-21 04:00:00+00:00,2353.12,963270.5812065457,0.0,0.0,0.0,0.0,0.0,979.6871871099427,0.0,0.0,72998.59166901292
2026-08-21 05:00:00+00:00,2367.36,963270.5812065457,0.0,0.0,0.0,0.0,0.0,979.6871871099427,0.0,0.0,72998.59166901292
2026-08-21 06:00:00+00:00,2371.51,963270.5812065457,0.0,0.0,0.0,0.0,0.0,979.6871871099427,0.0,0.0,72998.59166901292
2026-08-21 07:00:00+00:00,2371.51,963270.5812065457,0.0,0.0,0.0,0.0,0.0,979.6871871099427,0.0,0.0,72998.59166901292
2026-08-21 08:00:00+00:00,2444.89,963270.5812065457,0.0,0.0,0.0,0.0,0.0,979.6871871099427,0.0,0.0,72998.59166901292
2026-08-21 09:00:00+00:00,2403.77,963270.5812065457,0.0,0.0,0.0,0.0,0.0,979.6871871099427,0.0,0.0,72998.59166901292
2026-08-21 10:00:00+00:00,2394.73,963270.5812065457,0.0,0.0,0.0,0.0,0.0,979.6871871099427,0.0,0.0,72998.59166901292
2026-08-21 11:00:00+00:00,2370.42,963270.5812065457,0.0,0.0,0.0,0.0,0.0,979.6871871099427,0.0,0.0,72998.59166901292
2026-08-21 12:00:00+00:00,2387.75,963270.5812065457,0.0,0.0,0.0,0.0,0.0,979.6871871099427,0.0,0.0,72998.59166901292
2026-08-21 13:00:00+00:00,2386.98,963270.5812065457,0.0,0.0,0.0,0.0,0.0,979.6871871099427,0.0,0.0,72998.59166901292
2026-08-21 14:00:00+00:00,2393.14,963270.5812065457,0.0,0.0,0.0,0.0,0.0,979.6871871099427,0.0,0.0,72998.59166901292
2026-08-21 15:00:00+00:00,2393.03,963270.5812065457,0.0,0.0,0.0,0.0,0.0,979.6871871099427,0.0,0.0,72998.59166901292
2026-08-21 16:00:00+00:00,2405.13,963270.5812065457,0.0,0.0,0.0,0.0,0.0,979.6871871099427,0.0,0.0,72998.59166901292
2026-08-21 17:00:00+00:00,2422.98,963270.5812065457,0.0,0.0,0.0,0.0,0.0,979.6871871099427,0.0,0.0,72998.59166901292
2026-08-21 18:00:00+00:00,2419.8,963270.5812065457,0.0,0.0,0.0,0.0,0.0,979.6871871099427,0.0,0.0,72998.59166901292
2026-08-21 19:00:00+00:00,2412.41,963270.5812065457,0.0,0.0,0.0,0.0,0.0,979.6871871099427,0.0,0.0,72998.59166901292
2026-08-21 20:00:00+00:00,2440.07,963270.5812065457,0.0,0.0,0.0,0.0,0.0,979.6871871099427,0.0,0.0,72998.59166901292
2026-08-21 21:00:00+00:00,2513.52,963270.5812065457,0.0,0.0,0.0,0.0,0.0,979.6871871099427,0.0,0.0,72998.59166901292
2026-08-21 22:00:00+00:00,2522.0,963270.5812065457,0.0,0.0,0.0,0.0,0.0,979.6871871099427,0.0,0.0,72998.59166901292
2026-08-21 23:00:00+00:00,2515.97,963270.5812065457,0.0,0.0,0.0,0.0,0.0,979.6871871099427,0.0,0.0,72998.59166901292
2026-08-22 00:00:00+00:00,2521.69,963270.5812065457,0.0,0.0,0.0,0.0,0.0,979.6871871099427,0.0,0.0,72998.59166901292
2026-08-22 01:00:00+00:00,2506.28,963270.5812065457,0.0,0.0,0.0,0.0,0.0,979.6871871099427,0.0,0.0,72998.59166901292
2026-08-22 02:00:00+00:00,2515.33,963270.5812065457,0.0,0.0,0.0,0.0,0.0,979.6871871099427,0.0,0.0,72998.59166901292
2026-08-22 03:00:00+00:00,2514.35,963270.5812065457,0.0,0.0,0.0,0.0,0.0,979.6871871099427,0.0,0.0,72998.59166901292
2026-08-22 04:00:00+00:00,2513.88,963270.5812065457,0.0,0.0,0.0,0.0,0.0,979.6871871099427,0.0,0.0,72998.59166901292
2026-08-22 05:00:00+00:00,2439.44,963270.5812065457,0.0,0.0,0.0,0.0,0.0,979.6871871099427,0.0,0.0,72998.59166901292
2026-08-22 06:00:00+00:00,2436.94,963270.5812065457,0.0,0.0,0.0,0.0,0.0,979.6871871099427,0.0,0.0,72998.59166901292
2026-08-22 07:00:00+00:00,2432.54,963270.5812065457,0.0,0.0,0.0,0.0,0.0,979.6871871099427,0.0,0.0,72998.59166901292
2026-08-22 08:00:00+00:00,2425.34,963270.5812065457,0.0,0.0,0.0,0.0,0.0,979.6871871099427,0.0,0.0,72998.59166901292
2026-08-22 09:00:00+00:00,2421.49,963270.5812065457,0.0,0.0,0.0,0.0,0.0,979.6871871099427,0.0,0.0,72998.59166901292
2026-08-22 10:00:00+00:00,2412.14,963270.5812065457,0.0,0.0,0.0,0.0,0.0,979.6871871099427,0.0,0.0,72998.59166901292
2026-08-22 11:00:00+00:00,2423.41,963270.5812065457,0.0,0.0,0.0,0.0,0.0,979.6871871099427,0.0,0.0,72998.59166901292
2026-08-22 12:00:00+00:00,2427.31,963270.5812065457,0.0,0.0,0.0,0.0,0.0,979.6871871099427,0.0,0.0,72998.59166901292
2026-08-22 13:00:00+00:00,2429.35,963270.5812065457,0.0,0.0,0.0,0.0,0.0,979.6871871099427,0.0,0.0,72998.59166901292
2026-08-22 14:00:00+00:00,2413.02,963270.5812065457,0.0,0.0,0.0,0.0,0.0,979.6871871099427,0.0,0.0,72998.59166901292
2026-08-22 15:00:00+00:00,2410.37,963270.5812065457,0.0,0.0,0.0,0.0,0.0,979.6871871099427,0.0,0.0,72998.59166901292
2026-08-22 16:00:00+00:00,2421.89,963270.5812065457,0.0,0.0,0.0,0.0,0.0,979.6871871099427,0.0,0.0,72998.59166901292
2026-08-22 17:00:00+00:00,2425.9,963270.5812065457,0.0,0.0,0.0,0.0,0.0,979.6871871099427,0.0,0.0,72998.59166901292
2026-08-22 18:00:00+00:00,2426.54,963270.5812065457,0.0,0.0,0.0,0.0,0.0,979.6871871099427,0.0,0.0,72998.59166901292
2026-08-22 19:00:00+00:00,2438.18,963270.5812065457,0.0,0.0,0.0,0.0,0.0,979.6871871099427,0.0,0.0,72998.59166901292
2026-08-22 20:00:00+00:00,2431.02,963270.5812065457,0.0,0.0,0.0,0.0,0.0,979.6871871099427,0.0,0.0,72998.59166901292
2026-08-22 21:00:00+00:00,2406.39,963270.5812065457,0.0,0.0,0.0,0.0,0.0,979.6871871099427,0.0,0.0,72998.59166901292
2026-08-22 22:00:00+00:00,2413.17,963270.5812065457,0.0,0.0,0.0,0.0,0.0,979.6871871099427,0.0,0.0,72998.59166901292
2026-08-22 23:00:00+00:00,2421.4,963270.5812065457,0.0,0.0,0.0,0.0,0.0,979.6871871099427,0.0,0.0,72998.59166901292
2026-08-23 00:00:00+00:00,2429.95,963270.5812065457,0.0,0.0,0.0,0.0,0.0,979.6871871099427,0.0,0.0,72998.59166901292
2026-08-23 01:00:00+00:00,2422.33,963270.5812065457,0.0,0.0,0.0,0.0,0.0,979.6871871099427,0.0,0.0,72998.59166901292
2026-08-23 02:00:00+00:00,2415.98,963270.5812065457,0.0,0.0,0.0,0.0,0.0,979.6871871099427,0.0,0.0,72998.59166901292
2026-08-23 03:00:00+00:00,2413.19,963270.5812065457,0.0,0.0,0.0,0.0,0.0,979.6871871099427,0.0,0.0,72998.59166901292
2026-08-23 04:00:00+00:00,2378.24,963270.5812065457,0.0,0.0,0.0,0.0,0.0,979.6871871099427,0.0,0.0,72998.59166901292
2026-08-23 05:00:00+00:00,2372.6,963270.5812065457,0.0,0.0,0.0,0.0,0.0,979.6871871099427,0.0,0.0,72998.59166901292
2026-08-23 06:00:00+00:00,2389.35,963270.5812065457,0.0,0.0,0.0,0.0,0.0,979.6871871099427,0.0,0.0,72998.59166901292
2026-08-23 07:00:00+00:00,2388.29,963270.5812065457,0.0,0.0,0.0,0.0,0.0,979.6871871099427,0.0,0.0,72998.59166901292
2026-08-23 08:00:00+00:00,2412.25,963270.5812065457,0.0,0.0,0.0,0.0,0.0,979.6871871099427,0.0,0.0,72998.59166901292
2026-08-23 09:00:00+00:00,2410.91,963270.5812065457,0.0,0.0,0.0,0.0,0.0,979.6871871099427,0.0,0.0,72998.59166901292
2026-08-23 10:00:00+00:00,2414.8,963270.5812065457,0.0,0.0,0.0,0.0,0.0,979.6871871099427,0.0,0.0,72998.59166901292
2026-08-23 11:00:00+00:00,2433.29,963270.5812065457,0.0,0.0,0.0,0.0,0.0,979.6871871099427,0.0,0.0,72998.59166901292
2026-08-23 12:00:00+00:00,2426.61,963270.5812065457,0.0,0.0,0.0,0.0,0.0,979.6871871099427,0.0,0.0,72998.59166901292
2026-08-23 13:00:00+00:00,2458.64,963270.5812065457,0.0,0.0,0.0,0.0,0.0,979.6871871099427,0.0,0.0,72998.59166901292
2026-08-23 14:00:00+00:00,2437.94,963270.5812065457,0.0,0.0,0.0,0.0,0.0,979.6871871099427,0.0,0.0,72998.59166901292
2026-08-23 15:00:00+00:00,2437.69,963270.5812065457,0.0,0.0,0.0,0.0,0.0,979.6871871099427,0.0,0.0,72998.59166901292
2026-08-23 16:00:00+00:00,2449.7,963270.5812065457,0.0,0.0,0.0,0.0,0.0,979.6871871099427,0.0,0.0,72998.59166901292
2026-08-23 17:00:00+00:00,2439.24,963270.5812065457,0.0,0.0,0.0,0.0,0.0,979.6871871099427,0.0,0.0,72998.59166901292
2026-08-23 18:00:00+00:00,2447.59,963270.5812065457,0.0,0.0,0.0,0.0,0.0,979.6871871099427,0.0,0.0,72998.59166901292
2026-08-23 19:00:00+00:00,2443.58,963270.5812065457,0.0,0.0,0.0,0.0,0.0,979.6871871099427,0.0,0.0,72998.59166901292
2026-08-23 20:00:00+00:00,2449.22,963270.5812065457,0.0,0.0,0.0,0.0,0.0,979.6871871099427,0.0,0.0,72998.59166901292
2026-08-23 21:00:00+00:00,2469.14,963270.5812065457,0.0,0.0,0.0,0.0,0.0,979.6871871099427,0.0,0.0,72998.59166901292
2026-08-23 22:00:00+00:00,2454.13,963270.5812065457,0.0,0.0,0.0,0.0,0.0,979.6871871099427,0.0,0.0,72998.59166901292
2026-08-23 23:00:00+00:00,2462.58,963270.5812065457,0.0,0.0,0.0,0.0,0.0,979.6871871099427,0.0,0.0,72998.59166901292
2026-08-24 00:00:00+00:00,2464.6,963270.5812065457,0.0,0.0,0.0,0.0,0.0,979.6871871099427,0.0,0.0,72998.59166901292
2026-08-24 01:00:00+00:00,2428.27,963270.5812065457,0.0,0.0,0.0,0.0,0.0,979.6871871099427,0.0,0.0,72998.59166901292
2026-08-24 02:00:00+00:00,2442.54,963270.5812065457,0.0,0.0,0.0,0.0,0.0,979.6871871099427,0.0,0.0,72998.59166901292
2026-08-24 03:00:00+00:00,2429.78,963270.5812065457,0.0,0.0,0.0,0.0,0.0,979.6871871099427,0.0,0.0,72998.59166901292
2026-08-24 04:00:00+00:00,2436.72,963270.5812065457,0.0,0.0,0.0,0.0,0.0,979.6871871099427,0.0,0.0,72998.59166901292
2026-08-24 05:00:00+00:00,2448.07,963270.5812065457,0.0,0.0,0.0,0.0,0.0,979.6871871099427,0.0,0.0,72998.59166901292
2026-08-24 06:00:00+00:00,2455.58,963270.5812065457,0.0,0.0,0.0,0.0,0.0,979.6871871099427,0.0,0.0,72998.59166901292
2026-08-24 07:00:00+00:00,2453.97,963270.5812065457,0.0,0.0,0.0,0.0,0.0,979.6871871099427,0.0,0.0,72998.59166901292
2026-08-24 08:00:00+00:00,2453.62,963270.5812065457,0.0,0.0,0.0,0.0,0.0,979.6871871099427,0.0,0.0,72998.59166901292
2026-08-24 09:00:00+00:00,2462.2,963270.5812065457,0.0,0.0,0.0,0.0,0.0,979.6871871099427,0.0,0.0,72998.59166901292
2026-08-24 10:00:00+00:00,2464.24,963270.5812065457,0.0,0.0,0.0,0.0,0.0,979.6871871099427,0.0,0.0,72998.59166901292
2026-08-24 11:00:00+00:00,2493.52,963270.5812065457,0.0,0.0,0.0,0.0,0.0,979.6871871099427,0.0,0.0,72998.59166901292
2026-08-24 12:00:00+00:00,2511.99,963270.5812065457,0.0,0.0,0.0,0.0,0.0,979.6871871099427,0.0,0.0,72998.59166901292
2026-08-24 13:00:00+00:00,2492.76,963270.5812065457,0.0,0.0,0.0,0.0,0.0,979.6871871099427,0.0,0.0,72998.59166901292
2026-08-24 14:00:00+00:00,2515.0,963270.5812065457,0.0,0.0,0.0,0.0,0.0,979.6871871099427,0.0,0.0,72998.59166901292
2026-08-24 15:00:00+00:00,2486.64,963270.5812065457,0.0,0.0,0.0,0.0,0.0,979.6871871099427,0.0,0.0,72998.59166901292
2026-08-24 16:00:00+00:00,2477.03,963270.5812065457,0.0,0.0,0.0,0.0,0.0,979.6871871099427,0.0,0.0,72998.59166901292
2026-08-24 17:00:00+00:00,2467.92,963270.5812065457,0.0,0.0,0.0,0.0,0.0,979.6871871099427,0.0,0.0,72998.59166901292
2026-08-24 18:00:00+00:00,2473.21,963270.5812065457,0.0,0.0,0.0,0.0,0.0,979.6871871099427,0.0,0.0,72998.59166901292
2026-08-24 19:00:00+00:00,2470.54,963270.5812065457,0.0,0.0,0.0,0.0,0.0,979.6871871099427,0.0,0.0,72998.59166901292
2026-08-24 20:00:00+00:00,2474.44,963270.5812065457,0.0,0.0,0.0,0.0,0.0,979.6871871099427,0.0,0.0,72998.59166901292
2026-08-24 21:00:00+00:00,2482.78,963270.5812065457,0.0,0.0,0.0,0.0,0.0,979.6871871099427,0.0,0.0,72998.59166901292
2026-08-24 22:00:00+00:00,2473.38,963270.5812065457,0.0,0.0,0.0,0.0,0.0,979.6871871099427,0.0,0.0,72998.59166901292
2026-08-24 23:00:00+00:00,2481.03,963270.5812065457,0.0,0.0,0.0,0.0,0.0,979.6871871099427,0.0,0.0,72998.59166901292
2026-08-25 00:00:00+00:00,2492.2,963270.5812065457,0.0,0.0,0.0,0.0,0.0,979.6871871099427,0.0,0.0,72998.59166901292
2026-08-25 01:00:00+00:00,2494.87,963270.5812065457,0.0,0.0,0.0,0.0,0.0,979.6871871099427,0.0,0.0,72998.59166901292
2026-08-25 02:00:00+00:00,2506.94,963270.5812065457,0.0,0.0,0.0,0.0,0.0,979.6871871099427,0.0,0.0,72998.59166901292
2026-08-25 03:00:00+00:00,2497.96,963270.5812065457,0.0,0.0,0.0,0.0,0.0,979.6871871099427,0.0,0.0,72998.59166901292
2026-08-25 04:00:00+00:00,2493.72,963270.5812065457,0.0,0.0,0.0,0.0,0.0,979.6871871099427,0.0,0.0,72998.59166901292
2026-08-25 05:00:00+00:00,2507.61,963270.5812065457,0.0,0.0,0.0,0.0,0.0,979.6871871099427,0.0,0.0,72998.59166901292
2026-08-25 06:00:00+00:00,2499.9,963270.5812065457,0.0,0.0,0.0,0.0,0.0,979.6871871099427,0.0,0.0,72998.59166901292
2026-08-25 07:00:00+00:00,2477.66,963270.5812065457,0.0,0.0,0.0,0.0,0.0,979.6871871099427,0.0,0.0,72998.59166901292
2026-08-25 08:00:00+00:00,2484.0,963270.5812065457,0.0,0.0,0.0,0.0,0.0,979.6871871099427,0.0,0.0,72998.59166901292
2026-08-25 09:00:00+00:00,2473.62,963270.5812065457,0.0,0.0,0.0,0.0,0.0,979.6871871099427,0.0,0.0,72998.59166901292
2026-08-25 10:00:00+00:00,2480.94,963270.5812065457,0.0,0.0,0.0,0.0,0.0,979.6871871099427,0.0,0.0,72998.59166901292
2026-08-25 11:00:00+00:00,2477.1,963270.5812065457,0.0,0.0,0.0,0.0,0.0,979.6871871099427,0.0,0.0,72998.59166901292
2026-08-25 12:00:00+00:00,2472.69,963270.5812065457,0.0,0.0,0.0,0.0,0.0,979.6871871099427,0.0,0.0,72998.59166901292
2026-08-25 13:00:00+00:00,2459.99,963270.5812065457,0.0,0.0,0.0,0.0,0.0,979.6871871099427,0.0,0.0,72998.59166901292
2026-08-25 14:00:00+00:00,2475.96,963270.5812065457,0.0,0.0,0.0,0.0,0.0,979.6871871099427,0.0,0.0,72998.59166901292
2026-08-25 15:00:00+00:00,2481.56,963270.5812065457,0.0,0.0,0.0,0.0,0.0,979.6871871099427,0.0,0.0,72998.59166901292
2026-08-25 16:00:00+00:00,2469.59,963270.5812065457,0.0,0.0,0.0,0.0,0.0,979.6871871099427,0.0,0.0,72998.59166901292
2026-08-25 17:00:00+00:00,2469.93,963270.5812065457,0.0,0.0,0.0,0.0,0.0,979.6871871099427,0.0,0.0,72998.59166901292
2026-08-25 18:00:00+00:00,2466.04,963270.5812065457,0.0,0.0,0.0,0.0,0.0,979.6871871099427,0.0,0.0,72998.59166901292
2026-08-25 19:00:00+00:00,2462.03,963270.5812065457,0.0,0.0,0.0,0.0,0.0,979.6871871099427,0.0,0.0,72998.59166901292
2026-08-25 20:00:00+00:00,2435.25,963270.5812065457,0.0,0.0,0.0,0.0,0.0,979.6871871099427,0.0,0.0,72998.59166901292
2026-08-25 21:00:00+00:00,2440.8,963270.5812065457,0.0,0.0,0.0,0.0,0.0,979.6871871099427,0.0,0.0,72998.59166901292
2026-08-25 22:00:00+00:00,2452.7,963270.5812065457,0.0,0.0,0.0,0.0,0.0,979.6871871099427,0.0,0.0,72998.59166901292
2026-08-25 23:00:00+00:00,2441.72,963270.5812065457,0.0,0.0,0.0,0.0,0.0,979.6871871099427,0.0,0.0,72998.59166901292
2026-08-26 00:00:00+00:00,2445.07,963270.5812065457,0.0,0.0,0.0,0.0,0.0,979.6871871099427,0.0,0.0,72998.59166901292
2026-08-26 01:00:00+00:00,2454.99,963270.5812065457,0.0,0.0,0.0,0.0,0.0,979.6871871099427,0.0,0.0,72998.59166901292
2026-08-26 02:00:00+00:00,2464.18,963270.5812065457,0.0,0.0,0.0,0.0,0.0,979.6871871099427,0.0,0.0,72998.59166901292
2026-08-26 03:00:00+00:00,2464.58,963270.5812065457,0.0,0.0,0.0,0.0,0.0,979.6871871099427,0.0,0.0,72998.59166901292
2026-08-26 04:00:00+00:00,2455.77,963270.5812065457,0.0,0.0,0.0,0.0,0.0,979.6871871099427,0.0,0.0,72998.59166901292
2026-08-26 05:00:00+00:00,2463.85,963270.5812065457,0.0,0.0,0.0,0.0,0.0,979.6871871099427,0.0,0.0,72998.59166901292
2026-08-26 06:00:00+00:00,2459.03,963270.5812065457,0.0,0.0,0.0,0.0,0.0,979.6871871099427,0.0,0.0,72998.59166901292
2026-08-26 07:00:00+00:00,2460.51,963270.5812065457,0.0,0.0,0.0,0.0,0.0,979.6871871099427,0.0,0.0,72998.59166901292
2026-08-26 08:00:00+00:00,2455.31,963270.5812065457,0.0,0.0,0.0,0.0,0.0,979.6871871099427,0.0,0.0,72998.59166901292
2026-08-26 09:00:00+00:00,2446.8,963270.5812065457,0.0,0.0,0.0,0.0,0.0,979.6871871099427,0.0,0.0,72998.59166901292
2026-08-26 10:00:00+00:00,2467.67,963270.5812065457,0.0,0.0,0.0,0.0,0.0,979.6871871099427,0.0,0.0,72998.59166901292
2026-08-26 11:00:00+00:00,2462.03,963270.5812065457,0.0,0.0,0.0,0.0,0.0,979.6871871099427,0.0,0.0,72998.59166901292
2026-08-26 12:00:00+00:00,2454.0,963270.5812065457,0.0,0.0,0.0,0.0,0.0,979.6871871099427,0.0,0.0,72998.59166901292
2026-08-26 13:00:00+00:00,2456.16,963270.5812065457,0.0,0.0,0.0,0.0,0.0,979.6871871099427,0.0,0.0,72998.59166901292
2026-08-26 14:00:00+00:00,2438.1,963270.5812065457,0.0,0.0,0.0,0.0,0.0,979.6871871099427,0.0,0.0,72998.59166901292
2026-08-26 15:00:00+00:00,2448.97,963270.5812065457,0.0,0.0,0.0,0.0,0.0,979.6871871099427,0.0,0.0,72998.59166901292
2026-08-26 16:00:00+00:00,2443.66,963270.5812065457,0.0,0.0,0.0,0.0,0.0,979.6871871099427,0.0,0.0,72998.59166901292
2026-08-26 17:00:00+00:00,2459.94,963270.5812065457,0.0,0.0,0.0,0.0,0.0,979.6871871099427,0.0,0.0,72998.59166901292
2026-08-26 18:00:00+00:00,2471.72,963270.5812065457,0.0,0.0,0.0,0.0,0.0,979.6871871099427,0.0,0.0,72998.59166901292
2026-08-26 19:00:00+00:00,2469.51,963270.5812065457,0.0,0.0,0.0,0.0,0.0,979.6871871099427,0.0,0.0,72998.59166901292
2026-08-26 20:00:00+00:00,2471.28,963270.5812065457,0.0,0.0,0.0,0.0,0.0,979.6871871099427,0.0,0.0,72998.59166901292
2026-08-26 21:00:00+00:00,2495.89,963270.5812065457,0.0,0.0,0.0,0.0,0.0,979.6871871099427,0.0,0.0,72998.59166901292
2026-08-26 22:00:00+00:00,2492.61,963270.5812065457,0.0,0.0,0.0,0.0,0.0,979.6871871099427,0.0,0.0,72998.59166901292
2026-08-26 23:00:00+00:00,2505.66,963270.5812065457,0.0,0.0,0.0,0.0,0.0,979.6871871099427,0.0,0.0,72998.59166901292
2026-08-27 00:00:00+00:00,2490.71,963270.5812065457,0.0,0.0,0.0,0.0,0.0,979.6871871099427,0.0,0.0,72998.59166901292
2026-08-27 01:00:00+00:00,2496.81,963270.5812065457,0.0,0.0,0.0,0.0,0.0,979.6871871099427,0.0,0.0,72998.59166901292
2026-08-27 02:00:00+00:00,2493.83,963270.5812065457,0.0,0.0,0.0,0.0,0.0,979.6871871099427,0.0,0.0,72998.59166901292
2026-08-27 03:00:00+00:00,2491.95,963270.5812065457,0.0,0.0,0.0,0.0,0.0,979.6871871099427,0.0,0.0,72998.59166901292
2026-08-27 04:00:00+00:00,2486.45,963270.5812065457,0.0,0.0,0.0,0.0,0.0,979.6871871099427,0.0,0.0,72998.59166901292
2026-08-27 05:00:00+00:00,2495.52,963270.5812065457,0.0,0.0,0.0,0.0,0.0,979.6871871099427,0.0,0.0,72998.59166901292
2026-08-27 06:00:00+00:00,2492.06,963270.5812065457,0.0,0.0,0.0,0.0,0.0,979.6871871099427,0.0,0.0,72998.59166901292
2026-08-27 07:00:00+00:00,2496.19,963270.5812065457,0.0,0.0,0.0,0.0,0.0,979.6871871099427,0.0,0.0,72998.59166901292
2026-08-27 08:00:00+00:00,2529.9,963270.5812065457,0.0,0.0,0.0,0.0,0.0,979.6871871099427,0.0,0.0,72998.59166901292
2026-08-27 09:00:00+00:00,2533.57,963270.5812065457,0.0,0.0,0.0,0.0,0.0,979.6871871099427,0.0,0.0,72998.59166901292
2026-08-27 10:00:00+00:00,2502.75,963270.5812065457,0.0,0.0,0.0,0.0,0.0,979.6871871099427,0.0,0.0,72998.59166901292
2026-08-27 11:00:00+00:00,2500.41,963270.5812065457,0.0,0.0,0.0,0.0,0.0,979.6871871099427,0.0,0.0,72998.59166901292
2026-08-27 12:00:00+00:00,2493.92,963270.5812065457,0.0,0.0,0.0,0.0,0.0,979.6871871099427,0.0,0.0,72998.59166901292
2026-08-27 13:00:00+00:00,2495.24,963270.5812065457,0.0,0.0,0.0,0.0,0.0,979.6871871099427,0.0,0.0,72998.59166901292
2026-08-27 14:00:00+00:00,2516.23,963270.5812065457,0.0,0.0,0.0,0.0,0.0,979.6871871099427,0.0,0.0,72998.59166901292
2026-08-27 15:00:00+00:00,2520.58,963270.5812065457,0.0,0.0,0.0,0.0,0.0,979.6871871099427,0.0,0.0,72998.59166901292
2026-08-27 16:00:00+00:00,2521.19,963270.5812065457,0.0,0.0,0.0,0.0,0.0,979.6871871099427,0.0,0.0,72998.59166901292
2026-08-27 17:00:00+00:00,2517.03,963270.5812065457,0.0,0.0,0.0,0.0,0.0,979.6871871099427,0.0,0.0,72998.59166901292
2026-08-27 18:00:00+00:00,2505.64,963270.5812065457,0.0,0.0,0.0,0.0,0.0,979.6871871099427,0.0,0.0,72998.59166901292
2026-08-27 19:00:00+00:00,2496.79,963270.5812065457,0.0,0.0,0.0,0.0,0.0,979.6871871099427,0.0,0.0,72998.59166901292
2026-08-27 20:00:00+00:00,2506.96,963270.5812065457,0.0,0.0,0.0,0.0,0.0,979.6871871099427,0.0,0.0,72998.59166901292
2026-08-27 21:00:00+00:00,2503.1,963270.5812065457,0.0,0.0,0.0,0.0,0.0,979.6871871099427,0.0,0.0,72998.59166901292
2026-08-27 22:00:00+00:00,2513.8,963270.5812065457,0.0,0.0,0.0,0.0,0.0,979.6871871099427,0.0,0.0,72998.59166901292
2026-08-27 23:00:00+00:00,2509.74,963270.5812065457,0.0,0.0,0.0,0.0,0.0,979.6871871099427,0.0,0.0,72998.59166901292
2026-08-28 00:00:00+00:00,2514.53,963270.5812065457,0.0,0.0,0.0,0.0,0.0,979.6871871099427,0.0,0.0,72998.59166901292
2026-08-28 01:00:00+00:00,2511.01,963270.5812065457,0.0,0.0,0.0,0.0,0.0,979.6871871099427,0.0,0.0,72998.59166901292
2026-08-28 02:00:00+00:00,2490.77,963270.5812065457,0.0,0.0,0.0,0.0,0.0,979.6871871099427,0.0,0.0,72998.59166901292
2026-08-28 03:00:00+00:00,2488.61,963270.5812065457,0.0,0.0,0.0,0.0,0.0,979.6871871099427,0.0,0.0,72998.59166901292
2026-08-28 04:00:00+00:00,2484.74,963270.5812065457,0.0,0.0,0.0,0.0,0.0,979.6871871099427,0.0,0.0,72998.59166901292
2026-08-28 05:00:00+00:00,2492.04,963270.5812065457,0.0,0.0,0.0,0.0,0.0,979.6871871099427,0.0,0.0,72998.59166901292
2026-08-28 06:00:00+00:00,2501.7,963270.5812065457,0.0,0.0,0.0,0.0,0.0,979.6871871099427,0.0,0.0,72998.59166901292
2026-08-28 07:00:00+00:00,2495.34,963270.5812065457,0.0,0.0,0.0,0.0,0.0,979.6871871099427,0.0,0.0,72998.59166901292
2026-08-28 08:00:00+00:00,2487.19,963270.5812065457,0.0,0.0,0.0,0.0,0.0,979.6871871099427,0.0,0.0,72998.59166901292
2026-08-28 09:00:00+00:00,2488.62,963270.5812065457,0.0,0.0,0.0,0.0,0.0,979.6871871099427,0.0,0.0,72998.59166901292
2026-08-28 10:00:00+00:00,2505.52,963270.5812065457,0.0,0.0,0.0,0.0,0.0,979.6871871099427,0.0,0.0,72998.59166901292
2026-08-28 11:00:00+00:00,2504.11,963270.5812065457,0.0,0.0,0.0,0.0,0.0,979.6871871099427,0.0,0.0,72998.59166901292
2026-08-28 12:00:00+00:00,2497.99,963270.5812065457,0.0,0.0,0.0,0.0,0.0,979.6871871099427,0.0,0.0,72998.59166901292
2026-08-28 13:00:00+00:00,2508.51,963270.5812065457,0.0,0.0,0.0,0.0,0.0,979.6871871099427,0.0,0.0,72998.59166901292
2026-08-28 14:00:00+00:00,2512.04,963270.5812065457,0.0,0.0,0.0,0.0,0.0,979.6871871099427,0.0,0.0,72998.59166901292
2026-08-28 15:00:00+00:00,2470.35,963270.5812065457,0.0,0.0,0.0,0.0,0.0,979.6871871099427,0.0,0.0,72998.59166901292
2026-08-28 16:00:00+00:00,2440.83,963270.5812065457,0.0,0.0,0.0,0.0,0.0,979.6871871099427,0.0,0.0,72998.59166901292
2026-08-28 17:00:00+00:00,2442.45,963270.5812065457,0.0,0.0,0.0,0.0,0.0,979.6871871099427,0.0,0.0,72998.59166901292
2026-08-28 18:00:00+00:00,2427.47,963270.5812065457,0.0,0.0,0.0,0.0,0.0,979.6871871099427,0.0,0.0,72998.59166901292
2026-08-28 19:00:00+00:00,2434.42,963270.5812065457,0.0,0.0,0.0,0.0,0.0,979.6871871099427,0.0,0.0,72998.59166901292
2026-08-28 20:00:00+00:00,2426.63,963270.5812065457,0.0,0.0,0.0,0.0,0.0,979.6871871099427,0.0,0.0,72998.59166901292
2026-08-28 21:00:00+00:00,2423.99,963270.5812065457,0.0,0.0,0.0,0.0,0.0,979.6871871099427,0.0,0.0,72998.59166901292
2026-08-28 22:00:00+00:00,2440.93,963270.5812065457,0.0,0.0,0.0,0.0,0.0,979.6871871099427,0.0,0.0,72998.59166901292
2026-08-28 23:00:00+00:00,2441.9,963270.5812065457,0.0,0.0,0.0,0.0,0.0,979.6871871099427,0.0,0.0,72998.59166901292
2026-08-29 00:00:00+00:00,2441.42,963270.5812065457,0.0,0.0,0.0,0.0,0.0,979.6871871099427,0.0,0.0,72998.59166901292
2026-08-29 01:00:00+00:00,2442.44,963270.5812065457,0.0,0.0,0.0,0.0,0.0,979.6871871099427,0.0,0.0,72998.59166901292
2026-08-29 02:00:00+00:00,2437.59,963270.5812065457,0.0,0.0,0.0,0.0,0.0,979.6871871099427,0.0,0.0,72998.59166901292
2026-08-29 03:00:00+00:00,2434.05,963270.5812065457,0.0,0.0,0.0,0.0,0.0,979.6871871099427,0.0,0.0,72998.59166901292
2026-08-29 04:00:00+00:00,2439.14,963270.5812065457,0.0,0.0,0.0,0.0,0.0,979.6871871099427,0.0,0.0,72998.59166901292
2026-08-29 05:00:00+00:00,2437.8,963270.5812065457,0.0,0.0,0.0,0.0,0.0,979.6871871099427,0.0,0.0,72998.59166901292
2026-08-29 06:00:00+00:00,2433.93,963270.5812065457,0.0,0.0,0.0,0.0,0.0,979.6871871099427,0.0,0.0,72998.59166901292
2026-08-29 07:00:00+00:00,2435.2,963270.5812065457,0.0,0.0,0.0,0.0,0.0,979.6871871099427,0.0,0.0,72998.59166901292
2026-08-29 08:00:00+00:00,2432.98,963270.5812065457,0.0,0.0,0.0,0.0,0.0,979.6871871099427,0.0,0.0,72998.59166901292
2026-08-29 09:00:00+00:00,2434.21,963270.5812065457,0.0,0.0,0.0,0.0,0.0,979.6871871099427,0.0,0.0,72998.59166901292
2026-08-29 10:00:00+00:00,2433.58,963270.5812065457,0.0,0.0,0.0,0.0,0.0,979.6871871099427,0.0,0.0,72998.59166901292
2026-08-29 11:00:00+00:00,2434.87,963270.5812065457,0.0,0.0,0.0,0.0,0.0,979.6871871099427,0.0,0.0,72998.59166901292
2026-08-29 12:00:00+00:00,2433.52,963270.5812065457,0.0,0.0,0.0,0.0,0.0,979.6871871099427,0.0,0.0,72998.59166901292
2026-08-29 13:00:00+00:00,2434.59,963270.5812065457,0.0,0.0,0.0,0.0,0.0,979.6871871099427,0.0,0.0,72998.59166901292
2026-08-29 14:00:00+00:00,2447.34,963270.5812065457,0.0,0.0,0.0,0.0,0.0,979.6871871099427,0.0,0.0,72998.59166901292
2026-08-29 15:00:00+00:00,2443.51,963270.5812065457,0.0,0.0,0.0,0.0,0.0,979.6871871099427,0.0,0.0,72998.59166901292
2026-08-29 16:00:00+00:00,2449.7,963270.5812065457,0.0,0.0,0.0,0.0,0.0,979.6871871099427,0.0,0.0,72998.59166901292
2026-08-29 17:00:00+00:00,2449.34,963270.5812065457,0.0,0.0,0.0,0.0,0.0,979.6871871099427,0.0,0.0,72998.59166901292
2026-08-29 18:00:00+00:00,2451.12,963270.5812065457,0.0,0.0,0.0,0.0,0.0,979.6871871099427,0.0,0.0,72998.59166901292
2026-08-29 19:00:00+00:00,2452.16,963270.5812065457,0.0,0.0,0.0,0.0,0.0,979.6871871099427,0.0,0.0,72998.59166901292
2026-08-29 20:00:00+00:00,2451.54,963270.5812065457,0.0,0.0,0.0,0.0,0.0,979.6871871099427,0.0,0.0,72998.59166901292
2026-08-29 21:00:00+00:00,2450.34,963270.5812065457,0.0,0.0,0.0,0.0,0.0,979.6871871099427,0.0,0.0,72998.59166901292
2026-08-29 22:00:00+00:00,2451.48,963270.5812065457,0.0,0.0,0.0,0.0,0.0,979.6871871099427,0.0,0.0,72998.59166901292
2026-08-29 23:00:00+00:00,2456.5,963270.5812065457,0.0,0.0,0.0,0.0,0.0,979.6871871099427,0.0,0.0,72998.59166901292
2026-08-30 00:00:00+00:00,2457.81,963270.5812065457,0.0,0.0,0.0,0.0,0.0,979.6871871099427,0.0,0.0,72998.59166901292
2026-08-30 01:00:00+00:00,2455.44,963270.5812065457,0.0,0.0,0.0,0.0,0.0,979.6871871099427,0.0,0.0,72998.59166901292
2026-08-30 02:00:00+00:00,2453.69,963270.5812065457,0.0,0.0,0.0,0.0,0.0,979.6871871099427,0.0,0.0,72998.59166901292
2026-08-30 03:00:00+00:00,2456.0,963270.5812065457,0.0,0.0,0.0,0.0,0.0,979.6871871099427,0.0,0.0,72998.59166901292
2026-08-30 04:00:00+00:00,2454.8,963270.5812065457,0.0,0.0,0.0,0.0,0.0,979.6871871099427,0.0,0.0,72998.59166901292
2026-08-30 05:00:00+00:00,2454.99,963270.5812065457,0.0,0.0,0.0,0.0,0.0,979.6871871099427,0.0,0.0,72998.59166901292
2026-08-30 06:00:00+00:00,2460.1,963270.5812065457,0.0,0.0,0.0,0.0,0.0,979.6871871099427,0.0,0.0,72998.59166901292
2026-08-30 07:00:00+00:00,2454.19,963270.5812065457,0.0,0.0,0.0,0.0,0.0,979.6871871099427,0.0,0.0,72998.59166901292
2026-08-30 08:00:00+00:00,2455.86,963270.5812065457,0.0,0.0,0.0,0.0,0.0,979.6871871099427,0.0,0.0,72998.59166901292
2026-08-30 09:00:00+00:00,2452.61,963270.5812065457,0.0,0.0,0.0,0.0,0.0,979.6871871099427,0.0,0.0,72998.59166901292
2026-08-30 10:00:00+00:00,2458.65,963270.5812065457,0.0,0.0,0.0,0.0,0.0,979.6871871099427,0.0,0.0,72998.59166901292
2026-08-30 11:00:00+00:00,2459.11,963270.5812065457,0.0,0.0,0.0,0.0,0.0,979.6871871099427,0.0,0.0,72998.59166901292
2026-08-30 12:00:00+00:00,2467.99,963270.5812065457,0.0,0.0,0.0,0.0,0.0,979.6871871099427,0.0,0.0,72998.59166901292
2026-08-30 13:00:00+00:00,2474.16,963270.5812065457,0.0,0.0,0.0,0.0,0.0,979.6871871099427,0.0,0.0,72998.59166901292
2026-08-30 14:00:00+00:00,2475.76,963270.5812065457,0.0,0.0,0.0,0.0,0.0,979.6871871099427,0.0,0.0,72998.59166901292
2026-08-30 15:00:00+00:00,2479.91,963270.5812065457,0.0,0.0,0.0,0.0,0.0,979.6871871099427,0.0,0.0,72998.59166901292
2026-08-30 16:00:00+00:00,2528.29,963270.5812065457,0.0,0.0,0.0,0.0,0.0,979.6871871099427,0.0,0.0,72998.59166901292
2026-08-30 17:00:00+00:00,2504.62,963270.5812065457,0.0,0.0,0.0,0.0,0.0,979.6871871099427,0.0,0.0,72998.59166901292
2026-08-30 18:00:00+00:00,2509.86,963270.5812065457,0.0,0.0,0.0,0.0,0.0,979.6871871099427,0.0,0.0,72998.59166901292
2026-08-30 19:00:00+00:00,2502.76,963270.5812065457,0.0,0.0,0.0,0.0,0.0,979.6871871099427,0.0,0.0,72998.59166901292
2026-08-30 20:00:00+00:00,2489.59,963270.5812065457,0.0,0.0,0.0,0.0,0.0,979.6871871099427,0.0,0.0,72998.59166901292
2026-08-30 21:00:00+00:00,2480.64,963270.5812065457,0.0,0.0,0.0,0.0,0.0,979.6871871099427,0.0,0.0,72998.59166901292
2026-08-30 22:00:00+00:00,2469.51,963270.5812065457,0.0,0.0,0.0,0.0,0.0,979.6871871099427,0.0,0.0,72998.59166901292
2026-08-30 23:00:00+00:00,2415.55,963270.5812065457,0.0,0.0,0.0,0.0,0.0,979.6871871099427,0.0,0.0,72998.59166901292
2026-08-31 00:00:00+00:00,2427.14,963270.5812065457,0.0,0.0,0.0,0.0,0.0,979.6871871099427,0.0,0.0,72998.59166901292
2026-08-31 01:00:00+00:00,2412.17,963270.5812065457,0.0,0.0,0.0,0.0,0.0,979.6871871099427,0.0,0.0,72998.59166901292
2026-08-31 02:00:00+00:00,2406.99,963270.5812065457,0.0,0.0,0.0,0.0,0.0,979.6871871099427,0.0,0.0,72998.59166901292
2026-08-31 03:00:00+00:00,2419.95,963270.5812065457,0.0,0.0,0.0,0.0,0.0,979.6871871099427,0.0,0.0,72998.59166901292
2026-08-31 04:00:00+00:00,2416.36,963270.5812065457,0.0,0.0,0.0,0.0,0.0,979.6871871099427,0.0,0.0,72998.59166901292
2026-08-31 05:00:00+00:00,2434.91,963270.5812065457,0.0,0.0,0.0,0.0,0.0,979.6871871099427,0.0,0.0,72998.59166901292
2026-08-31 06:00:00+00:00,2437.55,963270.5812065457,0.0,0.0,0.0,0.0,0.0,979.6871871099427,0.0,0.0,72998.59166901292
2026-08-31 07:00:00+00:00,2439.02,963270.5812065457,0.0,0.0,0.0,0.0,0.0,979.6871871099427,0.0,0.0,72998.59166901292
2026-08-31 08:00:00+00:00,2445.0,963270.5812065457,0.0,0.0,0.0,0.0,0.0,979.6871871099427,0.0,0.0,72998.59166901292
2026-08-31 09:00:00+00:00,2445.47,963270.5812065457,0.0,0.0,0.0,0.0,0.0,979.6871871099427,0.0,0.0,72998.59166901292
2026-08-31 10:00:00+00:00,2454.37,963270.5812065457,0.0,0.0,0.0,0.0,0.0,979.6871871099427,0.0,0.0,72998.59166901292
2026-08-31 11:00:00+00:00,2445.1,963270.5812065457,0.0,0.0,0.0,0.0,0.0,979.6871871099427,0.0,0.0,72998.59166901292
2026-08-31 12:00:00+00:00,2450.61,963270.5812065457,0.0,0.0,0.0,0.0,0.0,979.6871871099427,0.0,0.0,72998.59166901292
2026-08-31 13:00:00+00:00,2439.53,963270.5812065457,0.0,0.0,0.0,0.0,0.0,979.6871871099427,0.0,0.0,72998.59166901292
2026-08-31 14:00:00+00:00,2466.78,963270.5812065457,0.0,0.0,0.0,0.0,0.0,979.6871871099427,0.0,0.0,72998.59166901292
2026-08-31 15:00:00+00:00,2466.4,963270.5812065457,0.0,0.0,0.0,0.0,0.0,979.6871871099427,0.0,0.0,72998.59166901292
2026-08-31 16:00:00+00:00,2468.0,963270.5812065457,0.0,0.0,0.0,0.0,0.0,979.6871871099427,0.0,0.0,72998.59166901292
2026-08-31 17:00:00+00:00,2474.17,963270.5812065457,0.0,0.0,0.0,0.0,0.0,979.6871871099427,0.0,0.0,72998.59166901292
2026-08-31 18:00:00+00:00,2476.57,963270.5812065457,0.0,0.0,0.0,0.0,0.0,979.6871871099427,0.0,0.0,72998.59166901292
2026-08-31 19:00:00+00:00,2480.77,963270.5812065457,0.0,0.0,0.0,0.0,0.0,979.6871871099427,0.0,0.0,72998.59166901292
2026-08-31 20:00:00+00:00,2471.8,963270.5812065457,0.0,0.0,0.0,0.0,0.0,979.6871871099427,0.0,0.0,72998.59166901292
2026-08-31 21:00:00+00:00,2477.35,963270.5812065457,0.0,0.0,0.0,0.0,0.0,979.6871871099427,0.0,0.0,72998.59166901292
2026-08-31 22:00:00+00:00,2468.23,963270.5812065457,0.0,0.0,0.0,0.0,0.0,979.6871871099427,0.0,0.0,72998.59166901292
2026-08-31 23:00:00+00:00,2466.53,963270.5812065457,0.0,0.0,0.0,0.0,0.0,979.6871871099427,0.0,0.0,72998.59166901292
