timestamp,price,lp_value,lp_delta,hedge_delta,fee_usd,lvr_usd,funding_usd,hedge_cost_usd,gas_usd,net_usd,cum_net
2026-08-01 00:00:00+00:00,1863.93,932025.1223317583,231.78183855174717,-231.78183855174717,99.56141313705531,0.0,0.0,0.0,0.0,-68091.32881627056,-68091.32881627056
2026-08-01 01:00:00+00:00,1866.0,932502.8706805459,229.8928254809256,-231.78183855174717,57.39353729891494,0.0,3.646016397517633,0.0,0.0,58.99949668199406,-68032.32931958856
2026-08-01 02:00:00+00:00,1867.48,932842.0306427744,228.51965018178862,-231.78183855174717,70.43211848375564,0.0,3.64890820044814,0.0,0.0,70.20386785610754,-67962.12545173246
2026-08-01 03:00:00+00:00,1869.0,933188.2636665746,227.14702401548095,-231.78183855174717,56.51211360189651,0.0,3.651878160214607,0.0,0.0,54.08862096365192,-67908.0368307688
2026-08-01 04:00:00+00:00,1868.84,933151.9200926889,227.31857226307406,-231.78183855174717,46.3465751311104,0.0,3.6515655328707677,0.0,0.0,50.73966094653588,-67857.29716982227
2026-08-01 05:00:00+00:00,1866.6,932640.6137003452,229.37782037830266,-231.78183855174717,72.05979489615042,0.0,1.2481778818403944,0.0,0.0,81.19289879020653,-67776.10427103206
2026-08-01 06:00:00+00:00,1869.47,933294.9029074333,226.80395325017258,-231.78183855174717,68.42551843638472,0.0,1.2500970238745108,0.0,0.0,58.750945904888795,-67717.35332512717
2026-08-01 07:00:00+00:00,1868.9,933165.5592070246,227.31857226307406,-231.78183855174717,62.228459384774396,0.0,1.2497158702301043,0.0,0.0,66.25012282079842,-67651.10320230637
2026-08-01 08:00:00+00:00,1868.45,933063.2281058182,227.66169449028402,-231.78183855174717,59.652804346714234,0.0,1.2494149594582045,0.0,0.0,62.872945447976235,-67588.2302568584
2026-08-01 09:00:00+00:00,1866.99,932729.9689093968,229.0345265556636,-231.78183855174717,81.37294783322533,0.0,1.2484386711760407,0.0,0.0,87.76367436860164,-67500.4665824898
2026-08-01 10:00:00+00:00,1866.45,932606.2134646797,229.5494801629259,-231.78183855174717,181.82381028058728,0.0,1.248077578249761,0.0,0.0,184.4786359596328,-67315.98794653016
2026-08-01 11:00:00+00:00,1866.17,932541.9300179991,229.721148530324,-231.78183855174717,47.113691311077595,0.0,1.247890344880579,0.0,0.0,48.97704976990644,-67267.01089676026
2026-08-01 12:00:00+00:00,1868.35,933040.4739891428,227.83326847075764,-231.78183855174717,79.9144684432459,0.0,3.1271594099774647,0.0,0.0,76.30119095413829,-67190.70970580612
2026-08-01 13:00:00+00:00,1868.36,933042.7523218275,227.83326847075764,-231.78183855174717,42.24700748652174,0.0,3.1271761475234814,0.0,0.0,45.33469793316908,-67145.37500787295
2026-08-01 14:00:00+00:00,1874.32,934383.3995054045,222.34715368477978,-231.78183855174717,112.4232149111361,0.0,3.137151724949266,0.0,0.0,74.78779244472389,-67070.58721542823
2026-08-01 15:00:00+00:00,1869.2,933233.6634251617,226.97548434465662,-231.78183855174717,80.07848902619811,0.0,3.1285821013888606,0.0,0.0,120.19400426972425,-66950.3932111585
2026-08-01 16:00:00+00:00,1867.93,932944.7601504379,228.17644216758814,-231.78183855174717,96.69746867000279,0.0,3.1264564330447757,0.0,0.0,105.28358533998835,-66845.10962581851
2026-08-01 17:00:00+00:00,1861.19,931386.6702896898,234.3594403074359,-231.78183855174717,220.3234133229922,0.0,3.1151753270297093,0.0,0.0,227.55831974063767,-66617.55130607788
2026-08-01 18:00:00+00:00,1835.75,925125.7127178165,258.16429806966136,-258.16429806966136,1408.058439325116,0.0,3.072595009963942,240.2283611958846,0.0,1022.4876351882122,-65595.06367088966
2026-08-01 19:00:00+00:00,1836.48,925313.8145044814,257.47198831827427,-258.16429806966136,269.80450302094226,0.0,3.423692618221624,0.0,0.0,272.870044713236,-65322.19362617643
2026-08-01 20:00:00+00:00,1837.48,925570.6644391306,256.433783259761,-258.16429806966136,125.43286813774132,0.0,1.6454769537591123,0.0,0.0,125.76398167102889,-65196.4296445054
2026-08-01 21:00:00+00:00,1844.9,927447.2034433044,249.5203696764318,-258.16429806966136,151.4233038077763,0.0,1.6521216187333665,0.0,0.0,114.03533792342932,-65082.39430658197
2026-08-01 22:00:00+00:00,1846.46,927835.1600317296,247.96675611380314,-258.16429806966136,101.98212901592525,0.0,1.6535186102912958,0.0,0.0,88.85593106278247,-64993.53837551919
2026-08-01 23:00:00+00:00,1844.17,927264.8759682012,250.21108902457445,-258.16429806966136,90.57308164214297,0.0,1.651467898324848,0.0,0.0,113.13672859156213,-64880.401646927625
2026-08-02 00:00:00+00:00,1846.06,927735.9111518736,248.48454962649345,-258.16429806966136,129.20882563598016,0.0,1.6531604073277242,0.0,0.0,113.96664636413334,-64766.43500056349
2026-08-02 01:00:00+00:00,1856.29,930227.6050754711,238.83186521845752,-238.83186521845752,254.34090270143918,0.0,1.6623214481210693,258.1716620845652,0.0,-3.2934565359246335,-64769.728457099416
2026-08-02 02:00:00+00:00,1876.2,934799.5472759358,220.63454207575387,-220.63454207575387,767.7127898126575,0.0,1.5543341985324555,275.24257092473545,0.0,837.6697345181747,-63932.05872258124
2026-08-02 03:00:00+00:00,1876.61,934889.8795235308,220.29212249352082,-220.63454207575387,176.1053044178056,0.0,1.4362185521415822,0.0,0.0,177.41360831399652,-63754.645114267245
2026-08-02 04:00:00+00:00,1880.23,935680.736498009,216.86980922581782,-220.63454207575387,153.86361519437884,0.0,2.907535677573825,0.0,0.0,148.93108303580084,-63605.714031231444
2026-08-02 05:00:00+00:00,1875.67,934682.5609031327,221.14823565384435,-220.63454207575387,174.92621255935433,0.0,2.900484219672538,0.0,0.0,185.74461376816907,-63419.969417463275
2026-08-02 06:00:00+00:00,1876.72,934914.0770549072,220.1209255420689,-220.63454207575387,87.08602428148416,0.0,2.90210791063665,0.0,0.0,89.83801478714304,-63330.13140267613
2026-08-02 07:00:00+00:00,1875.32,934605.1466283418,221.31948396951796,-220.63454207575387,53.36443298222244,0.0,2.8999429893511675,0.0,0.0,56.22230831219349,-63273.90909436394
2026-08-02 08:00:00+00:00,1867.34,932810.0368805754,228.69126705897466,-220.63454207575387,216.68221432616784,0.0,2.887602938023915,0.0,0.0,185.12371526231436,-63088.785379101624
2026-08-02 09:00:00+00:00,1870.21,933462.3752045056,226.1179146270637,-220.63454207575387,189.71904559205913,0.0,2.8920410266591547,0.0,0.0,211.7282747915524,-62877.05710431007
2026-08-02 10:00:00+00:00,1867.76,932905.9771256684,228.34804188480254,-220.63454207575387,85.10471949508421,0.0,2.88825241440956,0.0,0.0,72.14952115790948,-62804.90758315216
2026-08-02 11:00:00+00:00,1851.75,929133.8356341358,243.13776000722922,-243.13776000722922,422.9621301942296,0.0,2.863494993137717,296.0777378270402,0.0,165.2079853851974,-62639.699597766965
2026-08-02 12:00:00+00:00,1855.98,930153.5316968762,239.17613877496254,-243.13776000722922,211.39598497831474,0.0,0.8088814345241545,0.0,0.0,203.42820432266308,-62436.2713934443
2026-08-02 13:00:00+00:00,1853.96,929668.6587705796,241.07025881703998,-243.13776000722922,103.28813278356877,0.0,0.8080010691658323,0.0,0.0,110.36148277077882,-62325.90991067352
2026-08-02 14:00:00+00:00,1854.0,929678.3015809322,241.07025881703998,-243.13776000722922,133.65725573434997,0.0,0.8080185021432248,0.0,0.0,134.38257418882858,-62191.527336484694
2026-08-02 15:00:00+00:00,1857.77,930580.0317562688,237.45511519715086,-243.13776000722922,143.93519967064907,0.0,0.8096615602624696,0.0,0.0,129.84568134025903,-62061.681655144435
2026-08-02 16:00:00+00:00,1862.37,931662.4816559977,233.32816762680454,-243.13776000722922,191.46520604694868,0.0,0.8116663526626092,0.0,0.0,156.29307609524403,-61905.38857904919
2026-08-02 17:00:00+00:00,1867.79,932912.827566925,228.34804188480254,-228.34804188480254,133.3484912469971,0.0,0.8140285210992955,309.8897816329839,0.0,176.47145061433548,-61728.917128434856
2026-08-02 18:00:00+00:00,1875.16,934569.7278310473,221.4907408473931,-228.34804188480254,410.6553827173054,0.0,0.7675289872406161,0.0,0.0,385.39810713582847,-61343.51902129903
2026-08-02 19:00:00+00:00,1881.39,935931.6432671951,215.84378238530772,-215.84378238530772,197.8194510964494,0.0,0.7700790126200553,321.65247602286115,0.0,407.4438025878262,-60936.0752187112
2026-08-02 20:00:00+00:00,1883.04,936286.4248996244,214.30531912038518,-215.84378238530772,135.8405207740218,0.0,5.080530949785373,0.0,0.0,139.560443217415,-60796.514775493786
2026-08-02 21:00:00+00:00,1889.74,937701.7161156867,208.32898296831047,-215.84378238530772,374.85783518901405,0.0,5.098607866560143,0.0,0.0,349.0943171362669,-60447.42045835752
2026-08-02 22:00:00+00:00,1881.3,935912.2318928447,216.0147654849478,-215.84378238530772,378.82674124044115,0.0,5.075836347518493,0.0,0.0,416.13987807794183,-60031.28058027958
2026-08-02 23:00:00+00:00,1884.37,936570.6039614317,213.10921509836928,-215.84378238530772,184.0525209080098,0.0,5.084119352667528,0.0,0.0,184.8682969247966,-59846.41228335478
2026-08-03 00:00:00+00:00,1873.02,934093.75093152,223.54649138948082,-215.84378238530772,257.7554967582697,0.0,5.053496516041614,0.0,0.0,235.7828934358913,-59610.62938991889
2026-08-03 01:00:00+00:00,1866.38,932590.1450010682,229.5494801629259,-229.5494801629259,231.80902901479197,0.0,5.035581482103633,334.44249613195666,0.0,153.65137497449177,-59456.9780149444
2026-08-03 02:00:00+00:00,1863.41,931904.4900645099,232.2972042661107,-229.5494801629259,199.2133570704723,0.0,5.346809960379972,0.0,0.0,200.66718655641307,-59256.310828387985
2026-08-03 03:00:00+00:00,1856.18,930201.3342728375,239.00399769350628,-229.5494801629259,334.59797696152077,0.0,5.326064426110248,0.0,0.0,296.4109912931817,-58959.8998370948
2026-08-03 04:00:00+00:00,1854.01,929680.7122835204,241.07025881703998,-241.07025881703998,228.78423450589995,0.0,-0.46229391320244595,345.1223155482137,0.0,195.14250381288002,-58764.75733328192
2026-08-03 05:00:00+00:00,1858.87,930840.6560451209,236.42291399976162,-241.07025881703998,159.82967249197455,0.0,-0.48676847296785475,0.0,0.0,147.68520776875084,-58617.07212551317
2026-08-03 06:00:00+00:00,1848.24,928275.06258614,246.41384148505966,-241.07025881703998,316.65721407901447,0.0,-0.4839848738632115,0.0,0.0,313.1566214493505,-58303.91550406382
2026-08-03 07:00:00+00:00,1843.0,926971.6054424116,251.24742708812948,-241.07025881703998,431.2059814022071,0.0,-0.48261271400353783,0.0,0.0,390.4743811611115,-57913.44112290271
2026-08-03 08:00:00+00:00,1839.42,926066.2967347549,254.70413344774937,-254.70413344774937,638.8299492089775,0.0,-0.48167524600780665,357.6615263848234,0.0,583.5318820346365,-57329.90924086807
2026-08-03 09:00:00+00:00,1851.8,929145.9925221361,243.13776000722922,-254.70413344774937,371.34945576117394,0.0,-0.5123418854285166,0.0,0.0,297.29572917377664,-57032.6135116943
2026-08-03 10:00:00+00:00,1845.38,927566.8140866696,249.00242081015267,-254.70413344774937,311.9764391810612,0.0,-0.5105656488454887,0.0,0.0,367.4879748002422,-56665.125536894055
2026-08-03 11:00:00+00:00,1838.97,925951.6396486303,255.04999423107753,-254.70413344774937,278.47360501166867,0.0,-0.5087921789861103,0.0,0.0,295.4438701934705,-56369.681666700584
2026-08-03 12:00:00+00:00,1842.69,926893.6917980933,251.59294220082177,-254.70413344774937,229.04917038593365,0.0,2.149580679255777,0.0,0.0,225.7515241025394,-56143.930142598045
2026-08-03 13:00:00+00:00,1858.27,930698.6457725447,237.1110137257949,-237.1110137257949,601.6016506640171,0.0,2.1677554492837277,374.0079096776816,0.0,447.6949101088976,-55696.23523248915
2026-08-03 14:00:00+00:00,1872.82,934049.0504101436,223.71785961494385,-223.71785961494385,830.6454449394652,0.0,2.0338234191648197,386.54939311862364,0.0,934.7534276254446,-54761.4818048637
2026-08-03 15:00:00+00:00,1862.54,931702.1081100239,233.15631892197692,-223.71785961494385,361.94326401677347,0.0,1.908410257092256,0.0,0.0,316.7289709958204,-54444.75283386788
2026-08-03 16:00:00+00:00,1865.51,932390.1427810243,230.40790783624524,-223.71785961494385,231.6509217976375,0.0,1.9114534016494547,0.0,0.0,257.1550031433362,-54187.597830724546
2026-08-03 17:00:00+00:00,1868.09,932981.2368344681,228.00485102971592,-223.71785961494385,202.83177624422052,0.0,1.9140969413658084,0.0,0.0,218.6478488228022,-53968.949981901744
2026-08-03 18:00:00+00:00,1868.11,932985.7969314887,228.00485102971592,-223.71785961494385,154.0665730691918,0.0,1.914117433921749,0.0,0.0,156.0664303313897,-53812.883551570354
2026-08-03 19:00:00+00:00,1869.26,933247.2819542224,226.97548434465662,-223.71785961494385,166.68565733264631,0.0,1.915295755888341,0.0,0.0,172.81043726503412,-53640.07311430532
2026-08-03 20:00:00+00:00,1868.26,933019.9689949804,227.83326847075764,-223.71785961494385,132.20674785208337,0.0,1.9142711280913047,0.0,0.0,130.5259193531965,-53509.54719495212
2026-08-03 21:00:00+00:00,1862.89,931783.6098794587,232.81264728726438,-223.71785961494385,119.96862528287957,0.0,2.8110580947945683,0.0,0.0,87.78547398812952,-53421.761720963994
2026-08-03 22:00:00+00:00,1859.63,931020.0698312138,235.734951873034,-235.734951873034,314.1433736934545,0.0,2.806138829894853,397.72306575657973,0.0,271.55601398527506,-53150.20570697872
2026-08-03 23:00:00+00:00,1859.78,931055.4300739947,235.734951873034,-235.734951873034,78.26666100499068,0.0,2.957110178618438,0.0,0.0,81.22377118356962,-53068.98193579515
2026-08-04 00:00:00+00:00,1850.55,928841.52353058,244.1719758598719,-235.734951873034,322.04519146935365,0.0,2.9424341809473975,0.0,0.0,286.91468802371674,-52782.06724777143
2026-08-04 01:00:00+00:00,1866.8,932686.4547866258,229.20616917602513,-235.734951873034,313.916829446994,0.0,2.968272205016131,0.0,0.0,331.1233897610218,-52450.94385801041
2026-08-04 02:00:00+00:00,1865.51,932390.1427810243,230.40790783624524,-235.734951873034,186.04568457860316,0.0,2.966221063413136,0.0,0.0,196.79798795675742,-52254.14587005365
2026-08-04 03:00:00+00:00,1863.56,931939.3121012275,232.12540710558542,-235.734951873034,149.07256449892859,0.0,2.963120500524888,0.0,0.0,160.88816135501838,-52093.257708698635
2026-08-04 04:00:00+00:00,1867.37,932816.8976185871,228.69126705897466,-235.734951873034,198.4531968765773,0.0,2.9691785233988495,0.0,0.0,180.8577261233877,-51912.39998257525
2026-08-04 05:00:00+00:00,1863.57,931941.6333552984,232.12540710558542,-235.734951873034,110.29416712049472,0.0,2.933483071409705,0.0,0.0,133.75620402071945,-51778.64377855453
2026-08-04 06:00:00+00:00,1856.22,930210.8944327452,239.00399769350628,-235.734951873034,250.59072323115572,0.0,2.9219132883723837,0.0,0.0,255.42561023304734,-51523.21816832148
2026-08-04 07:00:00+00:00,1863.11,931834.7874001461,232.6408243565211,-235.734951873034,249.52146562810015,0.0,2.9327589761447843,0.0,0.0,252.13337360002333,-51271.08479472146
2026-08-04 08:00:00+00:00,1857.25,930456.4386215545,237.97133192428598,-235.734951873034,138.19666612462802,0.0,2.9235346321177498,0.0,0.0,144.17824014109647,-51126.90655458036
2026-08-04 09:00:00+00:00,1857.92,930615.6500235484,237.45511519715086,-235.734951873034,158.62085519610204,0.0,2.9245892926123083,0.0,0.0,162.81442872765183,-50964.09212585271
2026-08-04 10:00:00+00:00,1866.14,932535.0383835433,229.721148530324,-235.734951873034,303.27554572042334,0.0,2.937528560172415,0.0,0.0,287.8601298791109,-50676.2319959736
2026-08-04 11:00:00+00:00,1871.98,933860.907567866,224.4034182030488,-235.734951873034,243.53914737227845,0.0,2.9467214217966267,0.0,0.0,195.66293417831912,-50480.56906179528
2026-08-04 12:00:00+00:00,1874.31,934381.1760338678,222.34715368477978,-222.34715368477978,340.0691535936117,0.0,2.9503891217254647,410.2695077676931,0.0,545.7690708032387,-49934.79999099204
2026-08-04 13:00:00+00:00,1861.13,931372.6087232714,234.3594403074359,-234.3594403074359,481.8410313184681,0.0,3.780735183782403,421.44772126870515,0.0,396.4117279702259,-49538.388263021814
2026-08-04 14:00:00+00:00,1872.22,933914.7300842705,224.2320157022277,-234.3594403074359,463.5942721091176,0.0,4.008734625760527,0.0,0.0,410.67817472450406,-49127.71008829731
2026-08-04 15:00:00+00:00,1872.24,933919.2147245846,224.2320157022277,-234.3594403074359,378.71624059232755,0.0,4.008777449089258,0.0,0.0,382.5224695493962,-48745.187618747914
2026-08-04 16:00:00+00:00,1868.99,933185.9921963344,227.14702401548095,-234.3594403074359,176.23487282865344,0.0,4.0018186581706034,0.0,0.0,208.68234423579997,-48536.505274512114
2026-08-04 17:00:00+00:00,1868.59,933095.0795683959,227.49012908786574,-234.3594403074359,286.48677671280024,0.0,4.000962191596,0.0,0.0,293.3188870888407,-48243.18638742327
2026-08-04 18:00:00+00:00,1874.5,934423.382169809,222.1758539894738,-222.1758539894738,262.81926954165215,0.0,4.013616485235767,432.8667875452151,0.0,432.8189192553982,-47810.367468167875
2026-08-04 19:00:00+00:00,1874.46,934414.4951356495,222.1758539894738,-222.1758539894738,161.6000308700868,0.0,3.8048804025323983,0.0,0.0,165.40491127269343,-47644.96255689518
2026-08-04 20:00:00+00:00,1875.82,934715.6920244689,220.97699589994457,-222.1758539894738,243.3981052520611,0.0,3.807641004170973,0.0,0.0,246.24347364999994,-47398.71908324518
2026-08-04 21:00:00+00:00,1871.35,933719.3949449877,225.0891139097273,-222.1758539894738,61.44878313873416,0.0,1.8018379692340256,0.0,0.0,60.079608959757024,-47338.639474285425
2026-08-04 22:00:00+00:00,1874.71,934469.9954112819,222.00456285851055,-222.1758539894738,88.43090913977461,0.0,1.8050731607143082,0.0,0.0,94.32557919003739,-47244.31389509539
2026-08-04 23:00:00+00:00,1868.9,933165.5592070246,227.31857226307406,-222.1758539894738,196.30924858866382,0.0,1.79947897544632,0.0,0.0,184.51423498563236,-47059.799660109755
2026-08-05 00:00:00+00:00,1863.09,931830.134583659,232.6408243565211,-222.1758539894738,255.40579488609507,0.0,1.7938847901783317,0.0,0.0,212.61676798952976,-46847.182892120225
2026-08-05 01:00:00+00:00,1872.57,933993.1189700833,223.88923640860358,-222.1758539894738,163.9029467808595,0.0,1.8030126518548424,0.0,0.0,222.46325003679522,-46624.71964208343
2026-08-05 02:00:00+00:00,1873.7,934245.445218705,222.8611041610342,-222.1758539894738,180.18995153810874,0.0,1.804100677561009,0.0,0.0,183.2615858292338,-46441.458056254196
2026-08-05 03:00:00+00:00,1866.86,932700.2071567763,229.20616917602513,-222.1758539894738,272.16529876058,0.0,1.797514752047577,0.0,0.0,248.40759287199035,-46193.050463382206
2026-08-05 04:00:00+00:00,1866.47,932610.8044542829,229.5494801629259,-222.1758539894738,78.21255135854764,0.0,1.7971392387507588,0.0,0.0,77.25557115969423,-46115.79489222251
2026-08-05 05:00:00+00:00,1872.51,933979.6856158988,223.88923640860358,-222.1758539894738,165.87631522612955,0.0,0.31878031202612195,0.0,0.0,193.13409905769367,-45922.66079316482
2026-08-05 06:00:00+00:00,1868.84,933151.9200926889,227.31857226307406,-222.1758539894738,113.67332166413932,0.0,0.3181555229755236,0.0,0.0,101.61133811855689,-45821.04945504626
2026-08-05 07:00:00+00:00,1871.85,933831.7380923673,224.5748292737813,-222.1758539894738,297.28464915181,0.0,0.3186679521423631,0.0,0.0,308.67199627407535,-45512.377458772185
2026-08-05 08:00:00+00:00,1868.98,933183.7207260942,227.14702401548095,-222.1758539894738,170.54684662006957,0.0,0.31817935689026033,0.0,0.0,160.49236065362493,-45351.88509811856
2026-08-05 09:00:00+00:00,1870.98,933636.1083426623,225.4320131911016,-222.1758539894738,128.61411829119413,0.0,0.3185198413864992,0.0,0.0,136.96854672176414,-45214.9165513968
2026-08-05 10:00:00+00:00,1867.38,932819.1845312578,228.69126705897466,-222.1758539894738,226.38409841893377,0.0,0.3179069692932692,0.0,0.0,209.61126834581955,-45005.30528305098
2026-08-05 11:00:00+00:00,1867.93,932944.7601504379,228.17644216758814,-222.1758539894738,91.0806818671536,0.0,0.3180006025297349,0.0,0.0,94.77758195559,-44910.52770109539
2026-08-05 12:00:00+00:00,1875.22,934583.0172754981,221.4907408473931,-222.1758539894738,544.2936432001464,0.0,0.3192416685185256,0.0,0.0,563.2080343455818,-44347.319666749805
2026-08-05 13:00:00+00:00,1877.85,935162.1202122422,219.09392356169843,-222.1758539894738,959.7685738997824,0.0,1.5927103504034543,0.0,0.0,956.1417250020168,-43391.17794174779
2026-08-05 14:00:00+00:00,1875.06,934547.5860627423,221.66200628789807,-222.1758539894738,463.5552050396932,0.0,1.5903439942633868,0.0,0.0,470.4820321646257,-42920.69590958316
2026-08-05 15:00:00+00:00,1872.91,934069.1608174671,223.54649138948082,-222.1758539894738,331.59247015896307,0.0,1.5885204581697867,0.0,0.0,332.4338314193301,-42588.26207816383
2026-08-05 16:00:00+00:00,1894.79,938741.6573649213,203.72580684445472,-203.72580684445472,752.0485119294614,0.0,1.60707811850838,450.34626996017045,0.0,1295.86950443549,-41292.39257372834
2026-08-05 17:00:00+00:00,1915.93,942847.1458405141,184.8667882006425,-184.8667882006425,717.3882609865217,0.0,1.4900633401478667,468.41254975529006,0.0,1732.4908528273736,-39559.90172090097
2026-08-05 18:00:00+00:00,1917.23,943086.643863257,183.68098534658876,-184.8667882006425,662.1880245608296,0.0,1.3530447415652715,0.0,0.0,662.7122673844933,-38897.189453516476
2026-08-05 19:00:00+00:00,1916.09,942876.701860551,184.69736238307092,-184.8667882006425,167.8978671490479,0.0,1.3522402105463616,0.0,0.0,170.05624320234347,-38727.13321031413
2026-08-05 20:00:00+00:00,1916.19,942895.1715967893,184.69736238307092,-184.8667882006425,248.71150205307904,0.0,1.3523107834427572,0.0,0.0,250.04687025467865,-38477.08634005945
2026-08-05 21:00:00+00:00,1907.75,941305.7916742612,192.16011760932724,-184.8667882006425,307.1047712807564,0.0,0.17369471048096455,0.0,0.0,278.17423587660596,-38198.91210418285
2026-08-05 22:00:00+00:00,1906.0,940968.3159970612,193.6886137894898,-184.8667882006425,137.6981077601094,0.0,0.17353537841788413,0.0,0.0,123.91284528964025,-38074.99925889321
2026-08-05 23:00:00+00:00,1907.95,941344.1873124258,191.99032715263303,-184.8667882006425,118.84186736277728,0.0,0.17371291985960233,0.0,0.0,134.39665865599818,-37940.60260023721
2026-08-06 00:00:00+00:00,1909.39,941619.5728569552,190.63230906333567,-184.8667882006425,138.52107075591056,0.0,0.17384402738579424,0.0,0.0,147.8722843037831,-37792.730315933426
2026-08-06 01:00:00+00:00,1905.93,940954.7577940959,193.6886137894898,-184.8667882006425,170.59781752206095,0.0,0.17352900513536093,0.0,0.0,145.59537084209296,-37647.13494509133
2026-08-06 02:00:00+00:00,1898.17,939424.8830195211,200.66047315963155,-200.66047315963155,425.08368830468373,0.0,0.1728224812442157,483.40209924459214,0.0,314.95846315882955,-37332.1764819325
2026-08-06 03:00:00+00:00,1897.94,939378.7155344882,200.8306971127889,-200.66047315963155,154.97083333761688,0.0,0.18756445767608113,0.0,0.0,155.1428215890919,-37177.03366034341
2026-08-06 04:00:00+00:00,1906.84,941130.6512916083,193.0091972409458,-200.66047315963155,210.26763003149574,0.0,0.1884440026950581,0.0,0.0,176.51362003363465,-37000.52004030978
2026-08-06 05:00:00+00:00,1913.49,942393.5908678444,187.07009485145886,-187.07009485145886,343.1318192928114,0.0,0.4737128815900031,496.40462573904483,0.0,1147.0641825529456,-35853.45585775683
2026-08-06 06:00:00+00:00,1912.8,942264.367747359,187.57875363660176,-187.07009485145886,98.97798356106316,0.0,0.44146989703157025,0.0,0.0,99.27469842018763,-35754.181159336644
2026-08-06 07:00:00+00:00,1908.52,941453.4166805688,191.4810067141708,-187.07009485145886,136.27491283780066,0.0,0.44048208274921186,0.0,0.0,126.42433409464138,-35627.756825242
2026-08-06 08:00:00+00:00,1915.44,942756.4934636705,185.37511648152503,-187.07009485145886,228.20837822879506,0.0,0.44207920303751097,0.0,0.0,237.20218416138232,-35390.55464108062
2026-08-06 09:00:00+00:00,1906.68,941099.7848572233,193.17903863987104,-187.07009485145886,353.7650609186978,0.0,0.4400574149268896,0.0,0.0,336.23054278518975,-35054.32409829543
2026-08-06 10:00:00+00:00,1901.78,940143.2882071055,197.42783457096272,-197.42783457096272,191.78440569067516,0.0,0.43892650605222694,506.2536968609239,0.0,142.52107572920067,-34911.80302256623
2026-08-06 11:00:00+00:00,1906.89,941140.2834303353,192.8393643334541,-197.42783457096272,251.08998292922763,0.0,0.46447376542497226,0.0,0.0,239.69344526688656,-34672.10957729934
2026-08-06 12:00:00+00:00,1898.19,939428.8962289842,200.66047315963155,-197.42783457096272,233.55919292218815,0.0,0.4623546490841255,0.0,0.0,240.25650698753452,-34431.85307031181
2026-08-06 13:00:00+00:00,1906.47,941059.2290087542,193.34888853065314,-197.42783457096272,556.4800635890239,0.0,0.46437146325679346,0.0,0.0,552.5747445747402,-33879.27832573707
2026-08-06 14:00:00+00:00,1914.06,942500.0166588817,186.56151235559796,-186.56151235559796,451.45412190702893,0.0,0.46622020958173904,516.6530932106945,0.0,1118.2654972494602,-32761.01282848761
2026-08-06 15:00:00+00:00,1909.88,941712.8702806507,190.29288940441145,-186.56151235559796,406.5453879818389,0.0,0.439597587377349,0.0,0.0,399.66572898457525,-32361.347099503033
2026-08-06 16:00:00+00:00,1914.72,942622.8817751554,185.88352101355616,-186.56151235559796,240.07467862049177,0.0,0.44071161146415366,0.0,0.0,247.5691649356413,-32113.77793456739
2026-08-06 17:00:00+00:00,1913.1,942320.6063238325,187.4091922309274,-186.56151235559796,148.96988427265825,0.0,0.4403387356334463,0.0,0.0,149.36442170148075,-31964.41351286591
2026-08-06 18:00:00+00:00,1905.21,940815.0755796663,194.36816622813728,-186.56151235559796,195.4523980794853,0.0,0.43852269223574214,0.0,0.0,162.33050909112717,-31802.083003774784
2026-08-06 19:00:00+00:00,1908.77,941501.2409134824,191.31125021047487,-186.56151235559796,127.16782720037129,0.0,0.4393420983822347,0.0,0.0,149.61351912891405,-31652.46948464587
2026-08-06 20:00:00+00:00,1906.16,940999.2823260222,193.51874691371788,-186.56151235559796,75.4537280736869,0.0,-0.249820304905202,0.0,0.0,60.17086755665878,-31592.29861708921
2026-08-06 21:00:00+00:00,1905.25,940822.8503063153,194.36816622813728,-186.56151235559796,59.765738475603825,0.0,-0.24970104079439087,0.0,0.0,52.854993971606746,-31539.443623117604
2026-08-06 22:00:00+00:00,1904.18,940614.4576326124,195.3877497395105,-186.56151235559796,87.6799338866098,0.0,-0.24956080716959098,0.0,0.0,78.65851759700308,-31460.7851055206
2026-08-06 23:00:00+00:00,1903.12,940406.9866836837,196.23763633968065,-196.23763633968065,115.41927982332649,0.0,-0.24942188413941535,525.8605057489881,0.0,96.2466995691102,-31364.53840595149
2026-08-07 00:00:00+00:00,1903.0,940383.4428322603,196.4076391565253,-196.23763633968065,117.78822832233911,0.0,-0.26234175592297465,0.0,0.0,117.53055150372529,-31247.007854447766
2026-08-07 01:00:00+00:00,1902.45,940275.3461909499,196.91769860832883,-196.23763633968065,127.0690993114195,0.0,-0.26226593460623393,0.0,0.0,126.64089205325217,-31120.366962394513
2026-08-07 02:00:00+00:00,1901.75,940137.3653720684,197.42783457096272,-196.23763633968065,188.67507395913185,0.0,-0.26216943474856386,0.0,0.0,187.79843108062778,-30932.568531313886
2026-08-07 03:00:00+00:00,1896.53,939094.6621230094,202.19279516925056,-196.23763633968065,145.09233530018494,0.0,-0.2614498215242244,0.0,0.0,126.48809811288083,-30806.080433201005
2026-08-07 04:00:00+00:00,1896.48,939084.5524832511,202.19279516925056,-196.23763633968065,157.777517848072,0.0,2.373455199486333,0.0,0.0,159.8532151061736,-30646.22721809483
2026-08-07 05:00:00+00:00,1900.79,939947.434334844,198.27823123059318,-196.23763633968065,119.68713820954774,0.0,2.378849188302343,0.0,0.0,139.1636263667533,-30507.063591728078
2026-08-07 06:00:00+00:00,1903.81,940542.1576905202,195.72767888446762,-196.23763633968065,175.59303067324998,0.0,2.382628734990127,0.0,0.0,180.0613533385731,-30327.002238389505
2026-08-07 07:00:00+00:00,1901.66,940119.6000961806,197.5978968962308,-196.23763633968065,108.94231552532719,0.0,2.379937998109751,0.0,0.0,110.67557731413035,-30216.326661075374
2026-08-07 08:00:00+00:00,1909.9,941716.6761384388,190.29288940441145,-196.23763633968065,276.09417021022216,0.0,2.390250403641983,0.0,0.0,258.56233943307234,-29957.764321642302
2026-08-07 09:00:00+00:00,1912.41,942191.1607675947,188.08748872246957,-196.23763633968065,338.3461491588227,0.0,2.3933916825116315,0.0,0.0,322.66770278468175,-29635.09661885762
2026-08-07 10:00:00+00:00,1912.13,942138.4965545845,188.25708404211989,-196.23763633968065,119.53763649546853,0.0,2.3930412609644196,0.0,0.0,124.21300292131855,-29510.8836159363
2026-08-07 11:00:00+00:00,1915.51,942769.4479551975,185.20566524944618,-185.20566524944618,218.76262185136534,0.0,2.3972713496414757,536.4264312205157,0.0,950.3618808824976,-28560.521735053804
2026-08-07 12:00:00+00:00,1931.26,945576.706894215,171.3394553052058,-171.3394553052058,1233.4021031587931,0.0,1.6207388279718309,549.8160595289725,0.0,2358.5631861277943,-26201.95854892601
2026-08-07 13:00:00+00:00,1922.5,944042.2662616286,179.11105990775337,-171.3394553052058,381.5378095739984,0.0,1.4925942159224197,0.0,0.0,349.52339967715307,-25852.435149248857
2026-08-07 14:00:00+00:00,1912.74,942253.1194620184,187.74832352013402,-187.74832352013402,747.5132245470443,0.0,1.485016728511547,565.5090088236834,0.0,616.431576149469,-25236.003573099388
2026-08-07 15:00:00+00:00,1916.99,943042.5535732361,184.0197438151073,-187.74832352013402,227.432402990102,0.0,1.6308497035064047,0.0,0.0,220.56698895077716,-25015.43658414861
2026-08-07 16:00:00+00:00,1908.56,941461.0759208373,191.4810067141708,-187.74832352013402,285.9518434185563,0.0,1.6236780109046909,0.0,0.0,288.81623630545437,-24726.620347843156
2026-08-07 17:00:00+00:00,1911.41,942002.7883657711,188.93555012050317,-187.74832352013402,343.2019685097207,0.0,1.6261026044889002,0.0,0.0,351.4577940155068,-24375.16255382765
2026-08-07 18:00:00+00:00,1908.93,941531.80993376,191.14150219396774,-187.74832352013402,132.70680460632857,0.0,1.6239927827033427,0.0,0.0,128.96820770788327,-24246.194346119766
2026-08-07 19:00:00+00:00,1917.85,943200.3429235069,183.1729111536152,-187.74832352013402,148.15127265633515,0.0,1.631581335254622,0.0,0.0,143.60079793891418,-24102.593548180852
2026-08-07 20:00:00+00:00,1913.97,942483.2261227696,186.56151235559796,-187.74832352013402,71.88697562404508,0.0,1.6282804850417338,0.0,0.0,84.86195062996558,-24017.731597550886
2026-08-07 21:00:00+00:00,1915.65,942795.3767483325,185.20566524944618,-187.74832352013402,132.64593498968415,0.0,0.015285553227932151,0.0,0.0,129.39466259194887,-23888.336934958937
2026-08-07 22:00:00+00:00,1913.93,942475.7772355897,186.73103137833775,-187.74832352013402,55.85604777974291,0.0,0.015271828825482829,0.0,0.0,59.19892332037489,-23829.138011638563
2026-08-07 23:00:00+00:00,1913.07,942314.9840480656,187.4091922309274,-187.74832352013402,47.71223153855788,0.0,0.015264966624258166,0.0,0.0,48.39786720844495,-23780.740144430118
2026-08-08 00:00:00+00:00,1913.41,942378.6252602563,187.07009485145886,-187.74832352013402,49.81570258828796,0.0,0.015267679587533034,0.0,0.0,49.63775246173827,-23731.10239196838
2026-08-08 01:00:00+00:00,1913.81,942453.3695118243,186.73103137833775,-187.74832352013402,72.33833068805777,0.0,0.015270871309032876,0.0,0.0,71.99852371932866,-23659.10386824905
2026-08-08 02:00:00+00:00,1912.27,942164.8285191735,188.08748872246957,-187.74832352013402,39.4965119819306,0.0,0.015258583181258483,0.0,0.0,40.10319613532556,-23619.000672113725
2026-08-08 03:00:00+00:00,1917.2,943081.149341489,183.85036034657918,-187.74832352013402,67.93588010659361,0.0,0.01529792114874404,0.0,0.0,58.67276538886654,-23560.32790672486
2026-08-08 04:00:00+00:00,1916.12,942882.2427814225,184.69736238307092,-187.74832352013402,41.73792206096427,0.0,0.015289303500694462,0.0,0.0,45.61484069974176,-23514.713066025117
2026-08-08 05:00:00+00:00,1916.69,942987.3421083082,184.189135752597,-187.74832352013402,38.846538160118264,0.0,1.2316048813262148,0.0,0.0,38.16092552070404,-23476.552140504413
2026-08-08 06:00:00+00:00,1915.66,942797.228804985,185.20566524944618,-187.74832352013402,32.4942168932832,0.0,1.2309430356298499,0.0,0.0,36.99262983137669,-23439.559510673036
2026-08-08 07:00:00+00:00,1914.29,942542.8836520656,186.39200180817346,-187.74832352013402,36.62372851505727,0.0,1.2300627165968205,0.0,0.0,40.72384153495659,-23398.83566913808
2026-08-08 08:00:00+00:00,1916.02,942863.7838514522,184.8667882006425,-187.74832352013402,42.9615896229543,0.0,1.231174360339259,0.0,0.0,40.28836367998156,-23358.547305458098
2026-08-08 09:00:00+00:00,1918.05,943236.9475386096,183.00357002354502,-187.74832352013402,132.1501874221244,0.0,1.2324787746728718,0.0,0.0,125.41725660837619,-23233.13004884972
2026-08-08 10:00:00+00:00,1920.36,943657.1668025178,180.97213672253307,-187.74832352013402,63.69834510543893,0.0,1.2339631082249136,0.0,0.0,51.45294479038057,-23181.67710405934
2026-08-08 11:00:00+00:00,1920.05,943601.0553704003,181.310624306189,-187.74832352013402,54.272409136409955,0.0,1.233763911947367,0.0,0.0,57.596721222060296,-23124.08038283728
2026-08-08 12:00:00+00:00,1918.39,943299.0911068891,182.66491316224526,-187.74832352013402,58.841289270457494,0.0,1.232697248009536,0.0,0.0,69.77194005062483,-23054.308442786656
2026-08-08 13:00:00+00:00,1919.24,943454.0151244819,181.98770102315967,-187.74832352013402,40.74610206446727,0.0,3.2303951386598904,0.0,0.0,39.31443980383119,-23014.994002982825
2026-08-08 14:00:00+00:00,1923.0,944131.6561177497,178.60367111791936,-187.74832352013402,160.09262689749627,0.0,3.2367238342484366,0.0,0.0,135.0366475639239,-22879.9573554189
2026-08-08 15:00:00+00:00,1921.85,943925.7188349976,179.61852480780877,-187.74832352013402,61.652532453707934,0.0,3.2347881959700246,0.0,0.0,74.8606099457138,-22805.096745473187
2026-08-08 16:00:00+00:00,1921.68,943895.1781996813,179.78769668984913,-187.74832352013402,56.08759802357987,0.0,3.234502058137564,0.0,0.0,60.698679763827386,-22744.39806570936
2026-08-08 17:00:00+00:00,1923.05,944140.5863013057,178.60367111791936,-187.74832352013402,73.09439714757812,0.0,3.236807992434455,0.0,0.0,64.52410354179301,-22679.873962167567
2026-08-08 18:00:00+00:00,1920.49,943680.6724948967,180.80290562293223,-187.74832352013402,72.89767167820939,0.0,3.232499093310338,0.0,0.0,96.85207257406728,-22583.0218895935
2026-08-08 19:00:00+00:00,1919.61,943521.2496536671,181.64914573860278,-187.74832352013402,47.887729086573664,0.0,3.231017909236423,0.0,0.0,56.91443046395216,-22526.107459129547
2026-08-08 20:00:00+00:00,1919.41,943484.9201846549,181.81841914915194,-187.74832352013402,32.885140035933105,0.0,3.230681276492352,0.0,0.0,37.33601700420695,-22488.77144212534
2026-08-08 21:00:00+00:00,1919.89,943572.0456705114,181.310624306189,-187.74832352013402,35.222210837552254,0.0,1.4400222347280651,0.0,0.0,33.66852363916041,-22455.10291848618
2026-08-08 22:00:00+00:00,1915.93,942847.1458405141,184.8667882006425,-187.74832352013402,75.98029073124067,0.0,1.437052018700312,0.0,0.0,96.00087389234977,-22359.10204459383
2026-08-08 23:00:00+00:00,1915.98,942856.3891799242,184.8667882006425,-187.74832352013402,89.77024452170305,0.0,1.437089521427935,0.0,0.0,91.06325727718286,-22268.038787316647
2026-08-09 00:00:00+00:00,1917.15,943071.9568234717,183.85036034657918,-187.74832352013402,49.11642027716455,0.0,1.4379670852543167,0.0,0.0,46.456492391389475,-22221.582294925258
2026-08-09 01:00:00+00:00,1915.31,942732.3946985279,185.37511648152503,-187.74832352013402,70.71950570709195,0.0,1.4365869848777848,0.0,0.0,78.05088302521472,-22143.531411900043
2026-08-09 02:00:00+00:00,1913.86,942462.7060633932,186.73103137833775,-187.74832352013402,62.00617389140791,0.0,1.4354994057767134,0.0,0.0,65.98810726667216,-22077.54330463337
2026-08-09 03:00:00+00:00,1913.07,942314.9840480656,187.4091922309274,-187.74832352013402,78.678124473128,0.0,1.4349068626802677,0.0,0.0,80.7121915891621,-21996.83111304421
2026-08-09 04:00:00+00:00,1912.43,942194.9037846792,187.91790188194855,-187.74832352013402,53.6880254746849,0.0,1.4344268277666914,0.0,0.0,55.201115968950035,-21941.62999707526
2026-08-09 05:00:00+00:00,1913.63,942419.7530836945,186.90055887681683,-187.74832352013402,31.979516268185893,0.0,1.8794878123172947,0.0,0.0,33.4103148715767,-21908.219682203682
2026-08-09 06:00:00+00:00,1918.5,943319.1842473369,182.66491316224526,-187.74832352013402,92.71519012063669,0.0,1.884270923810104,0.0,0.0,79.69628914385248,-21828.52339305983
2026-08-09 07:00:00+00:00,1918.28,943279.0019234281,182.83423735989595,-187.74832352013402,53.82260049243918,0.0,1.884054848958273,0.0,0.0,56.82896260704729,-21771.694430452782
2026-08-09 08:00:00+00:00,1914.89,942654.4819737277,185.88352101355616,-187.74832352013402,237.9284745963226,0.0,1.880725331923237,0.0,0.0,251.7560669610284,-21519.938363491754
2026-08-09 09:00:00+00:00,1920.83,943742.0997597206,180.63368298425104,-187.74832352013402,129.09896719660733,0.0,1.8865593529226803,0.0,0.0,103.37827083288357,-21416.56009265887
2026-08-09 10:00:00+00:00,1919.3,943464.9343865432,181.98770102315967,-187.74832352013402,103.61955912680932,0.0,1.8850566505440358,0.0,0.0,115.5941775857682,-21300.965915073102
2026-08-09 11:00:00+00:00,1918.35,943291.8003200432,182.83423735989595,-187.74832352013402,60.53199359667789,0.0,1.884123600047492,0.0,0.0,67.64295804086214,-21233.32295703224
2026-08-09 12:00:00+00:00,1916.63,942976.290760163,184.189135752597,-187.74832352013402,76.59594204773578,0.0,1.8824342875695388,0.0,0.0,85.89593290965422,-21147.427024122586
2026-08-09 13:00:00+00:00,1922.64,944067.3149558695,178.94192185501447,-187.74832352013402,240.36303444915043,0.0,3.5993464097714387,0.0,0.0,206.61915220939773,-20940.807871913188
2026-08-09 14:00:00+00:00,1924.37,944375.473200686,177.420059861715,-177.420059861715,137.7138753556288,0.0,3.6025851176360955,575.4467091918593,0.0,976.2889652918966,-19964.51890662129
2026-08-09 15:00:00+00:00,1925.75,944619.404134816,176.23686277625725,-177.420059861715,111.50638774155476,0.0,3.4068438857289647,0.0,0.0,114.00448314807727,-19850.514423473214
2026-08-09 16:00:00+00:00,1923.43,944208.3624100059,178.26545420251546,-177.420059861715,101.06756315260662,0.0,3.4027395742581654,0.0,0.0,105.04311679589591,-19745.47130667732
2026-08-09 17:00:00+00:00,1922.31,944008.2387122343,179.28020641718336,-177.420059861715,42.13194194978754,0.0,3.4007581825136417,0.0,0.0,44.11946940586495,-19701.351837271453
2026-08-09 18:00:00+00:00,1920.71,943720.4237177626,180.63368298425104,-177.420059861715,93.85172599444385,0.0,3.3979276228786075,0.0,0.0,93.30675492432056,-19608.045082347133
2026-08-09 19:00:00+00:00,1921.16,943801.6032530065,180.29526308795903,-177.420059861715,35.02507866368135,0.0,3.398723717775961,0.0,0.0,39.764310687573015,-19568.28077165956
2026-08-09 20:00:00+00:00,1919.99,943590.176732942,181.310624306189,-177.420059861715,60.34709123753494,0.0,3.3966538710428424,0.0,0.0,59.898695082323684,-19508.382076577236
2026-08-09 21:00:00+00:00,1923.84,944281.3493963135,177.92727110542208,-177.420059861715,84.07588150372075,0.0,2.0599133210649234,0.0,0.0,94.24122772874398,-19414.140848848492
2026-08-09 22:00:00+00:00,1918.67,943350.1997717526,182.49559743016945,-177.420059861715,523.9452298732039,0.0,2.054377646648181,0.0,0.0,512.1116924439302,-18902.029156404562
2026-08-09 23:00:00+00:00,1909.57,941653.8668760208,190.46259499133998,-190.46259499133998,340.8672661938543,0.0,2.0446340030906653,587.8995260955983,0.0,248.64873230302692,-18653.380424101535
2026-08-10 00:00:00+00:00,1911.99,942112.1495293132,188.426687841325,-190.46259499133998,501.55454155996813,0.0,2.1977211521798647,0.0,0.0,501.11543612550304,-18152.264987976032
2026-08-10 01:00:00+00:00,1924.65,944425.109327659,177.25100635263772,-177.25100635263772,333.5946759158384,0.0,2.212273084871248,600.6133681323375,0.0,1328.2556603564335,-16824.0093276196
2026-08-10 02:00:00+00:00,1922.87,944108.4383601329,178.77279225854403,-177.25100635263772,312.8778322806197,0.0,2.056912928002264,0.0,0.0,313.7705689901959,-16510.238758629403
2026-08-10 03:00:00+00:00,1916.5,942952.3409104916,184.35853615947227,-177.25100635263772,255.0148384327772,0.0,2.0500988764276,0.0,0.0,230.0563981342748,-16280.182360495128
2026-08-10 04:00:00+00:00,1914.68,942615.4573516574,186.0530061375768,-177.25100635263772,140.64605764368525,0.0,2.048152004549125,0.0,0.0,128.40748237582557,-16151.774878119302
2026-08-10 05:00:00+00:00,1922.51,944044.0573722277,179.11105990775337,-177.25100635263772,131.95211272102313,0.0,1.4593339589950385,0.0,0.0,174.13608750909407,-15977.638790610208
2026-08-10 06:00:00+00:00,1927.23,944879.1481276846,174.8851444976787,-177.25100635263772,207.12091317981555,0.0,1.4629168044868468,0.0,0.0,207.04983545678442,-15770.588955153424
2026-08-10 07:00:00+00:00,1924.72,944437.4961083437,177.08196129560173,-177.25100635263772,184.31043066595353,0.0,1.4610115201257368,0.0,0.0,189.01944879030998,-15581.569506363114
2026-08-10 08:00:00+00:00,1926.0,944663.4214506239,176.0678684225979,-177.25100635263772,114.91545694829863,0.0,1.4619831392421594,0.0,0.0,115.42149423634874,-15466.148012126765
2026-08-10 09:00:00+00:00,1915.5,942767.5958985451,185.20566524944618,-177.25100635263772,238.75252645305636,0.0,1.454012826177755,0.0,0.0,205.51655390315682,-15260.631458223608
2026-08-10 10:00:00+00:00,1916.74,942996.5515650958,184.189135752597,-177.25100635263772,137.9522894153536,0.0,1.4549540821967895,0.0,0.0,148.57166217094345,-15112.059796052665
2026-08-10 11:00:00+00:00,1919.6,943519.4331622097,181.64914573860278,-177.25100635263772,119.29834796423854,0.0,1.4571250436600462,0.0,0.0,136.69919195328475,-14975.36060409938
2026-08-10 12:00:00+00:00,1905.03,940780.0830440982,194.53807557381293,-194.53807557381293,458.4982897130047,0.0,1.4460652854363918,617.0795608715453,0.0,286.67520670566955,-14688.68539739371
2026-08-10 13:00:00+00:00,1896.62,939112.8413830972,202.02250311629822,-194.53807557381293,688.7305567738966,0.0,0.6613694127739381,0.0,0.0,658.2154807614497,-14030.46991663226
2026-08-10 14:00:00+00:00,1892.61,938295.5583445707,205.77089576104478,-205.77089576104478,361.4843054777264,0.0,0.6599710876770691,627.7092347788237,0.0,314.3292471825498,-13716.140669449711
2026-08-10 15:00:00+00:00,1876.01,934757.6361235854,220.80576470739047,-220.80576470739047,1183.0072298944274,0.0,0.6919556527458447,641.8120170248405,0.0,1047.4710519492382,-12668.669617500473
2026-08-10 16:00:00+00:00,1871.38,933726.1289733392,224.91767712669198,-220.80576470739047,470.1154904011199,0.0,0.7406815993349236,0.0,0.0,461.67971234946526,-12206.989905151007
2026-08-10 17:00:00+00:00,1872.71,934024.4414455859,223.71785961494385,-220.80576470739047,239.82331842703255,0.0,0.7412080057981302,0.0,0.0,245.205331618723,-11961.784573532284
2026-08-10 18:00:00+00:00,1871.92,933847.4583304165,224.5748292737813,-220.80576470739047,216.46247953308136,0.0,0.7408953282748721,0.0,0.0,214.6568138107359,-11747.127759721549
2026-08-10 19:00:00+00:00,1877.7,935129.2656952678,219.26506916433513,-220.80576470739047,150.50787671391487,0.0,0.7431830195209878,0.0,0.0,156.80110457607225,-11590.326655145476
2026-08-10 20:00:00+00:00,1878.76,935361.022898103,218.2383238895356,-220.80576470739047,87.41422090615659,0.0,0.5724806331322865,0.0,0.0,85.68979378464246,-11504.636861360834
2026-08-10 21:00:00+00:00,1873.42,934183.042624246,223.20378064143364,-220.80576470739047,89.88943222688943,0.0,0.5708534712910048,0.0,0.0,91.58279537860835,-11413.054065982225
2026-08-10 22:00:00+00:00,1875.4,934622.8521870594,221.31948396951796,-220.80576470739047,75.32714235176842,0.0,0.5714568009624913,0.0,0.0,78.51274784546331,-11334.541318136762
2026-08-10 23:00:00+00:00,1872.31,933934.893323265,224.06062177088836,-220.80576470739047,105.36965803519969,0.0,0.570515241020626,0.0,0.0,100.27112242775002,-11234.270195709012
2026-08-11 00:00:00+00:00,1874.28,934374.5056192572,222.34715368477978,-220.80576470739047,103.578214039179,0.0,0.5711155235725596,0.0,0.0,108.77426908140114,-11125.495926627611
2026-08-11 01:00:00+00:00,1877.23,935026.1657687216,219.6073860412353,-220.80576470739047,109.53479512912025,0.0,0.5720144238406834,0.0,0.0,110.3899531305251,-11015.105973497086
2026-08-11 02:00:00+00:00,1877.84,935159.9292730066,219.09392356169843,-220.80576470739047,76.62183974930873,0.0,0.5722002981334139,0.0,0.0,76.26602786097465,-10938.839945636111
2026-08-11 03:00:00+00:00,1880.14,935661.2273696269,217.0408436255176,-220.80576470739047,81.1335438365932,0.0,0.5729011356305953,0.0,0.0,75.15128276542964,-10863.688662870682
2026-08-11 04:00:00+00:00,1875.2,934578.5874606812,221.4907408473931,-220.80576470739047,89.37193472000092,0.0,0.571395858571432,0.0,0.0,98.08389928744509,-10765.604763583236
2026-08-11 05:00:00+00:00,1873.27,934149.5620571498,223.20378064143364,-220.80576470739047,123.21844144089916,0.0,3.24284990845076,0.0,0.0,123.59101370323515,-10642.013749880001
2026-08-11 06:00:00+00:00,1873.47,934194.1789401585,223.03243811799197,-220.80576470739047,148.33357282296052,0.0,3.243196131889822,0.0,0.0,152.0324990219906,-10489.98125085801
2026-08-11 07:00:00+00:00,1876.84,934940.4685468051,219.94973714982234,-220.80576470739047,191.20387955852232,0.0,3.249029996838002,0.0,0.0,196.62708913811002,-10293.3541617199
2026-08-11 08:00:00+00:00,1878.56,935317.371283689,218.40942671325814,-220.80576470739047,126.1890335225931,0.0,3.252007518413929,0.0,0.0,126.55786262825131,-10166.79629909165
2026-08-11 09:00:00+00:00,1884.78,936657.8863710228,212.76754797358865,-220.80576470739047,147.9035720975428,0.0,3.2627750673687315,0.0,0.0,118.26957801867502,-10048.526721072974
2026-08-11 10:00:00+00:00,1885.37,936783.2197921847,212.25511134153018,-220.80576470739047,254.83760136612855,0.0,3.263796426513962,0.0,0.0,253.15941777716762,-9795.367303295807
2026-08-11 11:00:00+00:00,1892.12,938194.685728906,206.11186322060462,-206.11186322060462,322.09889399179724,0.0,3.275481467582277,655.7133294654293,0.0,908.3078266011908,-8887.059476694616
2026-08-11 12:00:00+00:00,1887.01,937129.9382186705,210.71826253457567,-206.11186322060462,334.1368360833567,0.0,3.0492515526047583,0.0,0.0,325.67019845783216,-8561.389278236784
2026-08-11 13:00:00+00:00,1889.26,937601.665140948,208.67020623659096,-206.11186322060462,293.0622731782751,0.0,2.640611281864706,0.0,0.0,303.6781144912584,-8257.711163745525
2026-08-11 14:00:00+00:00,1872.67,934015.5078937243,223.88923640860358,-223.88923640860358,547.095769657818,0.0,2.6174235040225167,672.3589061894143,0.0,366.30618004386906,-7891.404983701656
2026-08-11 15:00:00+00:00,1862.0,931576.1393042216,233.67189081355033,-223.88923640860358,856.8780871278946,0.0,2.8269794227450595,0.0,0.0,809.2346295278112,-7082.170354173845
2026-08-11 16:00:00+00:00,1863.99,932039.0292420713,231.78183855174717,-223.88923640860358,255.18835628131484,0.0,2.830000738025007,0.0,0.0,275.36871441593485,-6806.80163975791
2026-08-11 17:00:00+00:00,1863.76,931985.7122937157,231.95361853427417,-223.88923640860358,111.49336212838061,0.0,2.829651540781596,0.0,0.0,112.50058968749727,-6694.301050070413
2026-08-11 18:00:00+00:00,1865.32,932346.3699072753,230.57961912395376,-223.88923640860358,173.34337332121356,0.0,2.8320200090412535,0.0,0.0,187.56579809247614,-6506.735251977937
2026-08-11 19:00:00+00:00,1881.17,935884.1499733317,216.0147654849478,-223.88923640860358,350.47597306819745,0.0,2.8560842538589277,0.0,0.0,342.4677263020658,-6164.267525675871
2026-08-11 20:00:00+00:00,1881.56,935968.3098554672,215.67280783418147,-223.88923640860358,190.16701121343823,0.0,2.856676370923842,0.0,0.0,189.86676752049152,-5974.40075815538
2026-08-11 21:00:00+00:00,1883.81,936451.1456244384,213.62177984919376,-223.88923640860358,149.9096828228402,0.0,5.272059780486144,0.0,0.0,134.2667296552163,-5840.134028500163
2026-08-11 22:00:00+00:00,1881.63,935983.4069520156,215.67280783418147,-223.88923640860358,143.0977958393752,0.0,5.26595879879401,0.0,0.0,168.70361758606214,-5671.430410914101
2026-08-11 23:00:00+00:00,1881.8,936020.0356097097,215.501841831141,-223.88923640860358,79.99966678164324,0.0,5.266434563421377,0.0,0.0,83.83358884973495,-5587.596822064366
2026-08-12 00:00:00+00:00,1881.73,936004.9504807815,215.501841831141,-223.88923640860358,71.71649727655061,0.0,5.26623866033952,0.0,0.0,77.56985355729375,-5510.0269685070725
2026-08-12 01:00:00+00:00,1884.13,936519.4567903655,213.45091638986264,-223.88923640860358,90.93998019793393,0.0,5.272955337431779,0.0,0.0,73.38507773870697,-5436.641890768366
2026-08-12 02:00:00+00:00,1883.85,936459.6904956324,213.62177984919376,-223.88923640860358,100.77925006335822,0.0,5.272171725104347,0.0,0.0,108.97411324975837,-5327.667777518607
2026-08-12 03:00:00+00:00,1885.77,936868.0132467095,211.913529618585,-211.913529618585,75.90190910832735,0.0,5.2775450667781545,683.6506204861209,0.0,533.9982342321473,-4793.66954328646
2026-08-12 04:00:00+00:00,1888.61,937465.86651654,209.3527551435441,-211.913529618585,185.28441138073828,0.0,5.0027751396619475,0.0,0.0,186.30603223409616,-4607.363511052364
2026-08-12 05:00:00+00:00,1890.7,937901.18047985,207.47607406040055,-211.913529618585,88.2558419424669,0.0,3.6510589964743367,0.0,0.0,84.32158734616678,-4523.041923706197
2026-08-12 06:00:00+00:00,1886.83,937092.0026750827,210.8889893646301,-211.913529618585,120.00179276320074,0.0,3.6435857863847634,0.0,0.0,134.5729334061407,-4388.468990300056
2026-08-12 07:00:00+00:00,1890.82,937926.0475850074,207.30551786331395,-211.913529618585,112.20075331630922,0.0,3.6512907239189745,0.0,0.0,104.36197078680834,-4284.107019513248
2026-08-12 08:00:00+00:00,1890.1,937776.6099443386,207.98779381894548,-211.913529618585,197.885872507815,0.0,3.6499003592511468,0.0,0.0,204.67587352363307,-4079.431145989615
2026-08-12 09:00:00+00:00,1905.11,940795.6460901441,194.53807557381293,-194.53807557381293,511.814741309793,0.0,3.6788856004512738,700.2016961137388,0.0,1417.6512189367168,-2661.779927052898
2026-08-12 10:00:00+00:00,1908.31,941413.2059947189,191.65077170547957,-194.53807557381293,412.16706180741784,0.0,3.3829149774216707,0.0,0.0,410.588039523519,-2251.191887529379
2026-08-12 11:00:00+00:00,1914.87,942650.7643033074,185.88352101355616,-194.53807557381293,200.84359597903656,0.0,3.3945440745033224,0.0,0.0,165.62667287779414,-2085.565214651585
2026-08-12 12:00:00+00:00,1910.59,941847.6604103309,189.61415189888655,-194.53807557381293,930.1831189891332,0.0,2.6603175067091636,0.0,0.0,962.3625069752184,-1123.2027076763666
2026-08-12 13:00:00+00:00,1900.38,939866.0788017474,198.78857127822218,-194.53807557381293,428.6107904033896,0.0,2.646101038632025,0.0,0.0,435.9090344671622,-687.2936732092044
2026-08-12 14:00:00+00:00,1886.76,937077.2544499727,211.05972473081258,-211.05972473081258,885.9808164831256,0.0,2.6271364651540003,715.787889495469,0.0,733.8059971071465,46.51232389794208
2026-08-12 15:00:00+00:00,1891.64,938095.6811202632,206.623378342408,-211.05972473081258,286.2184417595697,0.0,2.8576248441147025,0.0,0.0,277.5312802078241,324.04360410576624
2026-08-12 16:00:00+00:00,1889.84,937722.5249471467,208.15838412897673,-211.05972473081258,175.15017249722257,0.0,2.854905656151133,0.0,0.0,184.7564095523535,508.8000136581197
2026-08-12 17:00:00+00:00,1887.3,937191.0047454917,210.54754424022252,-211.05972473081258,147.87660758202216,0.0,2.851068579802541,0.0,0.0,155.29917532309605,664.0991889812158
2026-08-12 18:00:00+00:00,1884.71,936642.9926426647,212.76754797358865,-211.05972473081258,98.28967187594,0.0,2.8471559704549603,0.0,0.0,99.76941207221466,763.8686010534304
2026-08-12 19:00:00+00:00,1878.61,935328.2917550248,218.40942671325814,-211.05972473081258,224.38669071044407,0.0,2.8379409445784196,0.0,0.0,199.98806487311379,963.8566659265442
2026-08-12 20:00:00+00:00,1885.92,936899.7686687934,211.74275156535973,-211.05972473081258,126.02049706793626,0.0,2.596227353929619,0.0,0.0,157.2470504081533,1121.1037163346975
2026-08-12 21:00:00+00:00,1877.19,935017.38147328,219.6073860412353,-211.05972473081258,230.27080033794587,0.0,2.5842093124433387,0.0,0.0,193.01921103703216,1314.1229273717297
2026-08-12 22:00:00+00:00,1877.55,935096.3919672534,219.43622332403797,-211.05972473081258,92.60379622662339,0.0,2.584704901782979,0.0,0.0,98.21749419871821,1412.340421570448
2026-08-12 23:00:00+00:00,1878.8,935369.7524310586,218.2383238895356,-211.05972473081258,110.41834285793239,0.0,2.586425698101175,0.0,0.0,122.54057644766772,1534.8809980181156
2026-08-13 00:00:00+00:00,1879.48,935517.8621229804,217.5539981353645,-211.05972473081258,238.86012554063427,0.0,2.5873618112982735,0.0,0.0,246.03656645681804,1780.9175644749337
2026-08-13 01:00:00+00:00,1877.41,935065.6708959881,219.43622332403797,-211.05972473081258,133.61502177304936,0.0,2.5845121725953413,0.0,0.0,120.90193714611951,1901.8195016210532
2026-08-13 02:00:00+00:00,1881.26,935903.5913022254,216.0147654849478,-211.05972473081258,172.9686299216206,0.0,2.5898122252553843,0.0,0.0,200.8989081705156,2102.718409791569
2026-08-13 03:00:00+00:00,1886.7,937064.5908664889,211.05972473081258,-211.05972473081258,231.33730081802466,0.0,2.597301130832173,0.0,0.0,246.76926367673332,2349.487673468302
2026-08-13 04:00:00+00:00,1891.62,938091.5486526962,206.623378342408,-211.05972473081258,182.89606409871126,0.0,4.2534542506617985,0.0,0.0,175.69345888112684,2525.181132349429
2026-08-13 05:00:00+00:00,1895.08,938800.6914665035,203.55543814666603,-211.05972473081258,307.79494686211484,0.0,4.2612343289583325,0.0,0.0,290.9323474298071,2816.113479779236
2026-08-13 06:00:00+00:00,1897.67,939324.4650859723,201.17117055248346,-211.05972473081258,134.89802074971394,0.0,4.267058144793022,0.0,0.0,116.29401131046734,2932.4074910897034
2026-08-13 07:00:00+00:00,1894.62,938707.0242689392,203.89618406046432,-211.05972473081258,70.73753148385804,0.0,4.260199983288851,0.0,0.0,101.28907486298476,3033.696565952688
2026-08-13 08:00:00+00:00,1889.18,937584.9796920705,208.84083066639,-211.05972473081258,147.99178454288813,0.0,4.247967721458463,0.0,0.0,178.3600779312842,3212.0566438839724
2026-08-13 09:00:00+00:00,1889.02,937551.5782575177,209.01146362719786,-211.05972473081258,232.7591183366759,0.0,4.2476079490516865,0.0,0.0,237.37484768981858,3449.431491573791
2026-08-13 10:00:00+00:00,1882.29,936125.4660723266,214.98899510626623,-211.05972473081258,304.16895049447703,0.0,4.2324750221916645,0.0,0.0,302.72118776402476,3752.1526793378157
2026-08-13 11:00:00+00:00,1879.48,935517.8621229804,217.5539981353645,-211.05972473081258,271.21577877554864,0.0,4.226156519297659,0.0,0.0,260.9158124421815,4013.068491779997
2026-08-13 12:00:00+00:00,1888.07,937352.7556903167,209.86475641128888,-211.05972473081258,239.25299456898662,0.0,2.950361313350811,0.0,0.0,264.09388778094035,4277.162379560938
2026-08-13 13:00:00+00:00,1889.63,937678.7999275601,208.32898296831047,-211.05972473081258,343.7937629622146,0.0,2.9527990215124937,0.0,0.0,343.53762864709824,4620.700008208036
2026-08-13 14:00:00+00:00,1892.63,938299.6737624859,205.77089576104478,-211.05972473081258,266.6330943444887,0.0,2.957486921823421,0.0,0.0,257.28524199958065,4877.985250207616
2026-08-13 15:00:00+00:00,1879.19,935454.7541271051,217.8961439051616,-211.05972473081258,381.5126642777527,0.0,2.9364851284304665,0.0,0.0,376.1722144075793,5254.157464615196
2026-08-13 16:00:00+00:00,1873.99,934310.0095072662,222.5184619448559,-222.5184619448559,911.9698813576703,0.0,2.9283594345581925,726.5246689713416,0.0,856.9274100776956,6111.084874692891
2026-08-13 17:00:00+00:00,1876.05,934766.4520946245,220.63454207575387,-222.5184619448559,215.8329052498569,0.0,3.090738087036181,0.0,0.0,216.9781990888041,6328.0630737816955
2026-08-13 18:00:00+00:00,1884.64,936628.1050852807,212.93837726535338,-222.5184619448559,167.59744870452167,0.0,3.104889863464123,0.0,0.0,120.92174111784152,6448.984814899537
2026-08-13 19:00:00+00:00,1886.62,937047.7060885103,211.05972473081258,-211.05972473081258,242.62039959834883,0.0,3.1081518561681185,737.3338103727208,0.0,714.6401037934511,7163.624918692988
2026-08-13 20:00:00+00:00,1885.27,936761.9942810505,212.25511134153018,-211.05972473081258,84.91426796364856,0.0,1.3414357723188368,0.0,0.0,85.47452466271625,7249.099443355704
2026-08-13 21:00:00+00:00,1887.87,937310.7929344594,210.03544056710402,-211.05972473081258,51.943529560717174,0.0,1.3432857635710338,0.0,0.0,53.330184433071736,7302.429627788776
2026-08-13 22:00:00+00:00,1888.44,937430.2873564806,209.52341369993567,-211.05972473081258,119.21294669622554,0.0,1.3436913385763232,0.0,0.0,119.74701695940348,7422.17664474818
2026-08-13 23:00:00+00:00,1885.39,936787.4648944115,212.25511134153018,-211.05972473081258,87.44114551800708,0.0,1.341521156530477,0.0,0.0,89.69236503441061,7511.86900978259
2026-08-14 00:00:00+00:00,1888.73,937490.960776028,209.1821051194403,-211.05972473081258,100.58370389715068,0.0,1.3438976837544527,0.0,0.0,100.48400259649316,7612.353012379083
2026-08-14 01:00:00+00:00,1888.59,937461.679461437,209.3527551435441,-211.05972473081258,90.95434565080073,0.0,1.3437980688408728,0.0,0.0,92.56519059102902,7704.918202970112
2026-08-14 02:00:00+00:00,1885.75,936863.7749761171,211.913529618585,-211.05972473081258,70.45696179718,0.0,1.3417773091653964,0.0,0.0,73.3038720218683,7778.222074991981
2026-08-14 03:00:00+00:00,1882.25,936116.8665125223,214.98899510626623,-211.05972473081258,132.07695761602025,0.0,1.3392869363259008,0.0,0.0,125.21681751545475,7903.438892507435
2026-08-14 04:00:00+00:00,1883.91,936472.5078024233,213.62177984919376,-211.05972473081258,73.2665586422013,0.0,1.3404680845869188,0.0,0.0,79.8891735746165,7983.328066082052
2026-08-14 05:00:00+00:00,1883.08,936294.9971123892,214.30531912038518,-211.05972473081258,106.22301950282383,0.0,-0.33534197981389563,0.0,0.0,103.55655901548289,8086.884625097535
2026-08-14 06:00:00+00:00,1871.76,933811.5263577327,224.5748292737813,-224.5748292737813,264.03074523209494,0.0,-0.3333260956180605,749.9823264123944,0.0,156.77423239309974,8243.658857490635
2026-08-14 07:00:00+00:00,1872.34,933941.6151419182,224.06062177088836,-224.5748292737813,174.12336853326192,0.0,-0.35478036774208543,0.0,0.0,173.6039713722057,8417.26282886284
2026-08-14 08:00:00+00:00,1877.76,935142.4017591217,219.09392356169843,-224.5748292737813,303.74382036757095,0.0,-0.3558073765082081,0.0,0.0,286.9790555306481,8704.241884393488
2026-08-14 09:00:00+00:00,1872.3,933932.6686455267,224.2320157022277,-224.5748292737813,123.18864868433943,0.0,-0.3547727883415974,0.0,0.0,139.279330135927,8843.521214529415
2026-08-14 10:00:00+00:00,1875.2,934578.5874606812,221.4907408473931,-224.5748292737813,104.54534518813199,0.0,-0.35532229487697675,0.0,0.0,98.84183315373048,8942.363047683146
2026-08-14 11:00:00+00:00,1877.33,935048.1265073258,219.6073860412353,-224.5748292737813,128.11871886840964,0.0,-0.3557258979529622,0.0,0.0,118.95765326191395,9061.32070094506
2026-08-14 12:00:00+00:00,1872.53,933984.163400627,223.88923640860358,-224.5748292737813,131.83650906871054,0.0,-0.3548163698944034,0.0,0.0,145.4777665141446,9206.798467459204
2026-08-14 13:00:00+00:00,1869.07,933204.1639582557,227.14702401548095,-224.5748292737813,341.9444835172716,0.0,0.35993226029926506,0.0,0.0,339.33388269355237,9546.132350152757
2026-08-14 14:00:00+00:00,1866.0,932502.8706805459,229.8928254809256,-224.5748292737813,276.51279552871205,0.0,0.3593410614468311,0.0,0.0,265.0235847509157,9811.155934903672
2026-08-14 15:00:00+00:00,1880.72,935786.8824749965,216.5277660792265,-224.5748292737813,377.19275344699236,0.0,0.3621757347718565,0.0,0.0,355.8252367222667,10166.98117162594
2026-08-14 16:00:00+00:00,1884.74,936649.3756691039,212.76754797358865,-212.76754797358865,254.92172121652058,0.0,0.36294987789458755,761.109154091257,0.0,703.4337446667378,10870.414916292677
2026-08-14 17:00:00+00:00,1877.9,935173.0749084204,219.09392356169843,-212.76754797358865,183.16406364973636,0.0,0.34261942292620884,0.0,0.0,162.53595052850142,11032.950866821178
2026-08-14 18:00:00+00:00,1875.05,934545.3694426795,221.66200628789807,-212.76754797358865,137.08120856285467,0.0,0.3420994456349049,0.0,0.0,116.1053539922541,11149.056220813432
2026-08-14 19:00:00+00:00,1879.91,935611.3099449589,217.21188657672374,-212.76754797358865,97.75661592298738,0.0,0.3429861437527074,0.0,0.0,129.98982119451648,11279.046042007949
2026-08-14 20:00:00+00:00,1879.49,935520.0376629618,217.5539981353645,-212.76754797358865,44.62320294087583,0.0,0.34290951552030474,0.0,0.0,43.05620060817273,11322.102242616122
2026-08-14 21:00:00+00:00,1878.53,935310.8190008877,218.40942671325814,-212.76754797358865,59.93970493913769,0.0,2.5635131606779367,0.0,0.0,57.541402080403714,11379.643644696525
2026-08-14 22:00:00+00:00,1878.8,935369.7524310586,218.2383238895356,-212.76754797358865,60.847197179836094,0.0,2.5638816129003574,0.0,0.0,64.89727101075005,11444.540915707275
2026-08-14 23:00:00+00:00,1881.39,935931.6432671951,215.84378238530772,-212.76754797358865,59.6959131646407,0.0,2.56741602495987,0.0,0.0,73.08621607451278,11517.627131781788
2026-08-15 00:00:00+00:00,1881.7,935998.4854255265,215.501841831141,-212.76754797358865,48.62257532804472,0.0,2.5678390626967222,0.0,0.0,52.074632850357375,11569.701764632146
2026-08-15 01:00:00+00:00,1883.35,936352.81628949,214.13442148665334,-212.76754797358865,52.51654041739333,0.0,2.570090715167068,0.0,0.0,58.351040939629456,11628.052805571775
2026-08-15 02:00:00+00:00,1884.23,936540.7691817854,213.28006147306306,-212.76754797358865,61.481682077197526,0.0,2.571291596484586,0.0,0.0,64.77042375233032,11692.823229324105
2026-08-15 03:00:00+00:00,1881.95,936052.3316917161,215.33088437576,-212.76754797358865,75.00463580981905,0.0,2.5681802221619265,0.0,0.0,74.24533534245347,11767.068564666559
2026-08-15 04:00:00+00:00,1883.62,936410.550334068,213.79265185148492,-212.76754797358865,39.41663708134582,0.0,2.570459167389488,0.0,0.0,44.88393348479076,11811.95249815135
2026-08-15 05:00:00+00:00,1879.84,935596.1051128985,217.21188657672374,-212.76754797358865,68.52874830980382,0.0,2.1838304527093833,0.0,0.0,60.528688933172816,11872.481187084522
2026-08-15 06:00:00+00:00,1881.38,935929.4848293712,215.84378238530772,-212.76754797358865,77.64818278470538,0.0,2.1856194873597645,0.0,0.0,85.55149486539267,11958.032681949915
2026-08-15 07:00:00+00:00,1879.6,935543.9686027566,217.5539981353645,-212.76754797358865,39.343696270343145,0.0,2.1835516421145185,0.0,0.0,34.73725669089981,11992.769938640815
2026-08-15 08:00:00+00:00,1876.16,934790.7218942528,220.63454207575387,-212.76754797358865,90.35009198825512,0.0,2.1795553569214596,0.0,0.0,71.20330387047215,12063.973242511287
2026-08-15 09:00:00+00:00,1879.55,935533.0909028498,217.5539981353645,-212.76754797358865,75.22303116865996,0.0,2.183493556573922,0.0,0.0,98.49354569177558,12162.466788203063
2026-08-15 10:00:00+00:00,1880.24,935682.9051961012,216.86980922581782,-212.76754797358865,43.64750782433117,0.0,2.1842951370341575,0.0,0.0,48.83648811095918,12211.303276314022
2026-08-15 11:00:00+00:00,1878.56,935317.371283689,218.40942671325814,-212.76754797358865,30.233631889548075,0.0,2.1823434628701053,0.0,0.0,24.331543535943638,12235.634819849965
2026-08-15 12:00:00+00:00,1883.0,936277.8683109926,214.47622529878547,-212.76754797358865,56.6167329597205,0.0,2.1875014588751003,0.0,0.0,74.61334871941108,12310.248168569377
2026-08-15 13:00:00+00:00,1882.79,936232.8402149642,214.64714002228084,-212.76754797358865,90.20280788876187,0.0,2.9769335703180655,0.0,0.0,92.83283050517639,12403.080999074553
2026-08-15 14:00:00+00:00,1882.68,936209.2290295619,214.64714002228084,-212.76754797358865,53.66597545001608,0.0,2.9767596461455685,0.0,0.0,56.43597997085453,12459.516979045407
2026-08-15 15:00:00+00:00,1884.09,936510.9187537099,213.45091638986264,-212.76754797358865,66.73600230765256,0.0,2.9789890378112074,0.0,0.0,71.40247285074474,12530.919451896152
2026-08-15 16:00:00+00:00,1884.05,936502.3807170542,213.45091638986264,-212.76754797358865,49.36636474105441,0.0,2.9789257926575727,0.0,0.0,52.31795579701975,12583.237407693172
2026-08-15 17:00:00+00:00,1883.62,936410.550334068,213.79265185148492,-212.76754797358865,52.70955164256232,0.0,2.9782459072559946,0.0,0.0,55.34746019224622,12638.584867885418
2026-08-15 18:00:00+00:00,1881.97,936056.6383094037,215.33088437576,-212.76754797358865,33.107460256579145,0.0,2.9756370446685447,0.0,0.0,33.237526793293,12671.822394678711
2026-08-15 19:00:00+00:00,1883.67,936421.2399666607,213.79265185148492,-212.76754797358865,23.317037177147302,0.0,2.9783249636980385,0.0,0.0,29.192187842798376,12701.01458252151
2026-08-15 20:00:00+00:00,1882.44,936157.6979815456,214.81806329129887,-212.76754797358865,18.071753156678245,0.0,-0.21177608311516394,0.0,0.0,16.022075965929616,12717.03665848744
2026-08-15 21:00:00+00:00,1884.14,936521.5739762529,213.28006147306306,-212.76754797358865,24.81442224806876,0.0,-0.2119673345448487,0.0,0.0,26.773618065742994,12743.810276553182
2026-08-15 22:00:00+00:00,1883.71,936429.7916727348,213.79265185148492,-212.76754797358865,33.78907561224095,0.0,-0.21191895918322257,0.0,0.0,33.28489876356616,12777.095175316748
2026-08-15 23:00:00+00:00,1881.73,936004.9504807815,215.501841831141,-212.76754797358865,53.73389303580472,0.0,-0.2116962075180603,0.0,0.0,49.96074986271378,12827.055925179462
2026-08-16 00:00:00+00:00,1881.54,935963.9963993104,215.67280783418147,-212.76754797358865,41.72573290392036,0.0,-0.21167483235827197,0.0,0.0,40.98581071548142,12868.041735894943
2026-08-16 01:00:00+00:00,1879.7,935565.6936501572,217.38293807986344,-212.76754797358865,93.47727391934566,0.0,-0.2114678308108485,0.0,0.0,86.45534520669389,12954.497081101637
2026-08-16 02:00:00+00:00,1882.77,936228.5472721639,214.64714002228084,-212.76754797358865,107.60246868729959,0.0,-0.21181320839269097,0.0,0.0,117.04790520672395,13071.544986308361
2026-08-16 03:00:00+00:00,1882.15,936095.3666548119,215.15993546761123,-212.76754797358865,36.6806547413212,0.0,-0.21174345787127655,0.0,0.0,35.20417367502887,13106.74915998339
2026-08-16 04:00:00+00:00,1880.76,935795.5248701568,216.35675733147966,-212.76754797358865,59.639394376077846,0.0,-0.211587081702299,0.0,0.0,55.332914322569195,13162.08207430596
2026-08-16 05:00:00+00:00,1879.01,935415.5415775728,218.06722962031236,-212.76754797358865,57.820223403923976,0.0,0.9739941134618689,0.0,0.0,51.15413388719753,13213.236208193157
2026-08-16 06:00:00+00:00,1879.8,935587.4319439651,217.38293807986344,-212.76754797358865,62.74141436382435,0.0,0.974403613863482,0.0,0.0,67.51982147089984,13280.756029664057
2026-08-16 07:00:00+00:00,1880.73,935789.0477526573,216.5277660792265,-212.76754797358865,27.867733707345508,0.0,0.9748856839565201,0.0,0.0,32.58460846802882,13313.340638132086
2026-08-16 08:00:00+00:00,1879.88,935604.7935883616,217.21188657672374,-212.76754797358865,32.380399141187745,0.0,0.9744450822585821,0.0,0.0,29.9530957052375,13343.293733837323
2026-08-16 09:00:00+00:00,1879.32,935483.0509806538,217.72506674365476,-212.76754797358865,59.3098329429558,0.0,0.9741548034928816,0.0,0.0,57.691206903946295,13400.98494074127
2026-08-16 10:00:00+00:00,1879.94,935617.8263015562,217.21188657672374,-212.76754797358865,38.98039227204001,0.0,0.9744761835549072,0.0,0.0,42.814309614303056,13443.799250355572
2026-08-16 11:00:00+00:00,1880.14,935661.2273696269,217.0408436255176,-212.76754797358865,28.003852793913897,0.0,0.9745798545426572,0.0,0.0,29.825991124404027,13473.625241479976
2026-08-16 12:00:00+00:00,1878.95,935402.4575437956,218.06722962031236,-212.76754797358865,38.510089862739974,0.0,0.9739630121655439,0.0,0.0,33.90760913219492,13507.532850612171
2026-08-16 13:00:00+00:00,1880.94,935834.4517510551,216.18575713352962,-212.76754797358865,37.72657771584703,0.0,1.9860073462390053,0.0,0.0,48.29937185414565,13555.832222466317
2026-08-16 14:00:00+00:00,1882.51,936172.7352459759,214.81806329129887,-212.76754797358865,80.49943672368913,0.0,1.9876650448012108,0.0,0.0,86.7255463707952,13642.557768837112
2026-08-16 15:00:00+00:00,1883.22,936324.9788146967,214.13442148665334,-212.76754797358865,66.43439817481591,0.0,1.9884147046605525,0.0,0.0,69.60142253897902,13712.159191376091
2026-08-16 16:00:00+00:00,1888.6,937463.7729889886,209.3527551435441,-212.76754797358865,245.29133848080872,0.0,1.994095225848238,0.0,0.0,241.3901999006648,13953.549391276756
2026-08-16 17:00:00+00:00,1884.2,936534.3707799413,213.28006147306306,-212.76754797358865,122.78906182530888,0.0,1.9894494464382348,0.0,0.0,131.55351330827943,14085.102904585036
2026-08-16 18:00:00+00:00,1884.54,936606.8112475541,212.93837726535338,-212.76754797358865,69.09566241156055,0.0,1.9898084384835533,0.0,0.0,71.18497215186653,14156.287876736902
2026-08-16 19:00:00+00:00,1884.88,936679.1631258202,212.76754797358865,-212.76754797358865,56.37766577728578,0.0,1.990167430528872,0.0,0.0,58.37874516284501,14214.666621899747
2026-08-16 20:00:00+00:00,1881.08,935864.7177570537,216.18575713352962,-212.76754797358865,67.08480893581445,0.0,1.9861551664929598,0.0,0.0,63.142277635435676,14277.808899535183
2026-08-16 21:00:00+00:00,1874.59,934443.3548637389,222.00456285851055,-212.76754797358865,277.9762176346208,0.0,1.3575922150613366,0.0,0.0,238.8323028834766,14516.64120241866
2026-08-16 22:00:00+00:00,1875.32,934605.1466283418,221.31948396951796,-212.76754797358865,203.29122115764574,0.0,1.3581208865665697,0.0,0.0,211.12079662637734,14727.761999045037
2026-08-16 23:00:00+00:00,1875.22,934583.0172754981,221.4907408473931,-212.76754797358865,88.96962212781641,0.0,1.3580484658124283,0.0,0.0,89.47507254733864,14817.237071592375
2026-08-17 00:00:00+00:00,1878.12,935221.2090787331,218.75165802591258,-212.76754797358865,131.85684007635328,0.0,1.3601486676825318,0.0,0.0,154.38290285563198,14971.619974448007
2026-08-17 01:00:00+00:00,1890.71,937903.2552405907,207.47607406040055,-212.76754797358865,572.392414037822,0.0,1.3692664406289483,0.0,0.0,577.0644133484857,15548.684387796493
2026-08-17 02:00:00+00:00,1901.76,940139.3396504141,197.42783457096272,-197.42783457096272,459.4738392768463,0.0,1.377268933961585,775.6953807715458,0.0,1277.400069516807,16826.0844573133
2026-08-17 03:00:00+00:00,1900.19,939828.320817156,198.9587016386253,-197.42783457096272,232.52101575200078,0.0,1.276918163698202,0.0,0.0,232.7408009340288,17058.82525824733
2026-08-17 04:00:00+00:00,1902.6,940304.8501430745,196.74767029042425,-197.42783457096272,140.18198502762792,0.0,1.2785376716287316,0.0,0.0,142.18876730178818,17201.014025549117
2026-08-17 05:00:00+00:00,1898.85,939561.1080448533,200.1498523618144,-197.42783457096272,106.90138646719805,0.0,3.154195767221142,0.0,0.0,106.66786365432563,17307.681889203443
2026-08-17 06:00:00+00:00,1906.19,941005.0878884294,193.51874691371788,-197.42783457096272,292.20977101607946,0.0,3.1663883031936533,0.0,0.0,290.2356971444606,17597.917586347903
2026-08-17 07:00:00+00:00,1900.09,939808.4249469922,198.9587016386253,-197.42783457096272,165.69520797073707,0.0,3.1562555416906126,0.0,0.0,176.498312958116,17774.41589930602
2026-08-17 08:00:00+00:00,1893.31,938439.2634291647,205.0890631185266,-197.42783457096272,326.7458772195824,0.0,3.144993226446249,0.0,0.0,299.290071009611,18073.70597031563
2026-08-17 09:00:00+00:00,1893.02,938379.7734064824,205.25950849564646,-197.42783457096272,122.16939894501824,0.0,3.144511504997744,0.0,0.0,123.07795979335424,18196.783930108984
2026-08-17 10:00:00+00:00,1906.27,941020.5693881826,193.51874691371788,-197.42783457096272,294.94151689583526,0.0,3.166521191869103,0.0,0.0,322.9852117226292,18519.769141831614
2026-08-17 11:00:00+00:00,1903.75,940530.4140297872,195.72767888446762,-197.42783457096272,159.7362566791304,0.0,3.162335198592437,0.0,0.0,170.26137660112,18690.030518432734
2026-08-17 12:00:00+00:00,1898.1,939410.8484460263,200.8306971127889,-197.42783457096272,228.71118696133752,0.0,3.1529499358888007,0.0,0.0,227.76581846233967,18917.796336895073
2026-08-17 13:00:00+00:00,1904.02,940583.1955926542,195.3877497395105,-197.42783457096272,362.1132572175518,0.0,3.0406140705586426,0.0,0.0,368.72823725584385,19286.524574150917
2026-08-17 14:00:00+00:00,1908.77,941501.2409134824,191.31125021047487,-197.42783457096272,261.5425069272633,0.0,3.048199556443851,0.0,0.0,244.8538130998386,19531.378387250756
2026-08-17 15:00:00+00:00,1912.45,942198.6621427168,187.91790188194855,-197.42783457096272,403.34195571630124,0.0,3.054076311824391,0.0,0.0,377.28283004140394,19908.66121729216
2026-08-17 16:00:00+00:00,1906.21,941008.9582633678,193.51874691371788,-197.42783457096272,175.82058716081707,0.0,3.0441113787878233,0.0,0.0,221.1105069133664,20129.771724205526
2026-08-17 17:00:00+00:00,1907.96,941346.1072156972,191.99032715263303,-197.42783457096272,209.14887591628386,0.0,3.046906031482373,0.0,0.0,203.84602377800547,20333.61774798353
2026-08-17 18:00:00+00:00,1909.12,941568.0861889591,190.9717626642253,-197.42783457096272,137.61646252588247,0.0,3.0487584869827606,0.0,0.0,133.62790617247083,20467.245654156002
2026-08-17 19:00:00+00:00,1906.28,941022.5045756517,193.51874691371788,-197.42783457096272,89.22142539966445,0.0,3.044223164895605,0.0,0.0,107.37908543872254,20574.624739594725
2026-08-17 20:00:00+00:00,1905.76,940921.8190053827,193.85848915839256,-197.42783457096272,102.38487267904985,0.0,3.0433927538092242,0.0,0.0,107.4051691407476,20682.029908735472
2026-08-17 21:00:00+00:00,1905.58,940886.9145470059,194.02837302085192,-197.42783457096272,45.055898388989405,0.0,2.1787524142462984,0.0,0.0,47.86720264921314,20729.897111384686
2026-08-17 22:00:00+00:00,1903.59,940499.105503665,195.89765620407655,-197.42783457096272,68.60604338823228,0.0,2.17647713989185,0.0,0.0,75.85486798349666,20805.751979368182
2026-08-17 23:00:00+00:00,1912.7,942245.6095290775,187.74832352013402,-197.42783457096272,243.3172147120927,0.0,2.186893094348647,0.0,0.0,193.440560277435,20999.192539645617
2026-08-18 00:00:00+00:00,1909.4,941621.4791800459,190.63230906333567,-197.42783457096272,100.97816169767881,0.0,2.183120026323682,0.0,0.0,130.542786776532,21129.73532642215
2026-08-18 01:00:00+00:00,1900.46,939881.9564363902,198.61844942369913,-197.42783457096272,200.2450949624681,0.0,2.172898442037868,0.0,0.0,227.90009081319658,21357.635417235346
2026-08-18 02:00:00+00:00,1892.13,938196.7468475382,206.11186322060462,-197.42783457096272,402.04086389995865,0.0,2.163374303659699,0.0,0.0,363.5685113277141,21721.20392856306
2026-08-18 03:00:00+00:00,1893.68,938515.046594491,204.74819792875073,-197.42783457096272,344.43633141006234,0.0,2.1651465022774854,0.0,0.0,358.88808128019446,22080.092009843254
2026-08-18 04:00:00+00:00,1895.77,938940.8118533569,202.87404852921625,-197.42783457096272,118.07141730977088,0.0,2.16753611202663,0.0,0.0,133.38003803439278,22213.472047877647
2026-08-18 05:00:00+00:00,1894.57,938696.8294597361,203.89618406046432,-197.42783457096272,118.20949979345227,0.0,1.0314176508876225,0.0,0.0,112.1719253087249,22325.643973186372
2026-08-18 06:00:00+00:00,1902.02,940190.6387770965,197.2577807481728,-197.42783457096272,234.0535806457473,0.0,1.0354734849286518,0.0,0.0,258.0610039373969,22583.70497712377
2026-08-18 07:00:00+00:00,1897.69,939328.4885093834,201.17117055248346,-197.42783457096272,111.36045319724481,0.0,1.0331162015195703,0.0,0.0,105.10582537789014,22688.81080250166
2026-08-18 08:00:00+00:00,1899.36,939662.9908251258,199.6393081475434,-197.42783457096272,143.91429007424372,0.0,1.0340253616334656,0.0,0.0,149.74614744483188,22838.55694994649
2026-08-18 09:00:00+00:00,1895.83,938952.9842962687,202.87404852921625,-197.42783457096272,77.56091896960035,0.0,1.0321036040274476,0.0,0.0,65.5067497519558,22904.063699698447
2026-08-18 10:00:00+00:00,1897.09,939207.6926003178,201.68194455185943,-197.42783457096272,68.61411211244724,0.0,1.0327895571672727,0.0,0.0,75.59613415930653,22979.659833857753
2026-08-18 11:00:00+00:00,1902.31,940247.7777131447,196.91769860832883,-197.42783457096272,170.91277326635353,0.0,1.0356313630322622,0.0,0.0,181.4602209958466,23161.1200548536
2026-08-18 12:00:00+00:00,1898.47,939485.0388301389,200.4902577170341,-197.42783457096272,83.88890201791956,0.0,1.0335408391775573,0.0,0.0,80.30644460377516,23241.426499457375
2026-08-18 13:00:00+00:00,1897.05,939199.6253225358,201.68194455185943,-197.42783457096272,246.66798154803348,0.0,2.0800486176051867,0.0,0.0,243.68204765330665,23485.10854711068
2026-08-18 14:00:00+00:00,1910.18,941769.8735564513,189.95350368406002,-197.42783457096272,991.006821001285,0.0,2.0944452009051293,0.0,0.0,971.1220322009685,24456.23057931165
2026-08-18 15:00:00+00:00,1916.88,943022.3114014165,184.0197438151073,-184.0197438151073,422.805808699929,0.0,2.1017915153079945,788.546231275588,0.0,1435.706330726869,25891.93691003852
2026-08-18 16:00:00+00:00,1917.65,943163.7030459184,183.34226075053058,-184.0197438151073,252.57982531639368,0.0,1.9598376330665512,0.0,0.0,254.23610471366555,26146.173014752185
2026-08-18 17:00:00+00:00,1910.37,941805.9388033985,189.78382354978783,-184.0197438151073,163.6425780162832,0.0,1.9523974755984392,0.0,0.0,147.49446794604228,26293.667482698227
2026-08-18 18:00:00+00:00,1915.65,942795.3767483325,185.20566524944618,-184.0197438151073,102.64625917516466,0.0,1.957793633762125,0.0,0.0,122.41775039912682,26416.085233097354
2026-08-18 19:00:00+00:00,1912.57,942221.2122909427,187.91790188194855,-184.0197438151073,84.50813851568627,0.0,1.9546458748333082,0.0,0.0,79.07913795121931,26495.164371048573
2026-08-18 20:00:00+00:00,1911.96,942106.496728678,188.426687841325,-184.0197438151073,88.25329296661671,0.0,1.9540224550454584,0.0,0.0,87.7437968841914,26582.908167932765
2026-08-18 21:00:00+00:00,1911.21,941965.0076088485,189.10518784216404,-184.0197438151073,53.010356469651605,0.0,1.5804535582548151,0.0,0.0,51.1164980597423,26634.024665992507
2026-08-18 22:00:00+00:00,1912.43,942194.9037846792,187.91790188194855,-184.0197438151073,72.45798655514874,0.0,1.5814624234978132,0.0,0.0,79.43153735494707,26713.456203347454
2026-08-18 23:00:00+00:00,1917.1,943062.7643054542,183.85036034657918,-184.0197438151073,116.27297079252978,0.0,1.5853242273378152,0.0,0.0,126.34661217831308,26839.802815525767
2026-08-19 00:00:00+00:00,1912.63,942232.4671464312,187.74832352013402,-184.0197438151073,163.45965185663448,0.0,1.5816278112425672,0.0,0.0,157.31237549837897,26997.115191024146
2026-08-19 01:00:00+00:00,1912.82,942268.1193224317,187.57875363660176,-184.0197438151073,153.77652192314176,0.0,1.5817849296000832,0.0,0.0,156.0467315284186,27153.161922552565
2026-08-19 02:00:00+00:00,1906.83,941128.7211996359,193.0091972409458,-184.0197438151073,175.96256882536449,0.0,1.5768315666447061,0.0,0.0,140.41954304863975,27293.581465601204
2026-08-19 03:00:00+00:00,1911.21,941965.0076088485,189.10518784216404,-184.0197438151073,159.64083581353597,0.0,1.5804535582548151,0.0,0.0,191.5012206742358,27485.08268627544
2026-08-19 04:00:00+00:00,1909.78,941693.8409917101,190.29288940441145,-184.0197438151073,80.27350238915274,0.0,1.1597428469326116,0.0,0.0,73.41486175327009,27558.49754802871
2026-08-19 05:00:00+00:00,1909.19,941581.4341026163,190.80203162082242,-184.0197438151073,68.90702724408702,0.0,1.1593845604914035,0.0,0.0,66.23117156167791,27624.72871959039
2026-08-19 06:00:00+00:00,1916.87,943020.4712039784,184.0197438151073,-184.0197438151073,258.4356566363588,0.0,1.1640483568786535,0.0,0.0,285.3651738553708,27910.09389344576
2026-08-19 07:00:00+00:00,1915.14,942700.8724511039,185.54457618595433,-184.0197438151073,292.0611372912689,0.0,1.1629977881612132,0.0,0.0,291.9795390049985,28202.073432450758
2026-08-19 08:00:00+00:00,1920.75,943727.649065082,180.63368298425104,-184.0197438151073,417.7366517865496,0.0,1.1664045456784622,0.0,0.0,413.3289075075736,28615.40233995833
2026-08-19 09:00:00+00:00,1918.3,943282.6586081753,182.83423735989595,-184.0197438151073,130.29905786166574,0.0,1.164916746049717,0.0,0.0,137.32189004811516,28752.724230006446
2026-08-19 10:00:00+00:00,1919.27,943459.4747555126,181.98770102315967,-184.0197438151073,109.54096568299336,0.0,1.165505793249669,0.0,0.0,109.02346731278521,28861.74769731923
2026-08-19 11:00:00+00:00,1922.34,944013.6171184268,179.28020641718336,-184.0197438151073,195.72027267298625,0.0,1.1673700972742602,0.0,0.0,186.08939217216903,29047.8370894914
2026-08-19 12:00:00+00:00,1936.33,946434.1297458772,166.95470913967486,-166.95470913967486,714.1911082135147,0.0,1.1758657367869723,805.068000572128,0.0,2370.6379789462735,31418.475068437674
2026-08-19 13:00:00+00:00,1931.76,945662.2690078665,171.00196473874877,-166.95470913967486,705.9800899818747,0.0,4.031455361595729,0.0,0.0,701.1338281010649,32119.60889653874
2026-08-19 14:00:00+00:00,1969.89,951549.5787727173,138.09106155262327,-138.09106155262327,1379.1529690547175,0.0,4.111030149839427,833.4971059447565,0.0,5248.461503250888,37368.07039978963
2026-08-19 15:00:00+00:00,2085.16,961988.5587471705,44.51811370880845,-44.51811370880844,4769.808188340239,0.0,3.599274473838349,931.0543899077609,0.0,27120.51720492669,64488.58760471632
2026-08-19 16:00:00+00:00,2088.75,962142.8682445122,41.5959953306068,-41.5959953306068,1554.2370405766444,0.0,1.1623401251159204,934.1061772889952,0.0,4262.190545015314,68750.77814973163
2026-08-19 17:00:00+00:00,2090.09,962197.9058102363,40.62254011958888,-41.5959953306068,857.8084518427762,0.0,1.0867421735068497,0.0,0.0,858.1941259973828,69608.97227572901
2026-08-19 18:00:00+00:00,2090.81,962226.9108253414,40.135922011366894,-41.5959953306068,388.6500467830577,0.0,1.087116537464825,0.0,0.0,388.7930617874954,69997.76533751651
2026-08-19 19:00:00+00:00,2100.97,962593.2709186282,32.19814956144649,-32.19814956144649,609.9526087578668,0.0,1.092399228871812,943.9784733018116,0.0,10006.11077592938,80003.87611344589
2026-08-19 20:00:00+00:00,2218.06,963270.5812065457,0.0,0.0,0.0,0.0,0.8927178452032751,979.6871871099427,0.0,88165.33371310333,168169.20982654922
2026-08-19 21:00:00+00:00,2286.12,963270.5812065457,0.0,0.0,0.0,0.0,0.0,979.6871871099427,0.0,0.0,168169.20982654922
2026-08-19 22:00:00+00:00,2249.61,963270.5812065457,0.0,0.0,0.0,0.0,0.0,979.6871871099427,0.0,0.0,168169.20982654922
2026-08-19 23:00:00+00:00,2252.16,963270.5812065457,0.0,0.0,0.0,0.0,0.0,979.6871871099427,0.0,0.0,168169.20982654922
2026-08-20 00:00:00+00:00,2261.7,963270.5812065457,0.0,0.0,0.0,0.0,0.0,979.6871871099427,0.0,0.0,168169.20982654922
2026-08-20 01:00:00+00:00,2265.67,963270.5812065457,0.0,0.0,0.0,0.0,0.0,979.6871871099427,0.0,0.0,168169.20982654922
2026-08-20 02:00:00+00:00,2251.29,963270.5812065457,0.0,0.0,0.0,0.0,0.0,979.6871871099427,0.0,0.0,168169.20982654922
2026-08-20 03:00:00+00:00,2250.86,963270.5812065457,0.0,0.0,0.0,0.0,0.0,979.6871871099427,0.0,0.0,168169.20982654922
2026-08-20 04:00:00+00:00,2249.8,963270.5812065457,0.0,0.0,0.0,0.0,0.0,979.6871871099427,0.0,0.0,168169.20982654922
2026-08-20 05:00:00+00:00,2247.88,963270.5812065457,0.0,0.0,0.0,0.0,0.0,979.6871871099427,0.0,0.0,168169.20982654922
2026-08-20 06:00:00+00:00,2262.1,963270.5812065457,0.0,0.0,0.0,0.0,0.0,979.6871871099427,0.0,0.0,168169.20982654922
2026-08-20 07:00:00+00:00,2251.49,963270.5812065457,0.0,0.0,0.0,0.0,0.0,979.6871871099427,0.0,0.0,168169.20982654922
2026-08-20 08:00:00+00:00,2281.92,963270.5812065457,0.0,0.0,0.0,0.0,0.0,979.6871871099427,0.0,0.0,168169.20982654922
2026-08-20 09:00:00+00:00,2278.3,963270.5812065457,0.0,0.0,0.0,0.0,0.0,979.6871871099427,0.0,0.0,168169.20982654922
2026-08-20 10:00:00+00:00,2286.34,963270.5812065457,0.0,0.0,0.0,0.0,0.0,979.6871871099427,0.0,0.0,168169.20982654922
2026-08-20 11:00:00+00:00,2295.6,963270.5812065457,0.0,0.0,0.0,0.0,0.0,979.6871871099427,0.0,0.0,168169.20982654922
2026-08-20 12:00:00+00:00,2289.57,963270.5812065457,0.0,0.0,0.0,0.0,0.0,979.6871871099427,0.0,0.0,168169.20982654922
2026-08-20 13:00:00+00:00,2276.03,963270.5812065457,0.0,0.0,0.0,0.0,0.0,979.6871871099427,0.0,0.0,168169.20982654922
2026-08-20 14:00:00+00:00,2280.12,963270.5812065457,0.0,0.0,0.0,0.0,0.0,979.6871871099427,0.0,0.0,168169.20982654922
2026-08-20 15:00:00+00:00,2325.12,963270.5812065457,0.0,0.0,0.0,0.0,0.0,979.6871871099427,0.0,0.0,168169.20982654922
2026-08-20 16:00:00+00:00,2343.94,963270.5812065457,0.0,0.0,0.0,0.0,0.0,979.6871871099427,0.0,0.0,168169.20982654922
2026-08-20 17:00:00+00:00,2343.1,963270.5812065457,0.0,0.0,0.0,0.0,0.0,979.6871871099427,0.0,0.0,168169.20982654922
2026-08-20 18:00:00+00:00,2315.21,963270.5812065457,0.0,0.0,0.0,0.0,0.0,979.6871871099427,0.0,0.0,168169.20982654922
2026-08-20 19:00:00+00:00,2322.72,963270.5812065457,0.0,0.0,0.0,0.0,0.0,979.6871871099427,0.0,0.0,168169.20982654922
2026-08-20 20:00:00+00:00,2317.55,963270.5812065457,0.0,0.0,0.0,0.0,0.0,979.6871871099427,0.0,0.0,168169.20982654922
2026-08-20 21:00:00+00:00,2317.62,963270.5812065457,0.0,0.0,0.0,0.0,0.0,979.6871871099427,0.0,0.0,168169.20982654922
2026-08-20 22:00:00+00:00,2313.33,963270.5812065457,0.0,0.0,0.0,0.0,0.0,979.6871871099427,0.0,0.0,168169.20982654922
2026-08-20 23:00:00+00:00,2326.18,963270.5812065457,0.0,0.0,0.0,0.0,0.0,979.6871871099427,0.0,0.0,168169.20982654922
2026-08-21 00:00:00+00:00,2339.95,963270.5812065457,0.0,0.0,0.0,0.0,0.0,979.6871871099427,0.0,0.0,168169.20982654922
2026-08-21 01:00:00+00:00,2358.71,963270.5812065457,0.0,0.0,0.0,0.0,0.0,979.6871871099427,0.0,0.0,168169.20982654922
2026-08-21 02:00:00+00:00,2344.73,963270.5812065457,0.0,0.0,0.0,0.0,0.0,979.6871871099427,0.0,0.0,168169.20982654922
2026-08-21 03:00:00+00:00,2339.9,963270.5812065457,0.0,0.0,0.0,0.0,0.0,979.6871871099427,0.0,0.0,168169.20982654922
2026-08-21 04:00:00+00:00,2353.12,963270.5812065457,0.0,0.0,0.0,0.0,0.0,979.6871871099427,0.0,0.0,168169.20982654922
2026-08-21 05:00:00+00:00,2367.36,963270.5812065457,0.0,0.0,0.0,0.0,0.0,979.6871871099427,0.0,0.0,168169.20982654922
2026-08-21 06:00:00+00:00,2371.51,963270.5812065457,0.0,0.0,0.0,0.0,0.0,979.6871871099427,0.0,0.0,168169.20982654922
2026-08-21 07:00:00+00:00,2371.51,963270.5812065457,0.0,0.0,0.0,0.0,0.0,979.6871871099427,0.0,0.0,168169.20982654922
2026-08-21 08:00:00+00:00,2444.89,963270.5812065457,0.0,0.0,0.0,0.0,0.0,979.6871871099427,0.0,0.0,168169.20982654922
2026-08-21 09:00:00+00:00,2403.77,963270.5812065457,0.0,0.0,0.0,0.0,0.0,979.6871871099427,0.0,0.0,168169.20982654922
2026-08-21 10:00:00+00:00,2394.73,963270.5812065457,0.0,0.0,0.0,0.0,0.0,979.6871871099427,0.0,0.0,168169.20982654922
2026-08-21 11:00:00+00:00,2370.42,963270.5812065457,0.0,0.0,0.0,0.0,0.0,979.6871871099427,0.0,0.0,168169.20982654922
2026-08-21 12:00:00+00:00,2387.75,963270.5812065457,0.0,0.0,0.0,0.0,0.0,979.6871871099427,0.0,0.0,168169.20982654922
2026-08-21 13:00:00+00:00,2386.98,963270.5812065457,0.0,0.0,0.0,0.0,0.0,979.6871871099427,0.0,0.0,168169.20982654922
2026-08-21 14:00:00+00:00,2393.14,963270.5812065457,0.0,0.0,0.0,0.0,0.0,979.6871871099427,0.0,0.0,168169.20982654922
2026-08-21 15:00:00+00:00,2393.03,963270.5812065457,0.0,0.0,0.0,0.0,0.0,979.6871871099427,0.0,0.0,168169.20982654922
2026-08-21 16:00:00+00:00,2405.13,963270.5812065457,0.0,0.0,0.0,0.0,0.0,979.6871871099427,0.0,0.0,168169.20982654922
2026-08-21 17:00:00+00:00,2422.98,963270.5812065457,0.0,0.0,0.0,0.0,0.0,979.6871871099427,0.0,0.0,168169.20982654922
2026-08-21 18:00:00+00:00,2419.8,963270.5812065457,0.0,0.0,0.0,0.0,0.0,979.6871871099427,0.0,0.0,168169.20982654922
2026-08-21 19:00:00+00:00,2412.41,963270.5812065457,0.0,0.0,0.0,0.0,0.0,979.6871871099427,0.0,0.0,168169.20982654922
2026-08-21 20:00:00+00:00,2440.07,963270.5812065457,0.0,0.0,0.0,0.0,0.0,979.6871871099427,0.0,0.0,168169.20982654922
2026-08-21 21:00:00+00:00,2513.52,963270.5812065457,0.0,0.0,0.0,0.0,0.0,979.6871871099427,0.0,0.0,168169.20982654922
2026-08-21 22:00:00+00:00,2522.0,963270.5812065457,0.0,0.0,0.0,0.0,0.0,979.6871871099427,0.0,0.0,168169.20982654922
2026-08-21 23:00:00+00:00,2515.97,963270.5812065457,0.0,0.0,0.0,0.0,0.0,979.6871871099427,0.0,0.0,168169.20982654922
2026-08-22 00:00:00+00:00,2521.69,963270.5812065457,0.0,0.0,0.0,0.0,0.0,979.6871871099427,0.0,0.0,168169.20982654922
2026-08-22 01:00:00+00:00,2506.28,963270.5812065457,0.0,0.0,0.0,0.0,0.0,979.6871871099427,0.0,0.0,168169.20982654922
2026-08-22 02:00:00+00:00,2515.33,963270.5812065457,0.0,0.0,0.0,0.0,0.0,979.6871871099427,0.0,0.0,168169.20982654922
2026-08-22 03:00:00+00:00,2514.35,963270.5812065457,0.0,0.0,0.0,0.0,0.0,979.6871871099427,0.0,0.0,168169.20982654922
2026-08-22 04:00:00+00:00,2513.88,963270.5812065457,0.0,0.0,0.0,0.0,0.0,979.6871871099427,0.0,0.0,168169.20982654922
2026-08-22 05:00:00+00:00,2439.44,963270.5812065457,0.0,0.0,0.0,0.0,0.0,979.6871871099427,0.0,0.0,168169.20982654922
2026-08-22 06:00:00+00:00,2436.94,963270.5812065457,0.0,0.0,0.0,0.0,0.0,979.6871871099427,0.0,0.0,168169.20982654922
2026-08-22 07:00:00+00:00,2432.54,963270.5812065457,0.0,0.0,0.0,0.0,0.0,979.6871871099427,0.0,0.0,168169.20982654922
2026-08-22 08:00:00+00:00,2425.34,963270.5812065457,0.0,0.0,0.0,0.0,0.0,979.6871871099427,0.0,0.0,168169.20982654922
2026-08-22 09:00:00+00:00,2421.49,963270.5812065457,0.0,0.0,0.0,0.0,0.0,979.6871871099427,0.0,0.0,168169.20982654922
2026-08-22 10:00:00+00:00,2412.14,963270.5812065457,0.0,0.0,0.0,0.0,0.0,979.6871871099427,0.0,0.0,168169.20982654922
2026-08-22 11:00:00+00:00,2423.41,963270.5812065457,0.0,0.0,0.0,0.0,0.0,979.6871871099427,0.0,0.0,168169.20982654922
2026-08-22 12:00:00+00:00,2427.31,963270.5812065457,0.0,0.0,0.0,0.0,0.0,979.6871871099427,0.0,0.0,168169.20982654922
2026-08-22 13:00:00+00:00,2429.35,963270.5812065457,0.0,0.0,0.0,0.0,0.0,979.6871871099427,0.0,0.0,168169.20982654922
2026-08-22 14:00:00+00:00,2413.02,963270.5812065457,0.0,0.0,0.0,0.0,0.0,979.6871871099427,0.0,0.0,168169.20982654922
2026-08-22 15:00:00+00:00,2410.37,963270.5812065457,0.0,0.0,0.0,0.0,0.0,979.6871871099427,0.0,0.0,168169.20982654922
2026-08-22 16:00:00+00:00,2421.89,963270.5812065457,0.0,0.0,0.0,0.0,0.0,979.6871871099427,0.0,0.0,168169.20982654922
2026-08-22 17:00:00+00:00,2425.9,963270.5812065457,0.0,0.0,0.0,0.0,0.0,979.6871871099427,0.0,0.0,168169.20982654922
2026-08-22 18:00:00+00:00,2426.54,963270.5812065457,0.0,0.0,0.0,0.0,0.0,979.6871871099427,0.0,0.0,168169.20982654922
2026-08-22 19:00:00+00:00,2438.18,963270.5812065457,0.0,0.0,0.0,0.0,0.0,979.6871871099427,0.0,0.0,168169.20982654922
2026-08-22 20:00:00+00:00,2431.02,963270.5812065457,0.0,0.0,0.0,0.0,0.0,979.6871871099427,0.0,0.0,168169.20982654922
2026-08-22 21:00:00+00:00,2406.39,963270.5812065457,0.0,0.0,0.0,0.0,0.0,979.6871871099427,0.0,0.0,168169.20982654922
2026-08-22 22:00:00+00:00,2413.17,963270.5812065457,0.0,0.0,0.0,0.0,0.0,979.6871871099427,0.0,0.0,168169.20982654922
2026-08-22 23:00:00+00:00,2421.4,963270.5812065457,0.0,0.0,0.0,0.0,0.0,979.6871871099427,0.0,0.0,168169.20982654922
2026-08-23 00:00:00+00:00,2429.95,963270.5812065457,0.0,0.0,0.0,0.0,0.0,979.6871871099427,0.0,0.0,168169.20982654922
2026-08-23 01:00:00+00:00,2422.33,963270.5812065457,0.0,0.0,0.0,0.0,0.0,979.6871871099427,0.0,0.0,168169.20982654922
2026-08-23 02:00:00+00:00,2415.98,963270.5812065457,0.0,0.0,0.0,0.0,0.0,979.6871871099427,0.0,0.0,168169.20982654922
2026-08-23 03:00:00+00:00,2413.19,963270.5812065457,0.0,0.0,0.0,0.0,0.0,979.6871871099427,0.0,0.0,168169.20982654922
2026-08-23 04:00:00+00:00,2378.24,963270.5812065457,0.0,0.0,0.0,0.0,0.0,979.6871871099427,0.0,0.0,168169.20982654922
2026-08-23 05:00:00+00:00,2372.6,963270.5812065457,0.0,0.0,0.0,0.0,0.0,979.6871871099427,0.0,0.0,168169.20982654922
2026-08-23 06:00:00+00:00,2389.35,963270.5812065457,0.0,0.0,0.0,0.0,0.0,979.6871871099427,0.0,0.0,168169.20982654922
2026-08-23 07:00:00+00:00,2388.29,963270.5812065457,0.0,0.0,0.0,0.0,0.0,979.6871871099427,0.0,0.0,168169.20982654922
2026-08-23 08:00:00+00:00,2412.25,963270.5812065457,0.0,0.0,0.0,0.0,0.0,979.6871871099427,0.0,0.0,168169.20982654922
2026-08-23 09:00:00+00:00,2410.91,963270.5812065457,0.0,0.0,0.0,0.0,0.0,979.6871871099427,0.0,0.0,168169.20982654922
2026-08-23 10:00:00+00:00,2414.8,963270.5812065457,0.0,0.0,0.0,0.0,0.0,979.6871871099427,0.0,0.0,168169.20982654922
2026-08-23 11:00:00+00:00,2433.29,963270.5812065457,0.0,0.0,0.0,0.0,0.0,979.6871871099427,0.0,0.0,168169.20982654922
2026-08-23 12:00:00+00:00,2426.61,963270.5812065457,0.0,0.0,0.0,0.0,0.0,979.6871871099427,0.0,0.0,168169.20982654922
2026-08-23 13:00:00+00:00,2458.64,963270.5812065457,0.0,0.0,0.0,0.0,0.0,979.6871871099427,0.0,0.0,168169.20982654922
2026-08-23 14:00:00+00:00,2437.94,963270.5812065457,0.0,0.0,0.0,0.0,0.0,979.6871871099427,0.0,0.0,168169.20982654922
2026-08-23 15:00:00+00:00,2437.69,963270.5812065457,0.0,0.0,0.0,0.0,0.0,979.6871871099427,0.0,0.0,168169.20982654922
2026-08-23 16:00:00+00:00,2449.7,963270.5812065457,0.0,0.0,0.0,0.0,0.0,979.6871871099427,0.0,0.0,168169.20982654922
2026-08-23 17:00:00+00:00,2439.24,963270.5812065457,0.0,0.0,0.0,0.0,0.0,979.6871871099427,0.0,0.0,168169.20982654922
2026-08-23 18:00:00+00:00,2447.59,963270.5812065457,0.0,0.0,0.0,0.0,0.0,979.6871871099427,0.0,0.0,168169.20982654922
2026-08-23 19:00:00+00:00,2443.58,963270.5812065457,0.0,0.0,0.0,0.0,0.0,979.6871871099427,0.0,0.0,168169.20982654922
2026-08-23 20:00:00+00:00,2449.22,963270.5812065457,0.0,0.0,0.0,0.0,0.0,979.6871871099427,0.0,0.0,168169.20982654922
2026-08-23 21:00:00+00:00,2469.14,963270.5812065457,0.0,0.0,0.0,0.0,0.0,979.6871871099427,0.0,0.0,168169.20982654922
2026-08-23 22:00:00+00:00,2454.13,963270.5812065457,0.0,0.0,0.0,0.0,0.0,979.6871871099427,0.0,0.0,168169.20982654922
2026-08-23 23:00:00+00:00,2462.58,963270.5812065457,0.0,0.0,0.0,0.0,0.0,979.6871871099427,0.0,0.0,168169.20982654922
2026-08-24 00:00:00+00:00,2464.6,963270.5812065457,0.0,0.0,0.0,0.0,0.0,979.6871871099427,0.0,0.0,168169.20982654922
2026-08-24 01:00:00+00:00,2428.27,963270.5812065457,0.0,0.0,0.0,0.0,0.0,979.6871871099427,0.0,0.0,168169.20982654922
2026-08-24 02:00:00+00:00,2442.54,963270.5812065457,0.0,0.0,0.0,0.0,0.0,979.6871871099427,0.0,0.0,168169.20982654922
2026-08-24 03:00:00+00:00,2429.78,963270.5812065457,0.0,0.0,0.0,0.0,0.0,979.6871871099427,0.0,0.0,168169.20982654922
2026-08-24 04:00:00+00:00,2436.72,963270.5812065457,0.0,0.0,0.0,0.0,0.0,979.6871871099427,0.0,0.0,168169.20982654922
2026-08-24 05:00:00+00:00,2448.07,963270.5812065457,0.0,0.0,0.0,0.0,0.0,979.6871871099427,0.0,0.0,168169.20982654922
2026-08-24 06:00:00+00:00,2455.58,963270.5812065457,0.0,0.0,0.0,0.0,0.0,979.6871871099427,0.0,0.0,168169.20982654922
2026-08-24 07:00:00+00:00,2453.97,963270.5812065457,0.0,0.0,0.0,0.0,0.0,979.6871871099427,0.0,0.0,168169.20982654922
2026-08-24 08:00:00+00:00,2453.62,963270.5812065457,0.0,0.0,0.0,0.0,0.0,979.6871871099427,0.0,0.0,168169.20982654922
2026-08-24 09:00:00+00:00,2462.2,963270.5812065457,0.0,0.0,0.0,0.0,0.0,979.6871871099427,0.0,0.0,168169.20982654922
2026-08-24 10:00:00+00:00,2464.24,963270.5812065457,0.0,0.0,0.0,0.0,0.0,979.6871871099427,0.0,0.0,168169.20982654922
2026-08-24 11:00:00+00:00,2493.52,963270.5812065457,0.0,0.0,0.0,0.0,0.0,979.6871871099427,0.0,0.0,168169.20982654922
2026-08-24 12:00:00+00:00,2511.99,963270.5812065457,0.0,0.0,0.0,0.0,0.0,979.6871871099427,0.0,0.0,168169.20982654922
2026-08-24 13:00:00+00:00,2492.76,963270.5812065457,0.0,0.0,0.0,0.0,0.0,979.6871871099427,0.0,0.0,168169.20982654922
2026-08-24 14:00:00+00:00,2515.0,963270.5812065457,0.0,0.0,0.0,0.0,0.0,979.6871871099427,0.0,0.0,168169.20982654922
2026-08-24 15:00:00+00:00,2486.64,963270.5812065457,0.0,0.0,0.0,0.0,0.0,979.6871871099427,0.0,0.0,168169.20982654922
2026-08-24 16:00:00+00:00,2477.03,963270.5812065457,0.0,0.0,0.0,0.0,0.0,979.6871871099427,0.0,0.0,168169.20982654922
2026-08-24 17:00:00+00:00,2467.92,963270.5812065457,0.0,0.0,0.0,0.0,0.0,979.6871871099427,0.0,0.0,168169.20982654922
2026-08-24 18:00:00+00:00,2473.21,963270.5812065457,0.0,0.0,0.0,0.0,0.0,979.6871871099427,0.0,0.0,168169.20982654922
2026-08-24 19:00:00+00:00,2470.54,963270.5812065457,0.0,0.0,0.0,0.0,0.0,979.6871871099427,0.0,0.0,168169.20982654922
2026-08-24 20:00:00+00:00,2474.44,963270.5812065457,0.0,0.0,0.0,0.0,0.0,979.6871871099427,0.0,0.0,168169.20982654922
2026-08-24 21:00:00+00:00,2482.78,963270.5812065457,0.0,0.0,0.0,0.0,0.0,979.6871871099427,0.0,0.0,168169.20982654922
2026-08-24 22:00:00+00:00,2473.38,963270.5812065457,0.0,0.0,0.0,0.0,0.0,979.6871871099427,0.0,0.0,168169.20982654922
2026-08-24 23:00:00+00:00,2481.03,963270.5812065457,0.0,0.0,0.0,0.0,0.0,979.6871871099427,0.0,0.0,168169.20982654922
2026-08-25 00:00:00+00:00,2492.2,963270.5812065457,0.0,0.0,0.0,0.0,0.0,979.6871871099427,0.0,0.0,168169.20982654922
2026-08-25 01:00:00+00:00,2494.87,963270.5812065457,0.0,0.0,0.0,0.0,0.0,979.6871871099427,0.0,0.0,168169.20982654922
2026-08-25 02:00:00+00:00,2506.94,963270.5812065457,0.0,0.0,0.0,0.0,0.0,979.6871871099427,0.0,0.0,168169.20982654922
2026-08-25 03:00:00+00:00,2497.96,963270.5812065457,0.0,0.0,0.0,0.0,0.0,979.6871871099427,0.0,0.0,168169.20982654922
2026-08-25 04:00:00+00:00,2493.72,963270.5812065457,0.0,0.0,0.0,0.0,0.0,979.6871871099427,0.0,0.0,168169.20982654922
2026-08-25 05:00:00+00:00,2507.61,963270.5812065457,0.0,0.0,0.0,0.0,0.0,979.6871871099427,0.0,0.0,168169.20982654922
2026-08-25 06:00:00+00:00,2499.9,963270.5812065457,0.0,0.0,0.0,0.0,0.0,979.6871871099427,0.0,0.0,168169.20982654922
2026-08-25 07:00:00+00:00,2477.66,963270.5812065457,0.0,0.0,0.0,0.0,0.0,979.6871871099427,0.0,0.0,168169.20982654922
2026-08-25 08:00:00+00:00,2484.0,963270.5812065457,0.0,0.0,0.0,0.0,0.0,979.6871871099427,0.0,0.0,168169.20982654922
2026-08-25 09:00:00+00:00,2473.62,963270.5812065457,0.0,0.0,0.0,0.0,0.0,979.6871871099427,0.0,0.0,168169.20982654922
2026-08-25 10:00:00+00:00,2480.94,963270.5812065457,0.0,0.0,0.0,0.0,0.0,979.6871871099427,0.0,0.0,168169.20982654922
2026-08-25 11:00:00+00:00,2477.1,963270.5812065457,0.0,0.0,0.0,0.0,0.0,979.6871871099427,0.0,0.0,168169.20982654922
2026-08-25 12:00:00+00:00,2472.69,963270.5812065457,0.0,0.0,0.0,0.0,0.0,979.6871871099427,0.0,0.0,168169.20982654922
2026-08-25 13:00:00+00:00,2459.99,963270.5812065457,0.0,0.0,0.0,0.0,0.0,979.6871871099427,0.0,0.0,168169.20982654922
2026-08-25 14:00:00+00:00,2475.96,963270.5812065457,0.0,0.0,0.0,0.0,0.0,979.6871871099427,0.0,0.0,168169.20982654922
2026-08-25 15:00:00+00:00,2481.56,963270.5812065457,0.0,0.0,0.0,0.0,0.0,979.6871871099427,0.0,0.0,168169.20982654922
2026-08-25 16:00:00+00:00,2469.59,963270.5812065457,0.0,0.0,0.0,0.0,0.0,979.6871871099427,0.0,0.0,168169.20982654922
2026-08-25 17:00:00+00:00,2469.93,963270.5812065457,0.0,0.0,0.0,0.0,0.0,979.6871871099427,0.0,0.0,168169.20982654922
2026-08-25 18:00:00+00:00,2466.04,963270.5812065457,0.0,0.0,0.0,0.0,0.0,979.6871871099427,0.0,0.0,168169.20982654922
2026-08-25 19:00:00+00:00,2462.03,963270.5812065457,0.0,0.0,0.0,0.0,0.0,979.6871871099427,0.0,0.0,168169.20982654922
2026-08-25 20:00:00+00:00,2435.25,963270.5812065457,0.0,0.0,0.0,0.0,0.0,979.6871871099427,0.0,0.0,168169.20982654922
2026-08-25 21:00:00+00:00,2440.8,963270.5812065457,0.0,0.0,0.0,0.0,0.0,979.6871871099427,0.0,0.0,168169.20982654922
2026-08-25 22:00:00+00:00,2452.7,963270.5812065457,0.0,0.0,0.0,0.0,0.0,979.6871871099427,0.0,0.0,168169.20982654922
2026-08-25 23:00:00+00:00,2441.72,963270.5812065457,0.0,0.0,0.0,0.0,0.0,979.6871871099427,0.0,0.0,168169.20982654922
2026-08-26 00:00:00+00:00,2445.07,963270.5812065457,0.0,0.0,0.0,0.0,0.0,979.6871871099427,0.0,0.0,168169.20982654922
2026-08-26 01:00:00+00:00,2454.99,963270.5812065457,0.0,0.0,0.0,0.0,0.0,979.6871871099427,0.0,0.0,168169.20982654922
2026-08-26 02:00:00+00:00,2464.18,963270.5812065457,0.0,0.0,0.0,0.0,0.0,979.6871871099427,0.0,0.0,168169.20982654922
2026-08-26 03:00:00+00:00,2464.58,963270.5812065457,0.0,0.0,0.0,0.0,0.0,979.6871871099427,0.0,0.0,168169.20982654922
2026-08-26 04:00:00+00:00,2455.77,963270.5812065457,0.0,0.0,0.0,0.0,0.0,979.6871871099427,0.0,0.0,168169.20982654922
2026-08-26 05:00:00+00:00,2463.85,963270.5812065457,0.0,0.0,0.0,0.0,0.0,979.6871871099427,0.0,0.0,168169.20982654922
2026-08-26 06:00:00+00:00,2459.03,963270.5812065457,0.0,0.0,0.0,0.0,0.0,979.6871871099427,0.0,0.0,168169.20982654922
2026-08-26 07:00:00+00:00,2460.51,963270.5812065457,0.0,0.0,0.0,0.0,0.0,979.6871871099427,0.0,0.0,168169.20982654922
2026-08-26 08:00:00+00:00,2455.31,963270.5812065457,0.0,0.0,0.0,0.0,0.0,979.6871871099427,0.0,0.0,168169.20982654922
2026-08-26 09:00:00+00:00,2446.8,963270.5812065457,0.0,0.0,0.0,0.0,0.0,979.6871871099427,0.0,0.0,168169.20982654922
2026-08-26 10:00:00+00:00,2467.67,963270.5812065457,0.0,0.0,0.0,0.0,0.0,979.6871871099427,0.0,0.0,168169.20982654922
2026-08-26 11:00:00+00:00,2462.03,963270.5812065457,0.0,0.0,0.0,0.0,0.0,979.6871871099427,0.0,0.0,168169.20982654922
2026-08-26 12:00:00+00:00,2454.0,963270.5812065457,0.0,0.0,0.0,0.0,0.0,979.6871871099427,0.0,0.0,168169.20982654922
2026-08-26 13:00:00+00:00,2456.16,963270.5812065457,0.0,0.0,0.0,0.0,0.0,979.6871871099427,0.0,0.0,168169.20982654922
2026-08-26 14:00:00+00:00,2438.1,963270.5812065457,0.0,0.0,0.0,0.0,0.0,979.6871871099427,0.0,0.0,168169.20982654922
2026-08-26 15:00:00+00:00,2448.97,963270.5812065457,0.0,0.0,0.0,0.0,0.0,979.6871871099427,0.0,0.0,168169.20982654922
2026-08-26 16:00:00+00:00,2443.66,963270.5812065457,0.0,0.0,0.0,0.0,0.0,979.6871871099427,0.0,0.0,168169.20982654922
2026-08-26 17:00:00+00:00,2459.94,963270.5812065457,0.0,0.0,0.0,0.0,0.0,979.6871871099427,0.0,0.0,168169.20982654922
2026-08-26 18:00:00+00:00,2471.72,963270.5812065457,0.0,0.0,0.0,0.0,0.0,979.6871871099427,0.0,0.0,168169.20982654922
2026-08-26 19:00:00+00:00,2469.51,963270.5812065457,0.0,0.0,0.0,0.0,0.0,979.6871871099427,0.0,0.0,168169.20982654922
2026-08-26 20:00:00+00:00,2471.28,963270.5812065457,0.0,0.0,0.0,0.0,0.0,979.6871871099427,0.0,0.0,168169.20982654922
2026-08-26 21:00:00+00:00,2495.89,963270.5812065457,0.0,0.0,0.0,0.0,0.0,979.6871871099427,0.0,0.0,168169.20982654922
2026-08-26 22:00:00+00:00,2492.61,963270.5812065457,0.0,0.0,0.0,0.0,0.0,979.6871871099427,0.0,0.0,168169.20982654922
2026-08-26 23:00:00+00:00,2505.66,963270.5812065457,0.0,0.0,0.0,0.0,0.0,979.6871871099427,0.0,0.0,168169.20982654922
2026-08-27 00:00:00+00:00,2490.71,963270.5812065457,0.0,0.0,0.0,0.0,0.0,979.6871871099427,0.0,0.0,168169.20982654922
2026-08-27 01:00:00+00:00,2496.81,963270.5812065457,0.0,0.0,0.0,0.0,0.0,979.6871871099427,0.0,0.0,168169.20982654922
2026-08-27 02:00:00+00:00,2493.83,963270.5812065457,0.0,0.0,0.0,0.0,0.0,979.6871871099427,0.0,0.0,168169.20982654922
2026-08-27 03:00:00+00:00,2491.95,963270.5812065457,0.0,0.0,0.0,0.0,0.0,979.6871871099427,0.0,0.0,168169.20982654922
2026-08-27 04:00:00+00:00,2486.45,963270.5812065457,0.0,0.0,0.0,0.0,0.0,979.6871871099427,0.0,0.0,168169.20982654922
2026-08-27 05:00:00+00:00,2495.52,963270.5812065457,0.0,0.0,0.0,0.0,0.0,979.6871871099427,0.0,0.0,168169.20982654922
2026-08-27 06:00:00+00:00,2492.06,963270.5812065457,0.0,0.0,0.0,0.0,0.0,979.6871871099427,0.0,0.0,168169.20982654922
2026-08-27 07:00:00+00:00,2496.19,963270.5812065457,0.0,0.0,0.0,0.0,0.0,979.6871871099427,0.0,0.0,168169.20982654922
2026-08-27 08:00:00+00:00,2529.9,963270.5812065457,0.0,0.0,0.0,0.0,0.0,979.6871871099427,0.0,0.0,168169.20982654922
2026-08-27 09:00:00+00:00,2533.57,963270.5812065457,0.0,0.0,0.0,0.0,0.0,979.6871871099427,0.0,0.0,168169.20982654922
2026-08-27 10:00:00+00:00,2502.75,963270.5812065457,0.0,0.0,0.0,0.0,0.0,979.6871871099427,0.0,0.0,168169.20982654922
2026-08-27 11:00:00+00:00,2500.41,963270.5812065457,0.0,0.0,0.0,0.0,0.0,979.6871871099427,0.0,0.0,168169.20982654922
2026-08-27 12:00:00+00:00,2493.92,963270.5812065457,0.0,0.0,0.0,0.0,0.0,979.6871871099427,0.0,0.0,168169.20982654922
2026-08-27 13:00:00+00:00,2495.24,963270.5812065457,0.0,0.0,0.0,0.0,0.0,979.6871871099427,0.0,0.0,168169.20982654922
2026-08-27 14:00:00+00:00,2516.23,963270.5812065457,0.0,0.0,0.0,0.0,0.0,979.6871871099427,0.0,0.0,168169.20982654922
2026-08-27 15:00:00+00:00,2520.58,963270.5812065457,0.0,0.0,0.0,0.0,0.0,979.6871871099427,0.0,0.0,168169.20982654922
2026-08-27 16:00:00+00:00,2521.19,963270.5812065457,0.0,0.0,0.0,0.0,0.0,979.6871871099427,0.0,0.0,168169.20982654922
2026-08-27 17:00:00+00:00,2517.03,963270.5812065457,0.0,0.0,0.0,0.0,0.0,979.6871871099427,0.0,0.0,168169.20982654922
2026-08-27 18:00:00+00:00,2505.64,963270.5812065457,0.0,0.0,0.0,0.0,0.0,979.6871871099427,0.0,0.0,168169.20982654922
2026-08-27 19:00:00+00:00,2496.79,963270.5812065457,0.0,0.0,0.0,0.0,0.0,979.6871871099427,0.0,0.0,168169.20982654922
2026-08-27 20:00:00+00:00,2506.96,963270.5812065457,0.0,0.0,0.0,0.0,0.0,979.6871871099427,0.0,0.0,168169.20982654922
2026-08-27 21:00:00+00:00,2503.1,963270.5812065457,0.0,0.0,0.0,0.0,0.0,979.6871871099427,0.0,0.0,168169.20982654922
2026-08-27 22:00:00+00:00,2513.8,963270.5812065457,0.0,0.0,0.0,0.0,0.0,979.6871871099427,0.0,0.0,168169.20982654922
2026-08-27 23:00:00+00:00,2509.74,963270.5812065457,0.0,0.0,0.0,0.0,0.0,979.6871871099427,0.0,0.0,168169.20982654922
2026-08-28 00:00:00+00:00,2514.53,963270.5812065457,0.0,0.0,0.0,0.0,0.0,979.6871871099427,0.0,0.0,168169.20982654922
2026-08-28 01:00:00+00:00,2511.01,963270.5812065457,0.0,0.0,0.0,0.0,0.0,979.6871871099427,0.0,0.0,168169.20982654922
2026-08-28 02:00:00+00:00,2490.77,963270.5812065457,0.0,0.0,0.0,0.0,0.0,979.6871871099427,0.0,0.0,168169.20982654922
2026-08-28 03:00:00+00:00,2488.61,963270.5812065457,0.0,0.0,0.0,0.0,0.0,979.6871871099427,0.0,0.0,168169.20982654922
2026-08-28 04:00:00+00:00,2484.74,963270.5812065457,0.0,0.0,0.0,0.0,0.0,979.6871871099427,0.0,0.0,168169.20982654922
2026-08-28 05:00:00+00:00,2492.04,963270.5812065457,0.0,0.0,0.0,0.0,0.0,979.6871871099427,0.0,0.0,168169.20982654922
2026-08-28 06:00:00+00:00,2501.7,963270.5812065457,0.0,0.0,0.0,0.0,0.0,979.6871871099427,0.0,0.0,168169.20982654922
2026-08-28 07:00:00+00:00,2495.34,963270.5812065457,0.0,0.0,0.0,0.0,0.0,979.6871871099427,0.0,0.0,168169.20982654922
2026-08-28 08:00:00+00:00,2487.19,963270.5812065457,0.0,0.0,0.0,0.0,0.0,979.6871871099427,0.0,0.0,168169.20982654922
2026-08-28 09:00:00+00:00,2488.62,963270.5812065457,0.0,0.0,0.0,0.0,0.0,979.6871871099427,0.0,0.0,168169.20982654922
2026-08-28 10:00:00+00:00,2505.52,963270.5812065457,0.0,0.0,0.0,0.0,0.0,979.6871871099427,0.0,0.0,168169.20982654922
2026-08-28 11:00:00+00:00,2504.11,963270.5812065457,0.0,0.0,0.0,0.0,0.0,979.6871871099427,0.0,0.0,168169.20982654922
2026-08-28 12:00:00+00:00,2497.99,963270.5812065457,0.0,0.0,0.0,0.0,0.0,979.6871871099427,0.0,0.0,168169.20982654922
2026-08-28 13:00:00+00:00,2508.51,963270.5812065457,0.0,0.0,0.0,0.0,0.0,979.6871871099427,0.0,0.0,168169.20982654922
2026-08-28 14:00:00+00:00,2512.04,963270.5812065457,0.0,0.0,0.0,0.0,0.0,979.6871871099427,0.0,0.0,168169.20982654922
2026-08-28 15:00:00+00:00,2470.35,963270.5812065457,0.0,0.0,0.0,0.0,0.0,979.6871871099427,0.0,0.0,168169.20982654922
2026-08-28 16:00:00+00:00,2440.83,963270.5812065457,0.0,0.0,0.0,0.0,0.0,979.6871871099427,0.0,0.0,168169.20982654922
2026-08-28 17:00:00+00:00,2442.45,963270.5812065457,0.0,0.0,0.0,0.0,0.0,979.6871871099427,0.0,0.0,168169.20982654922
2026-08-28 18:00:00+00:00,2427.47,963270.5812065457,0.0,0.0,0.0,0.0,0.0,979.6871871099427,0.0,0.0,168169.20982654922
2026-08-28 19:00:00+00:00,2434.42,963270.5812065457,0.0,0.0,0.0,0.0,0.0,979.6871871099427,0.0,0.0,168169.20982654922
2026-08-28 20:00:00+00:00,2426.63,963270.5812065457,0.0,0.0,0.0,0.0,0.0,979.6871871099427,0.0,0.0,168169.20982654922
2026-08-28 21:00:00+00:00,2423.99,963270.5812065457,0.0,0.0,0.0,0.0,0.0,979.6871871099427,0.0,0.0,168169.20982654922
2026-08-28 22:00:00+00:00,2440.93,963270.5812065457,0.0,0.0,0.0,0.0,0.0,979.6871871099427,0.0,0.0,168169.20982654922
2026-08-28 23:00:00+00:00,2441.9,963270.5812065457,0.0,0.0,0.0,0.0,0.0,979.6871871099427,0.0,0.0,168169.20982654922
2026-08-29 00:00:00+00:00,2441.42,963270.5812065457,0.0,0.0,0.0,0.0,0.0,979.6871871099427,0.0,0.0,168169.20982654922
2026-08-29 01:00:00+00:00,2442.44,963270.5812065457,0.0,0.0,0.0,0.0,0.0,979.6871871099427,0.0,0.0,168169.20982654922
2026-08-29 02:00:00+00:00,2437.59,963270.5812065457,0.0,0.0,0.0,0.0,0.0,979.6871871099427,0.0,0.0,168169.20982654922
2026-08-29 03:00:00+00:00,2434.05,963270.5812065457,0.0,0.0,0.0,0.0,0.0,979.6871871099427,0.0,0.0,168169.20982654922
2026-08-29 04:00:00+00:00,2439.14,963270.5812065457,0.0,0.0,0.0,0.0,0.0,979.6871871099427,0.0,0.0,168169.20982654922
2026-08-29 05:00:00+00:00,2437.8,963270.5812065457,0.0,0.0,0.0,0.0,0.0,979.6871871099427,0.0,0.0,168169.20982654922
2026-08-29 06:00:00+00:00,2433.93,963270.5812065457,0.0,0.0,0.0,0.0,0.0,979.6871871099427,0.0,0.0,168169.20982654922
2026-08-29 07:00:00+00:00,2435.2,963270.5812065457,0.0,0.0,0.0,0.0,0.0,979.6871871099427,0.0,0.0,168169.20982654922
2026-08-29 08:00:00+00:00,2432.98,963270.5812065457,0.0,0.0,0.0,0.0,0.0,979.6871871099427,0.0,0.0,168169.20982654922
2026-08-29 09:00:00+00:00,2434.21,963270.5812065457,0.0,0.0,0.0,0.0,0.0,979.6871871099427,0.0,0.0,168169.20982654922
2026-08-29 10:00:00+00:00,2433.58,963270.5812065457,0.0,0.0,0.0,0.0,0.0,979.6871871099427,0.0,0.0,168169.20982654922
2026-08-29 11:00:00+00:00,2434.87,963270.5812065457,0.0,0.0,0.0,0.0,0.0,979.6871871099427,0.0,0.0,168169.20982654922
2026-08-29 12:00:00+00:00,2433.52,963270.5812065457,0.0,0.0,0.0,0.0,0.0,979.6871871099427,0.0,0.0,168169.20982654922
2026-08-29 13:00:00+00:00,2434.59,963270.5812065457,0.0,0.0,0.0,0.0,0.0,979.6871871099427,0.0,0.0,168169.20982654922
2026-08-29 14:00:00+00:00,2447.34,963270.5812065457,0.0,0.0,0.0,0.0,0.0,979.6871871099427,0.0,0.0,168169.20982654922
2026-08-29 15:00:00+00:00,2443.51,963270.5812065457,0.0,0.0,0.0,0.0,0.0,979.6871871099427,0.0,0.0,168169.20982654922
2026-08-29 16:00:00+00:00,2449.7,963270.5812065457,0.0,0.0,0.0,0.0,0.0,979.6871871099427,0.0,0.0,168169.20982654922
2026-08-29 17:00:00+00:00,2449.34,963270.5812065457,0.0,0.0,0.0,0.0,0.0,979.6871871099427,0.0,0.0,168169.20982654922
2026-08-29 18:00:00+00:00,2451.12,963270.5812065457,0.0,0.0,0.0,0.0,0.0,979.6871871099427,0.0,0.0,168169.20982654922
2026-08-29 19:00:00+00:00,2452.16,963270.5812065457,0.0,0.0,0.0,0.0,0.0,979.6871871099427,0.0,0.0,168169.20982654922
2026-08-29 20:00:00+00:00,2451.54,963270.5812065457,0.0,0.0,0.0,0.0,0.0,979.6871871099427,0.0,0.0,168169.20982654922
2026-08-29 21:00:00+00:00,2450.34,963270.5812065457,0.0,0.0,0.0,0.0,0.0,979.6871871099427,0.0,0.0,168169.20982654922
2026-08-29 22:00:00+00:00,2451.48,963270.5812065457,0.0,0.0,0.0,0.0,0.0,979.6871871099427,0.0,0.0,168169.20982654922
2026-08-29 23:00:00+00:00,2456.5,963270.5812065457,0.0,0.0,0.0,0.0,0.0,979.6871871099427,0.0,0.0,168169.20982654922
2026-08-30 00:00:00+00:00,2457.81,963270.5812065457,0.0,0.0,0.0,0.0,0.0,979.6871871099427,0.0,0.0,168169.20982654922
2026-08-30 01:00:00+00:00,2455.44,963270.5812065457,0.0,0.0,0.0,0.0,0.0,979.6871871099427,0.0,0.0,168169.20982654922
2026-08-30 02:00:00+00:00,2453.69,963270.5812065457,0.0,0.0,0.0,0.0,0.0,979.6871871099427,0.0,0.0,168169.20982654922
2026-08-30 03:00:00+00:00,2456.0,963270.5812065457,0.0,0.0,0.0,0.0,0.0,979.6871871099427,0.0,0.0,168169.20982654922
2026-08-30 04:00:00+00:00,2454.8,963270.5812065457,0.0,0.0,0.0,0.0,0.0,979.6871871099427,0.0,0.0,168169.20982654922
2026-08-30 05:00:00+00:00,2454.99,963270.5812065457,0.0,0.0,0.0,0.0,0.0,979.6871871099427,0.0,0.0,168169.20982654922
2026-08-30 06:00:00+00:00,2460.1,963270.5812065457,0.0,0.0,0.0,0.0,0.0,979.6871871099427,0.0,0.0,168169.20982654922
2026-08-30 07:00:00+00:00,2454.19,963270.5812065457,0.0,0.0,0.0,0.0,0.0,979.6871871099427,0.0,0.0,168169.20982654922
2026-08-30 08:00:00+00:00,2455.86,963270.5812065457,0.0,0.0,0.0,0.0,0.0,979.6871871099427,0.0,0.0,168169.20982654922
2026-08-30 09:00:00+00:00,2452.61,963270.5812065457,0.0,0.0,0.0,0.0,0.0,979.6871871099427,0.0,0.0,168169.20982654922
2026-08-30 10:00:00+00:00,2458.65,963270.5812065457,0.0,0.0,0.0,0.0,0.0,979.6871871099427,0.0,0.0,168169.20982654922
2026-08-30 11:00:00+00:00,2459.11,963270.5812065457,0.0,0.0,0.0,0.0,0.0,979.6871871099427,0.0,0.0,168169.20982654922
2026-08-30 12:00:00+00:00,2467.99,963270.5812065457,0.0,0.0,0.0,0.0,0.0,979.6871871099427,0.0,0.0,168169.20982654922
2026-08-30 13:00:00+00:00,2474.16,963270.5812065457,0.0,0.0,0.0,0.0,0.0,979.6871871099427,0.0,0.0,168169.20982654922
2026-08-30 14:00:00+00:00,2475.76,963270.5812065457,0.0,0.0,0.0,0.0,0.0,979.6871871099427,0.0,0.0,168169.20982654922
2026-08-30 15:00:00+00:00,2479.91,963270.5812065457,0.0,0.0,0.0,0.0,0.0,979.6871871099427,0.0,0.0,168169.20982654922
2026-08-30 16:00:00+00:00,2528.29,963270.5812065457,0.0,0.0,0.0,0.0,0.0,979.6871871099427,0.0,0.0,168169.20982654922
2026-08-30 17:00:00+00:00,2504.62,963270.5812065457,0.0,0.0,0.0,0.0,0.0,979.6871871099427,0.0,0.0,168169.20982654922
2026-08-30 18:00:00+00:00,2509.86,963270.5812065457,0.0,0.0,0.0,0.0,0.0,979.6871871099427,0.0,0.0,168169.20982654922
2026-08-30 19:00:00+00:00,2502.76,963270.5812065457,0.0,0.0,0.0,0.0,0.0,979.6871871099427,0.0,0.0,168169.20982654922
2026-08-30 20:00:00+00:00,2489.59,963270.5812065457,0.0,0.0,0.0,0.0,0.0,979.6871871099427,0.0,0.0,168169.20982654922
2026-08-30 21:00:00+00:00,2480.64,963270.5812065457,0.0,0.0,0.0,0.0,0.0,979.6871871099427,0.0,0.0,168169.20982654922
2026-08-30 22:00:00+00:00,2469.51,963270.5812065457,0.0,0.0,0.0,0.0,0.0,979.6871871099427,0.0,0.0,168169.20982654922
2026-08-30 23:00:00+00:00,2415.55,963270.5812065457,0.0,0.0,0.0,0.0,0.0,979.6871871099427,0.0,0.0,168169.20982654922
2026-08-31 00:00:00+00:00,2427.14,963270.5812065457,0.0,0.0,0.0,0.0,0.0,979.6871871099427,0.0,0.0,168169.20982654922
2026-08-31 01:00:00+00:00,2412.17,963270.5812065457,0.0,0.0,0.0,0.0,0.0,979.6871871099427,0.0,0.0,168169.20982654922
2026-08-31 02:00:00+00:00,2406.99,963270.5812065457,0.0,0.0,0.0,0.0,0.0,979.6871871099427,0.0,0.0,168169.20982654922
2026-08-31 03:00:00+00:00,2419.95,963270.5812065457,0.0,0.0,0.0,0.0,0.0,979.6871871099427,0.0,0.0,168169.20982654922
2026-08-31 04:00:00+00:00,2416.36,963270.5812065457,0.0,0.0,0.0,0.0,0.0,979.6871871099427,0.0,0.0,168169.20982654922
2026-08-31 05:00:00+00:00,2434.91,963270.5812065457,0.0,0.0,0.0,0.0,0.0,979.6871871099427,0.0,0.0,168169.20982654922
2026-08-31 06:00:00+00:00,2437.55,963270.5812065457,0.0,0.0,0.0,0.0,0.0,979.6871871099427,0.0,0.0,168169.20982654922
2026-08-31 07:00:00+00:00,2439.02,963270.5812065457,0.0,0.0,0.0,0.0,0.0,979.6871871099427,0.0,0.0,168169.20982654922
2026-08-31 08:00:00+00:00,2445.0,963270.5812065457,0.0,0.0,0.0,0.0,0.0,979.6871871099427,0.0,0.0,168169.20982654922
2026-08-31 09:00:00+00:00,2445.47,963270.5812065457,0.0,0.0,0.0,0.0,0.0,979.6871871099427,0.0,0.0,168169.20982654922
2026-08-31 10:00:00+00:00,2454.37,963270.5812065457,0.0,0.0,0.0,0.0,0.0,979.6871871099427,0.0,0.0,168169.20982654922
2026-08-31 11:00:00+00:00,2445.1,963270.5812065457,0.0,0.0,0.0,0.0,0.0,979.6871871099427,0.0,0.0,168169.20982654922
2026-08-31 12:00:00+00:00,2450.61,963270.5812065457,0.0,0.0,0.0,0.0,0.0,979.6871871099427,0.0,0.0,168169.20982654922
2026-08-31 13:00:00+00:00,2439.53,963270.5812065457,0.0,0.0,0.0,0.0,0.0,979.6871871099427,0.0,0.0,168169.20982654922
2026-08-31 14:00:00+00:00,2466.78,963270.5812065457,0.0,0.0,0.0,0.0,0.0,979.6871871099427,0.0,0.0,168169.20982654922
2026-08-31 15:00:00+00:00,2466.4,963270.5812065457,0.0,0.0,0.0,0.0,0.0,979.6871871099427,0.0,0.0,168169.20982654922
2026-08-31 16:00:00+00:00,2468.0,963270.5812065457,0.0,0.0,0.0,0.0,0.0,979.6871871099427,0.0,0.0,168169.20982654922
2026-08-31 17:00:00+00:00,2474.17,963270.5812065457,0.0,0.0,0.0,0.0,0.0,979.6871871099427,0.0,0.0,168169.20982654922
2026-08-31 18:00:00+00:00,2476.57,963270.5812065457,0.0,0.0,0.0,0.0,0.0,979.6871871099427,0.0,0.0,168169.20982654922
2026-08-31 19:00:00+00:00,2480.77,963270.5812065457,0.0,0.0,0.0,0.0,0.0,979.6871871099427,0.0,0.0,168169.20982654922
2026-08-31 20:00:00+00:00,2471.8,963270.5812065457,0.0,0.0,0.0,0.0,0.0,979.6871871099427,0.0,0.0,168169.20982654922
2026-08-31 21:00:00+00:00,2477.35,963270.5812065457,0.0,0.0,0.0,0.0,0.0,979.6871871099427,0.0,0.0,168169.20982654922
2026-08-31 22:00:00+00:00,2468.23,963270.5812065457,0.0,0.0,0.0,0.0,0.0,979.6871871099427,0.0,0.0,168169.20982654922
2026-08-31 23:00:00+00:00,2466.53,963270.5812065457,0.0,0.0,0.0,0.0,0.0,979.6871871099427,0.0,0.0,168169.20982654922
