timestamp,price,lp_value,lp_delta,hedge_delta,fee_usd,lvr_usd,funding_usd,hedge_cost_usd,gas_usd,net_usd,cum_net
2026-08-01 00:00:00+00:00,1863.93,932025.1223317583,231.78183855174717,-231.78183855174717,12.734809503432519,0.0,0.0,0.0,0.0,-68178.15541990417,-68178.15541990417
2026-08-01 01:00:00+00:00,1866.0,932502.8706805459,229.8928254809256,-231.78183855174717,7.341154983644984,0.0,3.646016397517633,0.0,0.0,8.947114366703318,-68169.20830553747
2026-08-01 02:00:00+00:00,1867.48,932842.0306427744,228.51965018178862,-231.78183855174717,9.0089080051435,0.0,3.64890820044814,0.0,0.0,8.780657377516036,-68160.42764815995
2026-08-01 03:00:00+00:00,1869.0,933188.2636665746,227.14702401548095,-231.78183855174717,7.22841288286856,0.0,3.651878160214607,0.0,0.0,4.804920244612731,-68155.62272791534
2026-08-01 04:00:00+00:00,1868.84,933151.9200926889,227.31857226307406,-231.78183855174717,5.928148133240432,0.0,3.6515655328707677,0.0,0.0,10.321233948663576,-68145.30149396668
2026-08-01 05:00:00+00:00,1866.6,932640.6137003452,229.37782037830266,-231.78183855174717,9.21710260977957,0.0,1.2481778818403944,0.0,0.0,18.35020650383376,-68126.95128746284
2026-08-01 06:00:00+00:00,1869.47,933294.9029074333,226.80395325017258,-231.78183855174717,8.752245624129777,0.0,1.2500970238745108,0.0,0.0,-0.9223269073554548,-68127.8736143702
2026-08-01 07:00:00+00:00,1868.9,933165.5592070246,227.31857226307406,-231.78183855174717,7.959585455725565,0.0,1.2497158702301043,0.0,0.0,11.981248891737778,-68115.89236547846
2026-08-01 08:00:00+00:00,1868.45,933063.2281058182,227.66169449028402,-231.78183855174717,7.630135770121969,0.0,1.2494149594582045,0.0,0.0,10.850276871395181,-68105.04208860706
2026-08-01 09:00:00+00:00,1866.99,932729.9689093968,229.0345265556636,-231.78183855174717,10.408339503602246,0.0,1.2484386711760407,0.0,0.0,16.79906603897689,-68088.24302256809
2026-08-01 10:00:00+00:00,1866.45,932606.2134646797,229.5494801629259,-231.78183855174717,23.256917656683424,0.0,1.248077578249761,0.0,0.0,25.911743335716892,-68062.33127923237
2026-08-01 11:00:00+00:00,1866.17,932541.9300179991,229.721148530324,-231.78183855174717,6.026269263817747,0.0,1.247890344880579,0.0,0.0,7.8896277226594975,-68054.44165150971
2026-08-01 12:00:00+00:00,1868.35,933040.4739891428,227.83326847075764,-231.78183855174717,10.221786735709104,0.0,3.1271594099774647,0.0,0.0,6.608509246594622,-68047.83314226312
2026-08-01 13:00:00+00:00,1868.36,933042.7523218275,227.83326847075764,-231.78183855174717,5.403776176723463,0.0,3.1271761475234814,0.0,0.0,8.491466623381712,-68039.34167563973
2026-08-01 14:00:00+00:00,1874.32,934383.3995054045,222.34715368477978,-231.78183855174717,14.379950831813963,0.0,3.137151724949266,0.0,0.0,-23.25547163459123,-68062.59714727433
2026-08-01 15:00:00+00:00,1869.2,933233.6634251617,226.97548434465662,-231.78183855174717,10.242766458803864,0.0,3.1285821013888606,0.0,0.0,50.358281702327076,-68012.238865572
2026-08-01 16:00:00+00:00,1867.93,932944.7601504379,228.17644216758814,-231.78183855174717,12.368484980033914,0.0,3.1264564330447757,0.0,0.0,20.954601650009863,-67991.28426392199
2026-08-01 17:00:00+00:00,1861.19,931386.6702896898,234.3594403074359,-231.78183855174717,28.18136675050931,0.0,3.1151753270297093,0.0,0.0,35.416273168157204,-67955.86799075383
2026-08-01 18:00:00+00:00,1835.75,925125.7127178165,258.16429806966136,-258.16429806966136,180.10347010464494,0.0,3.072595009963942,240.2283611958846,0.0,-205.4673340322479,-68161.33532478608
2026-08-01 19:00:00+00:00,1836.48,925313.8145044814,257.47198831827427,-258.16429806966136,34.51044778171382,0.0,3.423692618221624,0.0,0.0,37.575989473989466,-68123.75933531209
2026-08-01 20:00:00+00:00,1837.48,925570.6644391306,256.433783259761,-258.16429806966136,16.044003704571672,0.0,1.6454769537591123,0.0,0.0,16.375117237854283,-68107.38421807424
2026-08-01 21:00:00+00:00,1844.9,927447.2034433044,249.5203696764318,-258.16429806966136,19.368416614556025,0.0,1.6521216187333665,0.0,0.0,-18.019549269782146,-68125.40376734402
2026-08-01 22:00:00+00:00,1846.46,927835.1600317296,247.96675611380314,-258.16429806966136,13.044441062567845,0.0,1.6535186102912958,0.0,0.0,-0.08175689059135038,-68125.48552423461
2026-08-01 23:00:00+00:00,1844.17,927264.8759682012,250.21108902457445,-258.16429806966136,11.585120223873577,0.0,1.651467898324848,0.0,0.0,34.14876717331936,-68091.33675706129
2026-08-02 00:00:00+00:00,1846.06,927735.9111518736,248.48454962649345,-258.16429806966136,16.526982982566995,0.0,1.6531604073277242,0.0,0.0,1.2848037107032724,-68090.05195335059
2026-08-02 01:00:00+00:00,1856.29,930227.6050754711,238.83186521845752,-238.83186521845752,32.53251277555834,0.0,1.6623214481210693,258.1716620845652,0.0,-225.1018464617955,-68315.15379981238
2026-08-02 02:00:00+00:00,1876.2,934799.5472759358,220.63454207575387,-220.63454207575387,98.19744239823555,0.0,1.5543341985324555,275.24257092473545,0.0,168.15438710375747,-68146.99941270862
2026-08-02 03:00:00+00:00,1876.61,934889.8795235308,220.29212249352082,-220.63454207575387,22.525468789977023,0.0,1.4362185521415822,0.0,0.0,23.833772686164593,-68123.16564002246
2026-08-02 04:00:00+00:00,1880.23,935680.736498009,216.86980922581782,-220.63454207575387,19.680554617204308,0.0,2.907535677573825,0.0,0.0,14.748022458632477,-68108.41761756383
2026-08-02 05:00:00+00:00,1875.67,934682.5609031327,221.14823565384435,-220.63454207575387,22.374652226297325,0.0,2.900484219672538,0.0,0.0,33.19305343509768,-68075.22456412873
2026-08-02 06:00:00+00:00,1876.72,934914.0770549072,220.1209255420689,-220.63454207575387,11.13909389885143,0.0,2.90210791063665,0.0,0.0,13.891084404516732,-68061.33347972421
2026-08-02 07:00:00+00:00,1875.32,934605.1466283418,221.31948396951796,-220.63454207575387,6.825795927100618,0.0,2.8999429893511675,0.0,0.0,9.683671257080277,-68051.64980846713
2026-08-02 08:00:00+00:00,1867.34,932810.0368805754,228.69126705897466,-220.63454207575387,27.71562430946124,0.0,2.887602938023915,0.0,0.0,-3.8428747543948703,-68055.49268322153
2026-08-02 09:00:00+00:00,1870.21,933462.3752045056,226.1179146270637,-220.63454207575387,24.26679000088126,0.0,2.8920410266591547,0.0,0.0,46.27601920037705,-68009.21666402115
2026-08-02 10:00:00+00:00,1867.76,932905.9771256684,228.34804188480254,-220.63454207575387,10.88566701158629,0.0,2.88825241440956,0.0,0.0,-2.06953132560011,-68011.28619534675
2026-08-02 11:00:00+00:00,1851.75,929133.8356341358,243.13776000722922,-243.13776000722922,54.100700115362464,0.0,2.863494993137717,296.0777378270402,0.0,-203.6534446936712,-68214.93964004042
2026-08-02 12:00:00+00:00,1855.98,930153.5316968762,239.17613877496254,-243.13776000722922,27.039467537322093,0.0,0.8088814345241545,0.0,0.0,19.07168688166712,-68195.86795315875
2026-08-02 13:00:00+00:00,1853.96,929668.6587705796,241.07025881703998,-243.13776000722922,13.211490812743751,0.0,0.8080010691658323,0.0,0.0,20.28484079995542,-68175.5831123588
2026-08-02 14:00:00+00:00,1854.0,929678.3015809322,241.07025881703998,-243.13776000722922,17.09597761720614,0.0,0.8080185021432248,0.0,0.0,17.821296071677352,-68157.76181628712
2026-08-02 15:00:00+00:00,1857.77,930580.0317562688,237.45511519715086,-243.13776000722922,18.410620047356762,0.0,0.8096615602624696,0.0,0.0,4.32110171696695,-68153.44071457016
2026-08-02 16:00:00+00:00,1862.37,931662.4816559977,233.32816762680454,-243.13776000722922,24.490139791274792,0.0,0.8116663526626092,0.0,0.0,-10.681990160432179,-68164.12270473059
2026-08-02 17:00:00+00:00,1867.79,932912.827566925,228.34804188480254,-228.34804188480254,17.056483833379957,0.0,0.8140285210992955,309.8897816329839,0.0,60.17944320073002,-68103.94326152986
2026-08-02 18:00:00+00:00,1875.16,934569.7278310473,221.4907408473931,-228.34804188480254,52.52655527563691,0.0,0.7675289872406161,0.0,0.0,27.269279694155557,-68076.6739818357
2026-08-02 19:00:00+00:00,1881.39,935931.6432671951,215.84378238530772,-215.84378238530772,25.302905477235146,0.0,0.7700790126200553,321.65247602286115,0.0,234.92725696861453,-67841.74672486709
2026-08-02 20:00:00+00:00,1883.04,936286.4248996244,214.30531912038518,-215.84378238530772,17.375237056176235,0.0,5.080530949785373,0.0,0.0,21.09515949957131,-67820.65156536752
2026-08-02 21:00:00+00:00,1889.74,937701.7161156867,208.32898296831047,-215.84378238530772,47.94772363696472,0.0,5.098607866560143,0.0,0.0,22.184205584213487,-67798.4673597833
2026-08-02 22:00:00+00:00,1881.3,935912.2318928447,216.0147654849478,-215.84378238530772,48.45538278833059,0.0,5.075836347518493,0.0,0.0,85.76851962583896,-67712.69884015746
2026-08-02 23:00:00+00:00,1884.37,936570.6039614317,213.10921509836928,-215.84378238530772,23.541989999313095,0.0,5.084119352667528,0.0,0.0,24.35776601609541,-67688.34107414137
2026-08-03 00:00:00+00:00,1873.02,934093.75093152,223.54649138948082,-215.84378238530772,32.9692703855114,0.0,5.053496516041614,0.0,0.0,10.996667063125642,-67677.34440707824
2026-08-03 01:00:00+00:00,1866.38,932590.1450010682,229.5494801629259,-229.5494801629259,29.650481372891754,0.0,5.035581482103633,334.44249613195666,0.0,-48.5071726673923,-67725.85157974563
2026-08-03 02:00:00+00:00,1863.41,931904.4900645099,232.2972042661107,-229.5494801629259,25.48119871841728,0.0,5.346809960379972,0.0,0.0,26.935028204345144,-67698.91655154129
2026-08-03 03:00:00+00:00,1856.18,930201.3342728375,239.00399769350628,-229.5494801629259,42.79812190866716,0.0,5.326064426110248,0.0,0.0,4.611136240346241,-67694.30541530094
2026-08-03 04:00:00+00:00,1854.01,929680.7122835204,241.07025881703998,-241.07025881703998,29.263582667418948,0.0,-0.46229391320244595,345.1223155482137,0.0,-4.3781480256147915,-67698.68356332656
2026-08-03 05:00:00+00:00,1858.87,930840.6560451209,236.42291399976162,-241.07025881703998,20.443667562044254,0.0,-0.48676847296785475,0.0,0.0,8.299202838825295,-67690.38436048773
2026-08-03 06:00:00+00:00,1848.24,928275.06258614,246.41384148505966,-241.07025881703998,40.5033352995171,0.0,-0.4839848738632115,0.0,0.0,37.002742669850704,-67653.38161781788
2026-08-03 07:00:00+00:00,1843.0,926971.6054424116,251.24742708812948,-241.07025881703998,55.15516360076634,0.0,-0.48261271400353783,0.0,0.0,14.42356335966906,-67638.95805445821
2026-08-03 08:00:00+00:00,1839.42,926066.2967347549,254.70413344774937,-254.70413344774937,81.71215586368501,0.0,-0.48167524600780665,357.6615263848234,0.0,26.41408868934377,-67612.54396576887
2026-08-03 09:00:00+00:00,1851.8,929145.9925221361,243.13776000722922,-254.70413344774937,47.49897002578605,0.0,-0.5123418854285166,0.0,0.0,-26.55475656159979,-67639.09872233047
2026-08-03 10:00:00+00:00,1845.38,927566.8140866696,249.00242081015267,-254.70413344774937,39.90462165358054,0.0,-0.5105656488454887,0.0,0.0,95.41615727276076,-67543.68256505771
2026-08-03 11:00:00+00:00,1838.97,925951.6396486303,255.04999423107753,-254.70413344774937,35.6193047066929,0.0,-0.5087921789861103,0.0,0.0,52.58956988849968,-67491.09299516921
2026-08-03 12:00:00+00:00,1842.69,926893.6917980933,251.59294220082177,-254.70413344774937,29.297470374077037,0.0,2.149580679255777,0.0,0.0,25.99982409067161,-67465.09317107854
2026-08-03 13:00:00+00:00,1858.27,930698.6457725447,237.1110137257949,-237.1110137257949,76.95031816804735,0.0,2.1677554492837277,374.0079096776816,0.0,-76.95642238706932,-67542.0495934656
2026-08-03 14:00:00+00:00,1872.82,934049.0504101436,223.71785961494385,-223.71785961494385,106.24710088873792,0.0,2.0338234191648197,386.54939311862364,0.0,210.35508357471554,-67331.69450989089
2026-08-03 15:00:00+00:00,1862.54,931702.1081100239,233.15631892197692,-223.71785961494385,46.29583262301733,0.0,1.908410257092256,0.0,0.0,1.0815396020771004,-67330.61297028881
2026-08-03 16:00:00+00:00,1865.51,932390.1427810243,230.40790783624524,-223.71785961494385,29.630258023020158,0.0,1.9114534016494547,0.0,0.0,55.13433936869842,-67275.47863092012
2026-08-03 17:00:00+00:00,1868.09,932981.2368344681,228.00485102971592,-223.71785961494385,25.94402741308253,0.0,1.9140969413658084,0.0,0.0,41.760099991675816,-67233.71853092844
2026-08-03 18:00:00+00:00,1868.11,932985.7969314887,228.00485102971592,-223.71785961494385,19.70651477377025,0.0,1.914117433921749,0.0,0.0,21.70637203595834,-67212.01215889248
2026-08-03 19:00:00+00:00,1869.26,933247.2819542224,226.97548434465662,-223.71785961494385,21.320610326849998,0.0,1.915295755888341,0.0,0.0,27.445390259250416,-67184.56676863323
2026-08-03 20:00:00+00:00,1868.26,933019.9689949804,227.83326847075764,-223.71785961494385,16.91044447759045,0.0,1.9142711280913047,0.0,0.0,15.229615978692891,-67169.33715265454
2026-08-03 21:00:00+00:00,1862.89,931783.6098794587,232.81264728726438,-223.71785961494385,15.345077387190408,0.0,2.8110580947945683,0.0,0.0,-16.838073907551006,-67186.17522656209
2026-08-03 22:00:00+00:00,1859.63,931020.0698312138,235.734951873034,-235.734951873034,40.18179226970824,0.0,2.806138829894853,397.72306575657973,0.0,-2.4055674384726444,-67188.58079400056
2026-08-03 23:00:00+00:00,1859.78,931055.4300739947,235.734951873034,-235.734951873034,10.011017189925013,0.0,2.957110178618438,0.0,0.0,12.968127368498244,-67175.61266663206
2026-08-04 00:00:00+00:00,1850.55,928841.52353058,244.1719758598719,-235.734951873034,41.1925065709244,0.0,2.9424341809473975,0.0,0.0,6.062003125291085,-67169.55066350677
2026-08-04 01:00:00+00:00,1866.8,932686.4547866258,229.20616917602513,-235.734951873034,40.15281520186769,0.0,2.968272205016131,0.0,0.0,57.3593755158945,-67112.19128799088
2026-08-04 02:00:00+00:00,1865.51,932390.1427810243,230.40790783624524,-235.734951873034,23.79693374563405,0.0,2.966221063413136,0.0,0.0,34.54923712377786,-67077.6420508671
2026-08-04 03:00:00+00:00,1863.56,931939.3121012275,232.12540710558542,-235.734951873034,19.067735694637825,0.0,2.963120500524888,0.0,0.0,30.883332550729392,-67046.75871831637
2026-08-04 04:00:00+00:00,1867.37,932816.8976185871,228.69126705897466,-235.734951873034,25.383967321671033,0.0,2.9691785233988495,0.0,0.0,7.788496568493429,-67038.97022174788
2026-08-04 05:00:00+00:00,1863.57,931941.6333552984,232.12540710558542,-235.734951873034,14.107626271693487,0.0,2.933483071409705,0.0,0.0,37.569663171918364,-67001.40055857596
2026-08-04 06:00:00+00:00,1856.22,930210.8944327452,239.00399769350628,-235.734951873034,32.05283074159603,0.0,2.9219132883723837,0.0,0.0,36.88771774349152,-66964.51284083247
2026-08-04 07:00:00+00:00,1863.11,931834.7874001461,232.6408243565211,-235.734951873034,31.916062977298996,0.0,2.9327589761447843,0.0,0.0,34.52797094923153,-66929.98486988324
2026-08-04 08:00:00+00:00,1857.25,930456.4386215545,237.97133192428598,-235.734951873034,17.6766094579627,0.0,2.9235346321177498,0.0,0.0,23.658183474413818,-66906.32668640882
2026-08-04 09:00:00+00:00,1857.92,930615.6500235484,237.45511519715086,-235.734951873034,20.289048844788812,0.0,2.9245892926123083,0.0,0.0,24.48262237633753,-66881.84406403248
2026-08-04 10:00:00+00:00,1866.14,932535.0383835433,229.721148530324,-235.734951873034,38.79169831069516,0.0,2.937528560172415,0.0,0.0,23.37628246936947,-66858.46778156311
2026-08-04 11:00:00+00:00,1871.98,933860.907567866,224.4034182030488,-235.734951873034,31.150870108130665,0.0,2.9467214217966267,0.0,0.0,-16.72534308581089,-66875.19312464893
2026-08-04 12:00:00+00:00,1874.31,934381.1760338678,222.34715368477978,-222.34715368477978,43.49793511916666,0.0,2.9503891217254647,410.2695077676931,0.0,249.19785232879804,-66625.99527232013
2026-08-04 13:00:00+00:00,1861.13,931372.6087232714,234.3594403074359,-234.3594403074359,61.631846630493094,0.0,3.780735183782403,421.44772126870515,0.0,-23.797456717744353,-66649.79272903787
2026-08-04 14:00:00+00:00,1872.22,933914.7300842705,224.2320157022277,-234.3594403074359,59.297920310401544,0.0,4.008734625760527,0.0,0.0,6.381822925774031,-66643.4109061121
2026-08-04 15:00:00+00:00,1872.24,933919.2147245846,224.2320157022277,-234.3594403074359,48.44124875126348,0.0,4.008777449089258,0.0,0.0,52.24747770834074,-66591.16342840376
2026-08-04 16:00:00+00:00,1868.99,933185.9921963344,227.14702401548095,-234.3594403074359,22.54204176717591,0.0,4.0018186581706034,0.0,0.0,54.98951317432511,-66536.17391522943
2026-08-04 17:00:00+00:00,1868.59,933095.0795683959,227.49012908786574,-234.3594403074359,36.64426218687382,0.0,4.000962191596,0.0,0.0,43.47637256291637,-66492.69754266652
2026-08-04 18:00:00+00:00,1874.5,934423.382169809,222.1758539894738,-222.1758539894738,33.616972941483255,0.0,4.013616485235767,432.8667875452151,0.0,203.61662265523046,-66289.08092001129
2026-08-04 19:00:00+00:00,1874.46,934414.4951356495,222.1758539894738,-222.1758539894738,20.67011248671633,0.0,3.8048804025323983,0.0,0.0,24.474992889314308,-66264.60592712197
2026-08-04 20:00:00+00:00,1875.82,934715.6920244689,220.97699589994457,-222.1758539894738,31.132829539236205,0.0,3.807641004170973,0.0,0.0,33.978197937191,-66230.62772918478
2026-08-04 21:00:00+00:00,1871.35,933719.3949449877,225.0891139097273,-222.1758539894738,7.859857778558048,0.0,1.8018379692340256,0.0,0.0,6.490683599578915,-66224.1370455852
2026-08-04 22:00:00+00:00,1874.71,934469.9954112819,222.00456285851055,-222.1758539894738,11.311116893852548,0.0,1.8050731607143082,0.0,0.0,17.20578694411961,-66206.93125864108
2026-08-04 23:00:00+00:00,1868.9,933165.5592070246,227.31857226307406,-222.1758539894738,25.109736852541353,0.0,1.79947897544632,0.0,0.0,13.31472324951028,-66193.61653539157
2026-08-05 00:00:00+00:00,1863.09,931830.134583659,232.6408243565211,-222.1758539894738,32.668722163171374,0.0,1.7938847901783317,0.0,0.0,-10.120304733412922,-66203.73684012498
2026-08-05 01:00:00+00:00,1872.57,933993.1189700833,223.88923640860358,-222.1758539894738,20.96467635942615,0.0,1.8030126518548424,0.0,0.0,79.52497961536574,-66124.21186050962
2026-08-05 02:00:00+00:00,1873.7,934245.445218705,222.8611041610342,-222.1758539894738,23.047932275847774,0.0,1.804100677561009,0.0,0.0,26.11956656698021,-66098.09229394264
2026-08-05 03:00:00+00:00,1866.86,932700.2071567763,229.20616917602513,-222.1758539894738,34.81241501051776,0.0,1.797514752047577,0.0,0.0,11.054709121934138,-66087.0375848207
2026-08-05 04:00:00+00:00,1866.47,932610.8044542829,229.5494801629259,-222.1758539894738,10.004096074424154,0.0,1.7971392387507588,0.0,0.0,9.047115875568124,-66077.99046894514
2026-08-05 05:00:00+00:00,1872.51,933979.6856158988,223.88923640860358,-222.1758539894738,21.217088116539365,0.0,0.31878031202612195,0.0,0.0,48.47487194809946,-66029.51559699704
2026-08-05 06:00:00+00:00,1868.84,933151.9200926889,227.31857226307406,-222.1758539894738,14.539850845853891,0.0,0.3181555229755236,0.0,0.0,2.477867300287471,-66027.03772969675
2026-08-05 07:00:00+00:00,1871.85,933831.7380923673,224.5748292737813,-222.1758539894738,38.02540819736546,0.0,0.3186679521423631,0.0,0.0,49.412755319601274,-65977.62497437715
2026-08-05 08:00:00+00:00,1868.98,933183.7207260942,227.14702401548095,-222.1758539894738,21.81449152522492,0.0,0.31817935689026033,0.0,0.0,11.760005558797275,-65965.86496881835
2026-08-05 09:00:00+00:00,1870.98,933636.1083426623,225.4320131911016,-222.1758539894738,16.45091450877267,0.0,0.3185198413864992,0.0,0.0,24.80534293933306,-65941.05962587902
2026-08-05 10:00:00+00:00,1867.38,932819.1845312578,228.69126705897466,-222.1758539894738,28.956583450686736,0.0,0.3179069692932692,0.0,0.0,12.183753377583344,-65928.87587250143
2026-08-05 11:00:00+00:00,1867.93,932944.7601504379,228.17644216758814,-222.1758539894738,11.650046905463675,0.0,0.3180006025297349,0.0,0.0,15.346946993886377,-65913.52892550755
2026-08-05 12:00:00+00:00,1875.22,934583.0172754981,221.4907408473931,-222.1758539894738,69.62010322755592,0.0,0.3192416685185256,0.0,0.0,88.53449437300151,-65824.99443113455
2026-08-05 13:00:00+00:00,1877.85,935162.1202122422,219.09392356169843,-222.1758539894738,122.76312248772007,0.0,1.5927103504034543,0.0,0.0,119.13627358994563,-65705.8581575446
2026-08-05 14:00:00+00:00,1875.06,934547.5860627423,221.66200628789807,-222.1758539894738,59.292923277200636,0.0,1.5903439942633868,0.0,0.0,66.21975040213147,-65639.63840714247
2026-08-05 15:00:00+00:00,1872.91,934069.1608174671,223.54649138948082,-222.1758539894738,42.41369027611134,0.0,1.5885204581697867,0.0,0.0,43.255051536471,-65596.383355606
2026-08-05 16:00:00+00:00,1894.79,938741.6573649213,203.72580684445472,-203.72580684445472,96.19383890802868,0.0,1.60707811850838,450.34626996017045,0.0,640.0148314140606,-64956.36852419194
2026-08-05 17:00:00+00:00,1915.93,942847.1458405141,184.8667882006425,-184.8667882006425,91.76047783779268,0.0,1.4900633401478667,468.41254975529006,0.0,1106.8630696786422,-63849.505454513295
2026-08-05 18:00:00+00:00,1917.23,943086.643863257,183.68098534658876,-184.8667882006425,84.69986596742947,0.0,1.3530447415652715,0.0,0.0,85.2241087910952,-63764.2813457222
2026-08-05 19:00:00+00:00,1916.09,942876.701860551,184.69736238307092,-184.8667882006425,21.475662978310602,0.0,1.3522402105463616,0.0,0.0,23.634039031610882,-63740.64730669059
2026-08-05 20:00:00+00:00,1916.19,942895.1715967893,184.69736238307092,-184.8667882006425,31.812461275519063,0.0,1.3523107834427572,0.0,0.0,33.14782947711501,-63707.499477213474
2026-08-05 21:00:00+00:00,1907.75,941305.7916742612,192.16011760932724,-184.8667882006425,39.28149105790522,0.0,0.17369471048096455,0.0,0.0,10.350955653761048,-63697.14852155971
2026-08-05 22:00:00+00:00,1906.0,940968.3159970612,193.6886137894898,-184.8667882006425,17.612839312497332,0.0,0.17353537841788413,0.0,0.0,3.8275768420280656,-63693.320944717685
2026-08-05 23:00:00+00:00,1907.95,941344.1873124258,191.99032715263303,-184.8667882006425,15.200954809809613,0.0,0.17371291985960233,0.0,0.0,30.75574610302283,-63662.56519861466
2026-08-06 00:00:00+00:00,1909.39,941619.5728569552,190.63230906333567,-184.8667882006425,17.71810375832711,0.0,0.17384402738579424,0.0,0.0,27.06931730620272,-63635.49588130846
2026-08-06 01:00:00+00:00,1905.93,940954.7577940959,193.6886137894898,-184.8667882006425,21.821011166787105,0.0,0.17352900513536093,0.0,0.0,-3.181435513186443,-63638.677316821646
2026-08-06 02:00:00+00:00,1898.17,939424.8830195211,200.66047315963155,-200.66047315963155,54.3720666773246,0.0,0.1728224812442157,483.40209924459214,0.0,-55.753158468527545,-63694.43047529017
2026-08-06 03:00:00+00:00,1897.94,939378.7155344882,200.8306971127889,-200.66047315963155,19.822177879556673,0.0,0.18756445767608113,0.0,0.0,19.994166131036764,-63674.43630915914
2026-08-06 04:00:00+00:00,1906.84,941130.6512916083,193.0091972409458,-200.66047315963155,26.895140685711272,0.0,0.1884440026950581,0.0,0.0,-6.8588693121564575,-63681.29517847129
2026-08-06 05:00:00+00:00,1913.49,942393.5908678444,187.07009485145886,-187.07009485145886,43.88967789403381,0.0,0.4737128815900031,496.40462573904483,0.0,847.8220411541697,-62833.47313731712
2026-08-06 06:00:00+00:00,1912.8,942264.367747359,187.57875363660176,-187.07009485145886,12.660183558753522,0.0,0.44146989703157025,0.0,0.0,12.956898417884076,-62820.51623889924
2026-08-06 07:00:00+00:00,1908.52,941453.4166805688,191.4810067141708,-187.07009485145886,17.43079974866647,0.0,0.44048208274921186,0.0,0.0,7.580221005497151,-62812.93601789374
2026-08-06 08:00:00+00:00,1915.44,942756.4934636705,185.37511648152503,-187.07009485145886,29.1899254164899,0.0,0.44207920303751097,0.0,0.0,38.183731349083246,-62774.75228654466
2026-08-06 09:00:00+00:00,1906.68,941099.7848572233,193.17903863987104,-187.07009485145886,45.24976612744635,0.0,0.4400574149268896,0.0,0.0,27.715247993939556,-62747.03703855072
2026-08-06 10:00:00+00:00,1901.78,940143.2882071055,197.42783457096272,-197.42783457096272,24.530968326430525,0.0,0.43892650605222694,506.2536968609239,0.0,-24.73236163504771,-62771.76940018577
2026-08-06 11:00:00+00:00,1906.89,941140.2834303353,192.8393643334541,-197.42783457096272,32.116690593996225,0.0,0.46447376542497226,0.0,0.0,20.720152931651683,-62751.049247254115
2026-08-06 12:00:00+00:00,1898.19,939428.8962289842,200.66047315963155,-197.42783457096272,29.874343241242205,0.0,0.4623546490841255,0.0,0.0,36.57165730658744,-62714.47758994753
2026-08-06 13:00:00+00:00,1906.47,941059.2290087542,193.34888853065314,-197.42783457096272,71.17885713924926,0.0,0.46437146325679346,0.0,0.0,67.27353812497313,-62647.204051822555
2026-08-06 14:00:00+00:00,1914.06,942500.0166588817,186.56151235559796,-186.56151235559796,57.74508477607831,0.0,0.46622020958173904,516.6530932106945,0.0,724.5564601185033,-61922.64759170405
2026-08-06 15:00:00+00:00,1909.88,941712.8702806507,190.29288940441145,-186.56151235559796,52.00084959944059,0.0,0.439597587377349,0.0,0.0,45.1211906021781,-61877.52640110187
2026-08-06 16:00:00+00:00,1914.72,942622.8817751554,185.88352101355616,-186.56151235559796,30.707733071457,0.0,0.44071161146415366,0.0,0.0,38.202219386606885,-61839.32418171527
2026-08-06 17:00:00+00:00,1913.1,942320.6063238325,187.4091922309274,-186.56151235559796,19.05460196059247,0.0,0.4403387356334463,0.0,0.0,19.449139389413176,-61819.87504232585
2026-08-06 18:00:00+00:00,1905.21,940815.0755796663,194.36816622813728,-186.56151235559796,25.000137885798225,0.0,0.43852269223574214,0.0,0.0,-8.12175110255339,-61827.99679342841
2026-08-06 19:00:00+00:00,1908.77,941501.2409134824,191.31125021047487,-186.56151235559796,16.265920735102686,0.0,0.4393420983822347,0.0,0.0,38.71161266364652,-61789.28518076476
2026-08-06 20:00:00+00:00,1906.16,940999.2823260222,193.51874691371788,-186.56151235559796,9.65121750551542,0.0,-0.249820304905202,0.0,0.0,-5.631643011511187,-61794.91682377627
2026-08-06 21:00:00+00:00,1905.25,940822.8503063153,194.36816622813728,-186.56151235559796,7.644581071494553,0.0,-0.24970104079439087,0.0,0.0,0.7338365674950182,-61794.18298720878
2026-08-06 22:00:00+00:00,1904.18,940614.4576326124,195.3877497395105,-186.56151235559796,11.215060334493742,0.0,-0.24956080716959098,0.0,0.0,2.1936440448916983,-61791.989343163885
2026-08-06 23:00:00+00:00,1903.12,940406.9866836837,196.23763633968065,-196.23763633968065,14.763174760788734,0.0,-0.24942188413941535,525.8605057489881,0.0,-4.409405493432132,-61796.39874865732
2026-08-07 00:00:00+00:00,1903.0,940383.4428322603,196.4076391565253,-196.23763633968065,15.066184801604846,0.0,-0.26234175592297465,0.0,0.0,14.80850798299798,-61781.59024067432
2026-08-07 01:00:00+00:00,1902.45,940275.3461909499,196.91769860832883,-196.23763633968065,16.253292540917187,0.0,-0.26226593460623393,0.0,0.0,15.82508528274775,-61765.76515539157
2026-08-07 02:00:00+00:00,1901.75,940137.3653720684,197.42783457096272,-196.23763633968065,24.133256541949585,0.0,-0.26216943474856386,0.0,0.0,23.25661366344866,-61742.50854172812
2026-08-07 03:00:00+00:00,1896.53,939094.6621230094,202.19279516925056,-196.23763633968065,18.5586282098312,0.0,-0.2614498215242244,0.0,0.0,-0.04560897747433046,-61742.5541507056
2026-08-07 04:00:00+00:00,1896.48,939084.5524832511,202.19279516925056,-196.23763633968065,20.181178334157263,0.0,2.373455199486333,0.0,0.0,22.2568755922548,-61720.29727511334
2026-08-07 05:00:00+00:00,1900.79,939947.434334844,198.27823123059318,-196.23763633968065,15.309072632500706,0.0,2.378849188302343,0.0,0.0,34.78556078970723,-61685.511714323635
2026-08-07 06:00:00+00:00,1903.81,940542.1576905202,195.72767888446762,-196.23763633968065,22.459944322766564,0.0,2.382628734990127,0.0,0.0,26.92826698809222,-61658.58344733554
2026-08-07 07:00:00+00:00,1901.66,940119.6000961806,197.5978968962308,-196.23763633968065,13.934712167735652,0.0,2.379937998109751,0.0,0.0,15.667973956537026,-61642.915473379006
2026-08-07 08:00:00+00:00,1909.9,941716.6761384388,190.29288940441145,-196.23763633968065,35.31495337250136,0.0,2.390250403641983,0.0,0.0,17.78312259536324,-61625.13235078364
2026-08-07 09:00:00+00:00,1912.41,942191.1607675947,188.08748872246957,-196.23763633968065,43.27754719417405,0.0,2.3933916825116315,0.0,0.0,27.59910082002898,-61597.53324996361
2026-08-07 10:00:00+00:00,1912.13,942138.4965545845,188.25708404211989,-196.23763633968065,15.289950004674855,0.0,2.3930412609644196,0.0,0.0,19.965316430520033,-61577.56793353309
2026-08-07 11:00:00+00:00,1915.51,942769.4479551975,185.20566524944618,-185.20566524944618,27.981727337613584,0.0,2.3972713496414757,536.4264312205157,0.0,759.5809863687464,-60817.98694716435
2026-08-07 12:00:00+00:00,1931.26,945576.706894215,171.3394553052058,-171.3394553052058,157.76333752151498,0.0,1.6207388279718309,549.8160595289725,0.0,1282.9244204905117,-59535.062526673835
2026-08-07 13:00:00+00:00,1922.5,944042.2662616286,179.11105990775337,-171.3394553052058,48.80215306499505,0.0,1.4925942159224197,0.0,0.0,16.787743168148154,-59518.27478350569
2026-08-07 14:00:00+00:00,1912.74,942253.1194620184,187.74832352013402,-187.74832352013402,95.6137344374453,0.0,1.485016728511547,565.5090088236834,0.0,-35.4679139601285,-59553.742697465816
2026-08-07 15:00:00+00:00,1916.99,943042.5535732361,184.0197438151073,-187.74832352013402,29.09067113179495,0.0,1.6308497035064047,0.0,0.0,22.22525709247566,-59531.51744037334
2026-08-07 16:00:00+00:00,1908.56,941461.0759208373,191.4810067141708,-187.74832352013402,36.57583935733983,0.0,1.6236780109046909,0.0,0.0,39.440232244225626,-59492.077208129114
2026-08-07 17:00:00+00:00,1911.41,942002.7883657711,188.93555012050317,-187.74832352013402,43.89865061635673,0.0,1.6261026044889002,0.0,0.0,52.15447612214484,-59439.92273200697
2026-08-07 18:00:00+00:00,1908.93,941531.80993376,191.14150219396774,-187.74832352013402,16.974406280718444,0.0,1.6239927827033427,0.0,0.0,13.235809382276784,-59426.68692262469
2026-08-07 19:00:00+00:00,1917.85,943200.3429235069,183.1729111536152,-187.74832352013402,18.949894095741048,0.0,1.631581335254622,0.0,0.0,14.399419378321909,-59412.28750324637
2026-08-07 20:00:00+00:00,1913.97,942483.2261227696,186.56151235559796,-187.74832352013402,9.194997454384138,0.0,1.6282804850417338,0.0,0.0,22.169972460302233,-59390.11753078607
2026-08-07 21:00:00+00:00,1915.65,942795.3767483325,185.20566524944618,-187.74832352013402,16.96662050359768,0.0,0.015285553227932151,0.0,0.0,13.715348105863086,-59376.402182680205
2026-08-07 22:00:00+00:00,1913.93,942475.7772355897,186.73103137833775,-187.74832352013402,7.144496102224461,0.0,0.015271828825482829,0.0,0.0,10.487371642848302,-59365.91481103736
2026-08-07 23:00:00+00:00,1913.07,942314.9840480656,187.4091922309274,-187.74832352013402,6.10282799813995,0.0,0.015264966624258166,0.0,0.0,6.788463668031909,-59359.126347369325
2026-08-08 00:00:00+00:00,1913.41,942378.6252602563,187.07009485145886,-187.74832352013402,6.371881060669533,0.0,0.015267679587533034,0.0,0.0,6.193930934117816,-59352.93241643521
2026-08-08 01:00:00+00:00,1913.81,942453.3695118243,186.73103137833775,-187.74832352013402,9.252729868755342,0.0,0.015270871309032876,0.0,0.0,8.912922900024569,-59344.01949353518
2026-08-08 02:00:00+00:00,1912.27,942164.8285191735,188.08748872246957,-187.74832352013402,5.051962806589817,0.0,0.015258583181258483,0.0,0.0,5.658646959986072,-59338.3608465752
2026-08-08 03:00:00+00:00,1917.2,943081.149341489,183.85036034657918,-187.74832352013402,8.68961643216677,0.0,0.01529792114874404,0.0,0.0,-0.5734982855574344,-59338.934344860754
2026-08-08 04:00:00+00:00,1916.12,942882.2427814225,184.69736238307092,-187.74832352013402,5.338659524486681,0.0,0.015289303500694462,0.0,0.0,9.21557816326822,-59329.718766697486
2026-08-08 05:00:00+00:00,1916.69,942987.3421083082,184.189135752597,-187.74832352013402,4.968825248150347,0.0,1.2316048813262148,0.0,0.0,4.283212608730537,-59325.435554088755
2026-08-08 06:00:00+00:00,1915.66,942797.228804985,185.20566524944618,-187.74832352013402,4.156305631475285,0.0,1.2309430356298499,0.0,0.0,8.654718569567194,-59316.78083551919
2026-08-08 07:00:00+00:00,1914.29,942542.8836520656,186.39200180817346,-187.74832352013402,4.684507694789819,0.0,1.2300627165968205,0.0,0.0,8.784620714694029,-59307.996214804494
2026-08-08 08:00:00+00:00,1916.02,942863.7838514522,184.8667882006425,-187.74832352013402,5.495177725730178,0.0,1.231174360339259,0.0,0.0,2.821951782752876,-59305.17426302174
2026-08-08 09:00:00+00:00,1918.05,943236.9475386096,183.00357002354502,-187.74832352013402,16.903209884606436,0.0,1.2324787746728718,0.0,0.0,10.170279070865945,-59295.003983950875
2026-08-08 10:00:00+00:00,1920.36,943657.1668025178,180.97213672253307,-187.74832352013402,8.147597196968233,0.0,1.2339631082249136,0.0,0.0,-4.0978031180929975,-59299.10178706897
2026-08-08 11:00:00+00:00,1920.05,943601.0553704003,181.310624306189,-187.74832352013402,6.941934328444116,0.0,1.233763911947367,0.0,0.0,10.266246414095804,-59288.83554065487
2026-08-08 12:00:00+00:00,1918.39,943299.0911068891,182.66491316224526,-187.74832352013402,7.526335617234758,0.0,1.232697248009536,0.0,0.0,18.456986397402943,-59270.37855425747
2026-08-08 13:00:00+00:00,1919.24,943454.0151244819,181.98770102315967,-187.74832352013402,5.2117967337818385,0.0,3.2303951386598904,0.0,0.0,3.7801344731487916,-59266.59841978432
2026-08-08 14:00:00+00:00,1923.0,944131.6561177497,178.60367111791936,-187.74832352013402,20.477301820105637,0.0,3.2367238342484366,0.0,0.0,-4.578677513462026,-59271.17709729778
2026-08-08 15:00:00+00:00,1921.85,943925.7188349976,179.61852480780877,-187.74832352013402,7.885919167512762,0.0,3.2347881959700246,0.0,0.0,21.093996659510594,-59250.08310063827
2026-08-08 16:00:00+00:00,1921.68,943895.1781996813,179.78769668984913,-187.74832352013402,7.174113482621402,0.0,3.234502058137564,0.0,0.0,11.785195222873881,-59238.2979054154
2026-08-08 17:00:00+00:00,1923.05,944140.5863013057,178.60367111791936,-187.74832352013402,9.349437639673301,0.0,3.236807992434455,0.0,0.0,0.7791440338842222,-59237.518761381514
2026-08-08 18:00:00+00:00,1920.49,943680.6724948967,180.80290562293223,-187.74832352013402,9.324274664400585,0.0,3.232499093310338,0.0,0.0,33.27867556025012,-59204.240085821264
2026-08-08 19:00:00+00:00,1919.61,943521.2496536671,181.64914573860278,-187.74832352013402,6.1252757293631275,0.0,3.231017909236423,0.0,0.0,15.151977106746926,-59189.08810871452
2026-08-08 20:00:00+00:00,1919.41,943484.9201846549,181.81841914915194,-187.74832352013402,4.206308253929797,0.0,3.230681276492352,0.0,0.0,8.657185222204134,-59180.43092349231
2026-08-08 21:00:00+00:00,1919.89,943572.0456705114,181.310624306189,-187.74832352013402,4.505240847561063,0.0,1.4400222347280651,0.0,0.0,2.951553649167181,-59177.479369843146
2026-08-08 22:00:00+00:00,1915.93,942847.1458405141,184.8667882006425,-187.74832352013402,9.718569654548672,0.0,1.437052018700312,0.0,0.0,29.7391528156586,-59147.74021702749
2026-08-08 23:00:00+00:00,1915.98,942856.3891799242,184.8667882006425,-187.74832352013402,11.482430060396158,0.0,1.437089521427935,0.0,0.0,12.775442815880524,-59134.96477421161
2026-08-09 00:00:00+00:00,1917.15,943071.9568234717,183.85036034657918,-187.74832352013402,6.282436498356843,0.0,1.4379670852543167,0.0,0.0,3.6225086125850794,-59131.34226559902
2026-08-09 01:00:00+00:00,1915.31,942732.3946985279,185.37511648152503,-187.74832352013402,9.045667442636315,0.0,1.4365869848777848,0.0,0.0,16.377044760767603,-59114.965220838254
2026-08-09 02:00:00+00:00,1913.86,942462.7060633932,186.73103137833775,-187.74832352013402,7.931153121107112,0.0,1.4354994057767134,0.0,0.0,11.913086496366304,-59103.05213434189
2026-08-09 03:00:00+00:00,1913.07,942314.9840480656,187.4091922309274,-187.74832352013402,10.063647106669336,0.0,1.4349068626802677,0.0,0.0,12.09771422270569,-59090.95442011918
2026-08-09 04:00:00+00:00,1912.43,942194.9037846792,187.91790188194855,-187.74832352013402,6.867186347529641,0.0,1.4344268277666914,0.0,0.0,8.380276841788145,-59082.574143277394
2026-08-09 05:00:00+00:00,1913.63,942419.7530836945,186.90055887681683,-187.74832352013402,4.090470744189296,0.0,1.8794878123172947,0.0,0.0,5.521269347584166,-59077.05287392981
2026-08-09 06:00:00+00:00,1918.5,943319.1842473369,182.66491316224526,-187.74832352013402,11.859115364659221,0.0,1.884270923810104,0.0,0.0,-1.159785612122505,-59078.21265954193
2026-08-09 07:00:00+00:00,1918.28,943279.0019234281,182.83423735989595,-187.74832352013402,6.884399715249348,0.0,1.884054848958273,0.0,0.0,9.890761829854455,-59068.32189771208
2026-08-09 08:00:00+00:00,1914.89,942654.4819737277,185.88352101355616,-187.74832352013402,30.433214073161242,0.0,1.880725331923237,0.0,0.0,44.26080643786554,-59024.06109127421
2026-08-09 09:00:00+00:00,1920.83,943742.0997597206,180.63368298425104,-187.74832352013402,16.5129310898339,0.0,1.8865593529226803,0.0,0.0,-9.207765273888072,-59033.2688565481
2026-08-09 10:00:00+00:00,1919.3,943464.9343865432,181.98770102315967,-187.74832352013402,13.253883253877326,0.0,1.8850566505440358,0.0,0.0,25.22850171283062,-59008.04035483527
2026-08-09 11:00:00+00:00,1918.35,943291.8003200432,182.83423735989595,-187.74832352013402,7.742592064814574,0.0,1.884123600047492,0.0,0.0,14.853556508998736,-58993.18679832627
2026-08-09 12:00:00+00:00,1916.63,942976.290760163,184.189135752597,-187.74832352013402,9.797317052652698,0.0,1.8824342875695388,0.0,0.0,19.09730791457696,-58974.089490411694
2026-08-09 13:00:00+00:00,1922.64,944067.3149558695,178.94192185501447,-187.74832352013402,30.74461640237273,0.0,3.5993464097714387,0.0,0.0,-2.9992658373812446,-58977.088756249075
2026-08-09 14:00:00+00:00,1924.37,944375.473200686,177.420059861715,-177.420059861715,17.61485613125211,0.0,3.6025851176360955,575.4467091918593,0.0,856.1899460675268,-58120.89881018155
2026-08-09 15:00:00+00:00,1925.75,944619.404134816,176.23686277625725,-177.420059861715,14.262680305168098,0.0,3.4068438857289647,0.0,0.0,16.760775711692986,-58104.138034469855
2026-08-09 16:00:00+00:00,1923.43,944208.3624100059,178.26545420251546,-177.420059861715,12.927459777542571,0.0,3.4027395742581654,0.0,0.0,16.90301342082239,-58087.23502104903
2026-08-09 17:00:00+00:00,1922.31,944008.2387122343,179.28020641718336,-177.420059861715,5.389058248918408,0.0,3.4007581825136417,0.0,0.0,7.376585704987519,-58079.858435344046
2026-08-09 18:00:00+00:00,1920.71,943720.4237177626,180.63368298425104,-177.420059861715,12.00448863117591,0.0,3.3979276228786075,0.0,0.0,11.459517561059329,-58068.398917782986
2026-08-09 19:00:00+00:00,1921.16,943801.6032530065,180.29526308795903,-177.420059861715,4.4800258510866,0.0,3.398723717775961,0.0,0.0,9.21925787498185,-58059.179659908004
2026-08-09 20:00:00+00:00,1919.99,943590.176732942,181.310624306189,-177.420059861715,7.718941372782117,0.0,3.3966538710428424,0.0,0.0,7.270545217572362,-58051.90911469043
2026-08-09 21:00:00+00:00,1923.84,944281.3493963135,177.92727110542208,-177.420059861715,10.75406928293743,0.0,2.0599133210649234,0.0,0.0,20.919415507960366,-58030.98969918247
2026-08-09 22:00:00+00:00,1918.67,943350.1997717526,182.49559743016945,-177.420059861715,67.01735624706659,0.0,2.054377646648181,0.0,0.0,55.18381881779351,-57975.80588036468
2026-08-09 23:00:00+00:00,1909.57,941653.8668760208,190.46259499133998,-190.46259499133998,43.60002097357682,0.0,2.0446340030906653,587.8995260955983,0.0,-48.61851291725179,-58024.42439328193
2026-08-10 00:00:00+00:00,1911.99,942112.1495293132,188.426687841325,-190.46259499133998,64.1533837366798,0.0,2.1977211521798647,0.0,0.0,63.71427830220637,-57960.71011497972
2026-08-10 01:00:00+00:00,1924.65,944425.109327659,177.25100635263772,-177.25100635263772,42.66979058743761,0.0,2.212273084871248,600.6133681323375,0.0,1037.3307750280292,-56923.379339951694
2026-08-10 02:00:00+00:00,1922.87,944108.4383601329,178.77279225854403,-177.25100635263772,40.019918022413556,0.0,2.056912928002264,0.0,0.0,40.91265473199746,-56882.4666852197
2026-08-10 03:00:00+00:00,1916.5,942952.3409104916,184.35853615947227,-177.25100635263772,32.61871527997972,0.0,2.0500988764276,0.0,0.0,7.660274981470138,-56874.80641023823
2026-08-10 04:00:00+00:00,1914.68,942615.4573516574,186.0530061375768,-177.25100635263772,17.989908892067536,0.0,2.048152004549125,0.0,0.0,5.7513336242118385,-56869.055076614015
2026-08-10 05:00:00+00:00,1922.51,944044.0573722277,179.11105990775337,-177.25100635263772,16.877874330334002,0.0,1.4593339589950385,0.0,0.0,59.061849118406826,-56809.99322749561
2026-08-10 06:00:00+00:00,1927.23,944879.1481276846,174.8851444976787,-177.25100635263772,26.492647004627973,0.0,1.4629168044868468,0.0,0.0,26.421569281592383,-56783.571658214016
2026-08-10 07:00:00+00:00,1924.72,944437.4961083437,177.08196129560173,-177.25100635263772,23.574979001106072,0.0,1.4610115201257368,0.0,0.0,28.28399712546525,-56755.28766108855
2026-08-10 08:00:00+00:00,1926.0,944663.4214506239,176.0678684225979,-177.25100635263772,14.698731236588062,0.0,1.4619831392421594,0.0,0.0,15.204768524636165,-56740.082892563914
2026-08-10 09:00:00+00:00,1915.5,942767.5958985451,185.20566524944618,-177.25100635263772,30.538617794199308,0.0,1.454012826177755,0.0,0.0,-2.6973547557063284,-56742.78024731962
2026-08-10 10:00:00+00:00,1916.74,942996.5515650958,184.189135752597,-177.25100635263772,17.64535145607595,0.0,1.4549540821967895,0.0,0.0,28.264724211665452,-56714.515523107955
2026-08-10 11:00:00+00:00,1919.6,943519.4331622097,181.64914573860278,-177.25100635263772,15.259342826998754,0.0,1.4571250436600462,0.0,0.0,32.660186816050555,-56681.855336291905
2026-08-10 12:00:00+00:00,1905.03,940780.0830440982,194.53807557381293,-194.53807557381293,58.646097852256965,0.0,1.4460652854363918,617.0795608715453,0.0,-113.176985155078,-56795.03232144698
2026-08-10 13:00:00+00:00,1896.62,939112.8413830972,202.02250311629822,-194.53807557381293,88.09489704243866,0.0,0.6613694127739381,0.0,0.0,57.57982102999813,-56737.452500416985
2026-08-10 14:00:00+00:00,1892.61,938295.5583445707,205.77089576104478,-205.77089576104478,46.23712765509275,0.0,0.6599710876770691,627.7092347788237,0.0,-0.9179306400765199,-56738.37043105706
2026-08-10 15:00:00+00:00,1876.01,934757.6361235854,220.80576470739047,-220.80576470739047,151.3173752681682,0.0,0.6919556527458447,641.8120170248405,0.0,15.781197322969092,-56722.58923373409
2026-08-10 16:00:00+00:00,1871.38,933726.1289733392,224.91767712669198,-220.80576470739047,60.1320433914453,0.0,0.7406815993349236,0.0,0.0,51.69626533979317,-56670.8929683943
2026-08-10 17:00:00+00:00,1872.71,934024.4414455859,223.71785961494385,-220.80576470739047,30.675581818480662,0.0,0.7412080057981302,0.0,0.0,36.05759501016291,-56634.835373384136
2026-08-10 18:00:00+00:00,1871.92,933847.4583304165,224.5748292737813,-220.80576470739047,27.68751823258806,0.0,0.7408953282748721,0.0,0.0,25.881852510239696,-56608.953520873896
2026-08-10 19:00:00+00:00,1877.7,935129.2656952678,219.26506916433513,-220.80576470739047,19.25132517031791,0.0,0.7431830195209878,0.0,0.0,25.544553032479598,-56583.40896784142
2026-08-10 20:00:00+00:00,1878.76,935361.022898103,218.2383238895356,-220.80576470739047,11.181073229630107,0.0,0.5724806331322865,0.0,0.0,9.456646108119457,-56573.9523217333
2026-08-10 21:00:00+00:00,1873.42,934183.042624246,223.20378064143364,-220.80576470739047,11.497675251006402,0.0,0.5708534712910048,0.0,0.0,13.19103840272146,-56560.761283330576
2026-08-10 22:00:00+00:00,1875.4,934622.8521870594,221.31948396951796,-220.80576470739047,9.635026041335747,0.0,0.5714568009624913,0.0,0.0,12.820631535039865,-56547.940651795536
2026-08-10 23:00:00+00:00,1872.31,933934.893323265,224.06062177088836,-220.80576470739047,13.477736808264265,0.0,0.570515241020626,0.0,0.0,8.379201200812531,-56539.56145059472
2026-08-11 00:00:00+00:00,1874.28,934374.5056192572,222.34715368477978,-220.80576470739047,13.248594841446396,0.0,0.5711155235725596,0.0,0.0,18.444649883669626,-56521.116800711054
2026-08-11 01:00:00+00:00,1877.23,935026.1657687216,219.6073860412353,-220.80576470739047,14.01049569321241,0.0,0.5720144238406834,0.0,0.0,14.865653694614593,-56506.25114701644
2026-08-11 02:00:00+00:00,1877.84,935159.9292730066,219.09392356169843,-220.80576470739047,9.800629604028943,0.0,0.5722002981334139,0.0,0.0,9.444817715695535,-56496.80632930074
2026-08-11 03:00:00+00:00,1880.14,935661.2273696269,217.0408436255176,-220.80576470739047,10.377717556851916,0.0,0.5729011356305953,0.0,0.0,4.395456485690374,-56492.41087281505
2026-08-11 04:00:00+00:00,1875.2,934578.5874606812,221.4907408473931,-220.80576470739047,11.431482617122692,0.0,0.571395858571432,0.0,0.0,20.14344718456414,-56472.26742563049
2026-08-11 05:00:00+00:00,1873.27,934149.5620571498,223.20378064143364,-220.80576470739047,15.76075840646828,0.0,3.24284990845076,0.0,0.0,16.13333066881023,-56456.13409496168
2026-08-11 06:00:00+00:00,1873.47,934194.1789401585,223.03243811799197,-220.80576470739047,18.973211943703106,0.0,3.243196131889822,0.0,0.0,22.672138142734184,-56433.461956818945
2026-08-11 07:00:00+00:00,1876.84,934940.4685468051,219.94973714982234,-220.80576470739047,24.45671375860359,0.0,3.249029996838002,0.0,0.0,29.879923338186927,-56403.58203348076
2026-08-11 08:00:00+00:00,1878.56,935317.371283689,218.40942671325814,-220.80576470739047,16.1407241289385,0.0,3.252007518413929,0.0,0.0,16.509553234594932,-56387.07248024616
2026-08-11 09:00:00+00:00,1884.78,936657.8863710228,212.76754797358865,-220.80576470739047,18.918210943295502,0.0,3.2627750673687315,0.0,0.0,-10.715783135572565,-56397.788263381735
2026-08-11 10:00:00+00:00,1885.37,936783.2197921847,212.25511134153018,-220.80576470739047,32.596045048515535,0.0,3.263796426513962,0.0,0.0,30.91786145955848,-56366.87040192218
2026-08-11 11:00:00+00:00,1892.12,938194.685728906,206.11186322060462,-206.11186322060462,41.19937561156599,0.0,3.275481467582277,655.7133294654293,0.0,627.408308220969,-55739.46209370121
2026-08-11 12:00:00+00:00,1887.01,937129.9382186705,210.71826253457567,-206.11186322060462,42.73913779973752,0.0,3.0492515526047583,0.0,0.0,34.27250017420738,-55705.189593527
2026-08-11 13:00:00+00:00,1889.26,937601.665140948,208.67020623659096,-206.11186322060462,37.48532793955698,0.0,2.640611281864706,0.0,0.0,48.101169252542604,-55657.08842427446
2026-08-11 14:00:00+00:00,1872.67,934015.5078937243,223.88923640860358,-223.88923640860358,69.97852066578423,0.0,2.6174235040225167,672.3589061894143,0.0,-110.81106894816185,-55767.89949322262
2026-08-11 15:00:00+00:00,1862.0,931576.1393042216,233.67189081355033,-223.88923640860358,109.6024942134739,0.0,2.8269794227450595,0.0,0.0,61.95903661339253,-55705.94045660923
2026-08-11 16:00:00+00:00,1863.99,932039.0292420713,231.78183855174717,-223.88923640860358,32.64090978964915,0.0,2.830000738025007,0.0,0.0,52.82126792426425,-55653.11918868496
2026-08-11 17:00:00+00:00,1863.76,931985.7122937157,231.95361853427417,-223.88923640860358,14.261014210873011,0.0,2.829651540781596,0.0,0.0,15.26824176999071,-55637.85094691497
2026-08-11 18:00:00+00:00,1865.32,932346.3699072753,230.57961912395376,-223.88923640860358,22.172192703705655,0.0,2.8320200090412535,0.0,0.0,36.39461747497262,-55601.45632944
2026-08-11 19:00:00+00:00,1881.17,935884.1499733317,216.0147654849478,-223.88923640860358,44.829061901819124,0.0,2.8560842538589277,0.0,0.0,36.82081513568119,-55564.63551430432
2026-08-11 20:00:00+00:00,1881.56,935968.3098554672,215.67280783418147,-223.88923640860358,24.324088874738106,0.0,2.856676370923842,0.0,0.0,24.02384518179315,-55540.611669122525
2026-08-11 21:00:00+00:00,1883.81,936451.1456244384,213.62177984919376,-223.88923640860358,19.174810735569316,0.0,5.272059780486144,0.0,0.0,3.531857567941188,-55537.079811554584
2026-08-11 22:00:00+00:00,1881.63,935983.4069520156,215.67280783418147,-223.88923640860358,18.30350848743909,0.0,5.26595879879401,0.0,0.0,43.90933023412799,-55493.170481320456
2026-08-11 23:00:00+00:00,1881.8,936020.0356097097,215.501841831141,-223.88923640860358,10.232684377429052,0.0,5.266434563421377,0.0,0.0,14.06660644551448,-55479.10387487494
2026-08-12 00:00:00+00:00,1881.73,936004.9504807815,215.501841831141,-223.88923640860358,9.173191724519562,0.0,5.26623866033952,0.0,0.0,15.026548005262157,-55464.07732686968
2026-08-12 01:00:00+00:00,1884.13,936519.4567903655,213.45091638986264,-223.88923640860358,11.632049883345669,0.0,5.272955337431779,0.0,0.0,-5.922852575880825,-55470.00017944556
2026-08-12 02:00:00+00:00,1883.85,936459.6904956324,213.62177984919376,-223.88923640860358,12.890581913385796,0.0,5.272171725104347,0.0,0.0,21.08544509978674,-55448.91473434577
2026-08-12 03:00:00+00:00,1885.77,936868.0132467095,211.913529618585,-211.913529618585,9.708543932685956,0.0,5.2775450667781545,683.6506204861209,0.0,467.8048690565047,-54981.10986528927
2026-08-12 04:00:00+00:00,1888.61,937465.86651654,209.3527551435441,-211.913529618585,23.69955998556565,0.0,5.0027751396619475,0.0,0.0,24.72118083891837,-54956.38868445035
2026-08-12 05:00:00+00:00,1890.7,937901.18047985,207.47607406040055,-211.913529618585,11.28872420839574,0.0,3.6510589964743367,0.0,0.0,7.354469612095272,-54949.034214838255
2026-08-12 06:00:00+00:00,1886.83,937092.0026750827,210.8889893646301,-211.913529618585,15.349319809332588,0.0,3.6435857863847634,0.0,0.0,29.920460452281986,-54919.11375438597
2026-08-12 07:00:00+00:00,1890.82,937926.0475850074,207.30551786331395,-211.913529618585,14.351495972218412,0.0,3.6512907239189745,0.0,0.0,6.512713442709355,-54912.601040943264
2026-08-12 08:00:00+00:00,1890.1,937776.6099443386,207.98779381894548,-211.913529618585,25.31140137935262,0.0,3.6499003592511468,0.0,0.0,32.101402395172045,-54880.49963854809
2026-08-12 09:00:00+00:00,1905.11,940795.6460901441,194.53807557381293,-194.53807557381293,65.46575652413027,0.0,3.6788856004512738,700.2016961137388,0.0,971.3022341510659,-53909.197404397026
2026-08-12 10:00:00+00:00,1908.31,941413.2059947189,191.65077170547957,-194.53807557381293,52.719912768628745,0.0,3.3829149774216707,0.0,0.0,51.14089048471942,-53858.05651391231
2026-08-12 11:00:00+00:00,1914.87,942650.7643033074,185.88352101355616,-194.53807557381293,25.689721089600074,0.0,3.3945440745033224,0.0,0.0,-9.52720201163902,-53867.583715923945
2026-08-12 12:00:00+00:00,1910.59,941847.6604103309,189.61415189888655,-194.53807557381293,118.97887394716497,0.0,2.6603175067091636,0.0,0.0,151.15826193325483,-53716.42545399069
2026-08-12 13:00:00+00:00,1900.38,939866.0788017474,198.78857127822218,-194.53807557381293,54.823215088249064,0.0,2.646101038632025,0.0,0.0,62.12145915201836,-53654.30399483867
2026-08-12 14:00:00+00:00,1886.76,937077.2544499727,211.05972473081258,-211.05972473081258,113.32499776872808,0.0,2.6271364651540003,715.787889495469,0.0,-38.84982160725485,-53693.15381644593
2026-08-12 15:00:00+00:00,1891.64,938095.6811202632,206.623378342408,-211.05972473081258,36.60993970786482,0.0,2.8576248441147025,0.0,0.0,27.922778156113054,-53665.231038289814
2026-08-12 16:00:00+00:00,1889.84,937722.5249471467,208.15838412897673,-211.05972473081258,22.403298737584052,0.0,2.854905656151133,0.0,0.0,32.009535792712995,-53633.2215024971
2026-08-12 17:00:00+00:00,1887.3,937191.0047454917,210.54754424022252,-211.05972473081258,18.91476193672069,0.0,2.851068579802541,0.0,0.0,26.337329677793605,-53606.88417281931
2026-08-12 18:00:00+00:00,1884.71,936642.9926426647,212.76754797358865,-211.05972473081258,12.572142239201703,0.0,2.8471559704549603,0.0,0.0,14.051882435480366,-53592.83229038383
2026-08-12 19:00:00+00:00,1878.61,935328.2917550248,218.40942671325814,-211.05972473081258,28.7010968533512,0.0,2.8379409445784196,0.0,0.0,4.30247101601708,-53588.52981936781
2026-08-12 20:00:00+00:00,1885.92,936899.7686687934,211.74275156535973,-211.05972473081258,16.119166784814787,0.0,2.596227353929619,0.0,0.0,47.34572012503486,-53541.184099242775
2026-08-12 21:00:00+00:00,1877.19,935017.38147328,219.6073860412353,-211.05972473081258,29.453727946487607,0.0,2.5842093124433387,0.0,0.0,-7.7978613544255495,-53548.9819605972
2026-08-12 22:00:00+00:00,1877.55,935096.3919672534,219.43622332403797,-211.05972473081258,11.844867073324181,0.0,2.584704901782979,0.0,0.0,17.458565045417345,-53531.52339555178
2026-08-12 23:00:00+00:00,1878.8,935369.7524310586,218.2383238895356,-211.05972473081258,14.123509476957354,0.0,2.586425698101175,0.0,0.0,26.245743066698196,-53505.277652485085
2026-08-13 00:00:00+00:00,1879.48,935517.8621229804,217.5539981353645,-211.05972473081258,30.552380695306006,0.0,2.5873618112982735,0.0,0.0,37.728821611490275,-53467.548830873595
2026-08-13 01:00:00+00:00,1877.41,935065.6708959881,219.43622332403797,-211.05972473081258,17.090575509755148,0.0,2.5845121725953413,0.0,0.0,4.37749088282726,-53463.17133999077
2026-08-13 02:00:00+00:00,1881.26,935903.5913022254,216.0147654849478,-211.05972473081258,22.124259617421348,0.0,2.5898122252553843,0.0,0.0,50.05453786632279,-53413.116802124445
2026-08-13 03:00:00+00:00,1886.7,937064.5908664889,211.05972473081258,-211.05972473081258,29.59014304970061,0.0,2.597301130832173,0.0,0.0,45.02210590839968,-53368.094696216045
2026-08-13 04:00:00+00:00,1891.62,938091.5486526962,206.623378342408,-211.05972473081258,23.394068664115785,0.0,4.2534542506617985,0.0,0.0,16.19146344652836,-53351.90323276952
2026-08-13 05:00:00+00:00,1895.08,938800.6914665035,203.55543814666603,-211.05972473081258,39.36977078672368,0.0,4.2612343289583325,0.0,0.0,22.50717135441664,-53329.3960614151
2026-08-13 06:00:00+00:00,1897.67,939324.4650859723,201.17117055248346,-211.05972473081258,17.25468273810907,0.0,4.267058144793022,0.0,0.0,-1.349326701136306,-53330.74538811624
2026-08-13 07:00:00+00:00,1894.62,938707.0242689392,203.89618406046432,-211.05972473081258,9.047973103293739,0.0,4.260199983288851,0.0,0.0,39.59951648241258,-53291.145871633824
2026-08-13 08:00:00+00:00,1889.18,937584.9796920705,208.84083066639,-211.05972473081258,18.92949411668476,0.0,4.247967721458463,0.0,0.0,49.297787505092856,-53241.84808412873
2026-08-13 09:00:00+00:00,1889.02,937551.5782575177,209.01146362719786,-211.05972473081258,29.772006431086535,0.0,4.2476079490516865,0.0,0.0,34.387735784228425,-53207.4603483445
2026-08-13 10:00:00+00:00,1882.29,936125.4660723266,214.98899510626623,-211.05972473081258,38.905972900102284,0.0,4.2324750221916645,0.0,0.0,37.45821016964328,-53170.00213817486
2026-08-13 11:00:00+00:00,1879.48,935517.8621229804,217.5539981353645,-211.05972473081258,34.69096277568025,0.0,4.226156519297659,0.0,0.0,24.39099644232192,-53145.61114173254
2026-08-13 12:00:00+00:00,1888.07,937352.7556903167,209.86475641128888,-211.05972473081258,30.602632214225068,0.0,2.950361313350811,0.0,0.0,55.4435254261698,-53090.16761630637
2026-08-13 13:00:00+00:00,1889.63,937678.7999275601,208.32898296831047,-211.05972473081258,43.974346504756,0.0,2.9527990215124937,0.0,0.0,43.718212189640326,-53046.44940411673
2026-08-13 14:00:00+00:00,1892.63,938299.6737624859,205.77089576104478,-211.05972473081258,34.10479579185533,0.0,2.957486921823421,0.0,0.0,24.756943446947844,-53021.69246066978
2026-08-13 15:00:00+00:00,1879.19,935454.7541271051,217.8961439051616,-211.05972473081258,48.79893675309762,0.0,2.9364851284304665,0.0,0.0,43.45848688292608,-52978.23397378685
2026-08-13 16:00:00+00:00,1873.99,934310.0095072662,222.5184619448559,-222.5184619448559,116.64923534151218,0.0,2.9283594345581925,726.5246689713416,0.0,61.6067640615438,-52916.62720972531
2026-08-13 17:00:00+00:00,1876.05,934766.4520946245,220.63454207575387,-222.5184619448559,27.606989960514557,0.0,3.090738087036181,0.0,0.0,28.752283799454744,-52887.874925925855
2026-08-13 18:00:00+00:00,1884.64,936628.1050852807,212.93837726535338,-222.5184619448559,21.43723672920652,0.0,3.104889863464123,0.0,0.0,-25.2384708574682,-52913.11339678332
2026-08-13 19:00:00+00:00,1886.62,937047.7060885103,211.05972473081258,-211.05972473081258,31.03335391873517,0.0,3.1081518561681185,737.3338103727208,0.0,503.0530581138373,-52410.060338669486
2026-08-13 20:00:00+00:00,1885.27,936761.9942810505,212.25511134153018,-211.05972473081258,10.86130652998956,0.0,1.3414357723188368,0.0,0.0,11.421563229065214,-52398.63877544042
2026-08-13 21:00:00+00:00,1887.87,937310.7929344594,210.03544056710402,-211.05972473081258,6.6440494670465045,0.0,1.3432857635710338,0.0,0.0,8.03070433940593,-52390.608071101015
2026-08-13 22:00:00+00:00,1888.44,937430.2873564806,209.52341369993567,-211.05972473081258,15.248419228736845,0.0,1.3436913385763232,0.0,0.0,15.782489491917659,-52374.8255816091
2026-08-13 23:00:00+00:00,1885.39,936787.4648944115,212.25511134153018,-211.05972473081258,11.184517132162886,0.0,1.341521156530477,0.0,0.0,13.435736648563761,-52361.38984496053
2026-08-14 00:00:00+00:00,1888.73,937490.960776028,209.1821051194403,-211.05972473081258,12.865569781704307,0.0,1.3438976837544527,0.0,0.0,12.76586848104489,-52348.62397647949
2026-08-14 01:00:00+00:00,1888.59,937461.679461437,209.3527551435441,-211.05972473081258,11.633887355313218,0.0,1.3437980688408728,0.0,0.0,13.244732295548602,-52335.37924418394
2026-08-14 02:00:00+00:00,1885.75,936863.7749761171,211.913529618585,-211.05972473081258,9.012085690693802,0.0,1.3417773091653964,0.0,0.0,11.858995915376,-52323.52024826856
2026-08-14 03:00:00+00:00,1882.25,936116.8665125223,214.98899510626623,-211.05972473081258,16.893843126930687,0.0,1.3392869363259008,0.0,0.0,10.033703026354488,-52313.48654524221
2026-08-14 04:00:00+00:00,1883.91,936472.5078024233,213.62177984919376,-211.05972473081258,9.371458659351216,0.0,1.3404680845869188,0.0,0.0,15.994073591762572,-52297.49247165045
2026-08-14 05:00:00+00:00,1883.08,936294.9971123892,214.30531912038518,-211.05972473081258,13.586889494885972,0.0,-0.33534197981389563,0.0,0.0,10.920429007543135,-52286.5720426429
2026-08-14 06:00:00+00:00,1871.76,933811.5263577327,224.5748292737813,-224.5748292737813,33.77193169156238,0.0,-0.3333260956180605,749.9823264123944,0.0,-73.48458114743698,-52360.05662379034
2026-08-14 07:00:00+00:00,1872.34,933941.6151419182,224.06062177088836,-224.5748292737813,22.2719611795242,0.0,-0.35478036774208543,0.0,0.0,21.752564018475823,-52338.304059771865
2026-08-14 08:00:00+00:00,1877.76,935142.4017591217,219.09392356169843,-224.5748292737813,38.85159489350583,0.0,-0.3558073765082081,0.0,0.0,22.086830056585313,-52316.21722971528
2026-08-14 09:00:00+00:00,1872.3,933932.6686455267,224.2320157022277,-224.5748292737813,15.756947642162954,0.0,-0.3547727883415974,0.0,0.0,31.847629093746946,-52284.36960062153
2026-08-14 10:00:00+00:00,1875.2,934578.5874606812,221.4907408473931,-224.5748292737813,13.372299704190736,0.0,-0.35532229487697675,0.0,0.0,7.668787669790618,-52276.70081295174
2026-08-14 11:00:00+00:00,1877.33,935048.1265073258,219.6073860412353,-224.5748292737813,16.387548420661943,0.0,-0.3557258979529622,0.0,0.0,7.226482814163319,-52269.47433013758
2026-08-14 12:00:00+00:00,1872.53,933984.163400627,223.88923640860358,-224.5748292737813,16.863087572656354,0.0,-0.3548163698944034,0.0,0.0,30.504345018089225,-52238.96998511949
2026-08-14 13:00:00+00:00,1869.07,933204.1639582557,227.14702401548095,-224.5748292737813,43.73780685844199,0.0,0.35993226029926506,0.0,0.0,41.127206034718256,-52197.84277908477
2026-08-14 14:00:00+00:00,1866.0,932502.8706805459,229.8928254809256,-224.5748292737813,35.36849935498901,0.0,0.3593410614468311,0.0,0.0,23.879288577183615,-52173.96349050759
2026-08-14 15:00:00+00:00,1880.72,935786.8824749965,216.5277660792265,-224.5748292737813,48.246380900703116,0.0,0.3621757347718565,0.0,0.0,26.878864175982017,-52147.084626331605
2026-08-14 16:00:00+00:00,1884.74,936649.3756691039,212.76754797358865,-212.76754797358865,32.606804741818856,0.0,0.36294987789458755,761.109154091257,0.0,481.1188281920331,-51665.96579813957
2026-08-14 17:00:00+00:00,1877.9,935173.0749084204,219.09392356169843,-212.76754797358865,23.42834824213475,0.0,0.34261942292620884,0.0,0.0,2.8002351209070184,-51663.165563018665
2026-08-14 18:00:00+00:00,1875.05,934545.3694426795,221.66200628789807,-212.76754797358865,17.53393229910405,0.0,0.3420994456349049,0.0,0.0,-3.441922271500516,-51666.607485290166
2026-08-14 19:00:00+00:00,1879.91,935611.3099449589,217.21188657672374,-212.76754797358865,12.503959538679188,0.0,0.3429861437527074,0.0,0.0,44.737164810205286,-51621.87032047996
2026-08-14 20:00:00+00:00,1879.49,935520.0376629618,217.5539981353645,-212.76754797358865,5.707713168984363,0.0,0.34290951552030474,0.0,0.0,4.140710836283688,-51617.72960964368
2026-08-14 21:00:00+00:00,1878.53,935310.8190008877,218.40942671325814,-212.76754797358865,7.6668329630987815,0.0,2.5635131606779367,0.0,0.0,5.268530104367528,-51612.46107953931
2026-08-14 22:00:00+00:00,1878.8,935369.7524310586,218.2383238895356,-212.76754797358865,7.782909467509466,0.0,2.5638816129003574,0.0,0.0,11.832983298416366,-51600.62809624089
2026-08-14 23:00:00+00:00,1881.39,935931.6432671951,215.84378238530772,-212.76754797358865,7.635649779685654,0.0,2.56741602495987,0.0,0.0,21.025952689553378,-51579.60214355134
2026-08-15 00:00:00+00:00,1881.7,935998.4854255265,215.501841831141,-212.76754797358865,6.21926924155409,0.0,2.5678390626967222,0.0,0.0,9.671326763862453,-51569.93081678748
2026-08-15 01:00:00+00:00,1883.35,936352.81628949,214.13442148665334,-212.76754797358865,6.717342762844988,0.0,2.570090715167068,0.0,0.0,12.55184328508767,-51557.37897350239
2026-08-15 02:00:00+00:00,1884.23,936540.7691817854,213.28006147306306,-212.76754797358865,7.864065851756241,0.0,2.571291596484586,0.0,0.0,11.152807526894321,-51546.226165975495
2026-08-15 03:00:00+00:00,1881.95,936052.3316917161,215.33088437576,-212.76754797358865,9.593774523845907,0.0,2.5681802221619265,0.0,0.0,8.834474056478939,-51537.391691919016
2026-08-15 04:00:00+00:00,1883.62,936410.550334068,213.79265185148492,-212.76754797358865,5.041746080942777,0.0,2.570459167389488,0.0,0.0,10.509042484387464,-51526.88264943463
2026-08-15 05:00:00+00:00,1879.84,935596.1051128985,217.21188657672374,-212.76754797358865,8.765449663040375,0.0,2.1838304527093833,0.0,0.0,0.7653902864039992,-51526.117259148225
2026-08-15 06:00:00+00:00,1881.38,935929.4848293712,215.84378238530772,-212.76754797358865,9.931908205136768,0.0,2.1856194873597645,0.0,0.0,17.835220285822288,-51508.2820388624
2026-08-15 07:00:00+00:00,1879.6,935543.9686027566,217.5539981353645,-212.76754797358865,5.03241628836675,0.0,2.1835516421145185,0.0,0.0,0.42597670893155737,-51507.85606215347
2026-08-15 08:00:00+00:00,1876.16,934790.7218942528,220.63454207575387,-212.76754797358865,11.556597820725388,0.0,2.1795553569214596,0.0,0.0,-7.590190297058143,-51515.44625245053
2026-08-15 09:00:00+00:00,1879.55,935533.0909028498,217.5539981353645,-212.76754797358865,9.621709274906987,0.0,2.183493556573922,0.0,0.0,32.89222379802959,-51482.5540286525
2026-08-15 10:00:00+00:00,1880.24,935682.9051961012,216.86980922581782,-212.76754797358865,5.5829128969600905,0.0,2.1842951370341575,0.0,0.0,10.771893183584325,-51471.782135468915
2026-08-15 11:00:00+00:00,1878.56,935317.371283689,218.40942671325814,-212.76754797358865,3.8671562664571963,0.0,2.1823434628701053,0.0,0.0,-2.034932087160996,-51473.817067556076
2026-08-15 12:00:00+00:00,1883.0,936277.8683109926,214.47622529878547,-212.76754797358865,7.241794649461468,0.0,2.1875014588751003,0.0,0.0,25.238410409147036,-51448.57865714693
2026-08-15 13:00:00+00:00,1882.79,936232.8402149642,214.64714002228084,-212.76754797358865,11.537758845957631,0.0,2.9769335703180655,0.0,0.0,14.167781462369021,-51434.41087568456
2026-08-15 14:00:00+00:00,1882.68,936209.2290295619,214.64714002228084,-212.76754797358865,6.86436594899515,0.0,2.9767596461455685,0.0,0.0,9.63437046983745,-51424.77650521472
2026-08-15 15:00:00+00:00,1884.09,936510.9187537099,213.45091638986264,-212.76754797358865,8.536141157806437,0.0,2.9789890378112074,0.0,0.0,13.202611700908164,-51411.573893513814
2026-08-15 16:00:00+00:00,1884.05,936502.3807170542,213.45091638986264,-212.76754797358865,6.314406666655813,0.0,2.9789257926575727,0.0,0.0,9.265997722613974,-51402.3078957912
2026-08-15 17:00:00+00:00,1883.62,936410.550334068,213.79265185148492,-212.76754797358865,6.742030652531404,0.0,2.9782459072559946,0.0,0.0,9.379939202219248,-51392.92795658898
2026-08-15 18:00:00+00:00,1881.97,936056.6383094037,215.33088437576,-212.76754797358865,4.234745030482886,0.0,2.9756370446685447,0.0,0.0,4.364811567189463,-51388.56314502179
2026-08-15 19:00:00+00:00,1883.67,936421.2399666607,213.79265185148492,-212.76754797358865,2.982460948265797,0.0,2.9783249636980385,0.0,0.0,8.857611613930203,-51379.70553340786
2026-08-15 20:00:00+00:00,1882.44,936157.6979815456,214.81806329129887,-212.76754797358865,2.311541455589262,0.0,-0.21177608311516394,0.0,0.0,0.2618642648376408,-51379.443669143024
2026-08-15 21:00:00+00:00,1884.14,936521.5739762529,213.28006147306306,-212.76754797358865,3.1739901063063574,0.0,-0.2119673345448487,0.0,0.0,5.133185923987185,-51374.31048321904
2026-08-15 22:00:00+00:00,1883.71,936429.7916727348,213.79265185148492,-212.76754797358865,4.321929828643778,0.0,-0.21191895918322257,0.0,0.0,3.8177529799722834,-51370.492730239064
2026-08-15 23:00:00+00:00,1881.73,936004.9504807815,215.501841831141,-212.76754797358865,6.873053225417804,0.0,-0.2116962075180603,0.0,0.0,3.0999100523258676,-51367.39282018674
2026-08-16 00:00:00+00:00,1881.54,935963.9963993104,215.67280783418147,-212.76754797358865,5.3371004205319394,0.0,-0.21167483235827197,0.0,0.0,4.597178232084843,-51362.79564195465
2026-08-16 01:00:00+00:00,1879.7,935565.6936501572,217.38293807986344,-212.76754797358865,11.956592807941899,0.0,-0.2114678308108485,0.0,0.0,4.934664095293556,-51357.86097785936
2026-08-16 02:00:00+00:00,1882.77,936228.5472721639,214.64714002228084,-212.76754797358865,13.763333581309105,0.0,-0.21181320839269097,0.0,0.0,23.20877010073309,-51334.65220775863
2026-08-16 03:00:00+00:00,1882.15,936095.3666548119,215.15993546761123,-212.76754797358865,4.691789076445405,0.0,-0.21174345787127655,0.0,0.0,3.215308010163426,-51331.43689974846
2026-08-16 04:00:00+00:00,1880.76,935795.5248701568,216.35675733147966,-212.76754797358865,7.62842051301462,0.0,-0.211587081702299,0.0,0.0,3.3219404595001834,-51328.11495928896
2026-08-16 05:00:00+00:00,1879.01,935415.5415775728,218.06722962031236,-212.76754797358865,7.395732013980738,0.0,0.9739941134618689,0.0,0.0,0.7296424972664681,-51327.3853167917
2026-08-16 06:00:00+00:00,1879.8,935587.4319439651,217.38293807986344,-212.76754797358865,8.025197059018556,0.0,0.974403613863482,0.0,0.0,12.80360416608164,-51314.581712625615
2026-08-16 07:00:00+00:00,1880.73,935789.0477526573,216.5277660792265,-212.76754797358865,3.564536388880817,0.0,0.9748856839565201,0.0,0.0,8.281411149568157,-51306.30030147605
2026-08-16 08:00:00+00:00,1879.88,935604.7935883616,217.21188657672374,-212.76754797358865,4.141747306664754,0.0,0.9744450822585821,0.0,0.0,1.7144438707182417,-51304.58585760533
2026-08-16 09:00:00+00:00,1879.32,935483.0509806538,217.72506674365476,-212.76754797358865,7.586266610832556,0.0,0.9741548034928816,0.0,0.0,5.96764057182736,-51298.6182170335
2026-08-16 10:00:00+00:00,1879.94,935617.8263015562,217.21188657672374,-212.76754797358865,4.985946405462849,0.0,0.9744761835549072,0.0,0.0,8.819863747725321,-51289.798353285776
2026-08-16 11:00:00+00:00,1880.14,935661.2273696269,217.0408436255176,-212.76754797358865,3.5819472570335567,0.0,0.9745798545426572,0.0,0.0,5.404085587520967,-51284.394267698255
2026-08-16 12:00:00+00:00,1878.95,935402.4575437956,218.06722962031236,-212.76754797358865,4.925790453445609,0.0,0.9739630121655439,0.0,0.0,0.3233097228949191,-51284.07095797536
2026-08-16 13:00:00+00:00,1880.94,935834.4517510551,216.18575713352962,-212.76754797358865,4.825572129700328,0.0,1.9860073462390053,0.0,0.0,15.398366267996607,-51268.67259170736
2026-08-16 14:00:00+00:00,1882.51,936172.7352459759,214.81806329129887,-212.76754797358865,10.296609494670351,0.0,1.9876650448012108,0.0,0.0,16.52271914177254,-51252.14987256559
2026-08-16 15:00:00+00:00,1883.22,936324.9788146967,214.13442148665334,-212.76754797358865,8.497563248392526,0.0,1.9884147046605525,0.0,0.0,11.664587612562173,-51240.48528495303
2026-08-16 16:00:00+00:00,1888.6,937463.7729889886,209.3527551435441,-212.76754797358865,31.37499127392835,0.0,1.994095225848238,0.0,0.0,27.473852693787194,-51213.01143225924
2026-08-16 17:00:00+00:00,1884.2,936534.3707799413,213.28006147306306,-212.76754797358865,15.705836851651936,0.0,1.9894494464382348,0.0,0.0,24.47028833461809,-51188.54114392462
2026-08-16 18:00:00+00:00,1884.54,936606.8112475541,212.93837726535338,-212.76754797358865,8.837963128480474,0.0,1.9898084384835533,0.0,0.0,10.927272868779255,-51177.613871055844
2026-08-16 19:00:00+00:00,1884.88,936679.1631258202,212.76754797358865,-212.76754797358865,7.211215784307782,0.0,1.990167430528872,0.0,0.0,9.212295169869321,-51168.401575885975
2026-08-16 20:00:00+00:00,1881.08,935864.7177570537,216.18575713352962,-212.76754797358865,8.580756695324586,0.0,1.9861551664929598,0.0,0.0,4.638225394941401,-51163.76335049103
2026-08-16 21:00:00+00:00,1874.59,934443.3548637389,222.00456285851055,-212.76754797358865,35.55568434116639,0.0,1.3575922150613366,0.0,0.0,-3.5882304099795874,-51167.35158090101
2026-08-16 22:00:00+00:00,1875.32,934605.1466283418,221.31948396951796,-212.76754797358865,26.002794592710007,0.0,1.3581208865665697,0.0,0.0,33.83237006143463,-51133.51921083958
2026-08-16 23:00:00+00:00,1875.22,934583.0172754981,221.4907408473931,-212.76754797358865,11.380023180571213,0.0,1.3580484658124283,0.0,0.0,11.885473600093974,-51121.633737239485
2026-08-17 00:00:00+00:00,1878.12,935221.2090787331,218.75165802591258,-212.76754797358865,16.86568809329166,0.0,1.3601486676825318,0.0,0.0,39.39175087258627,-51082.2419863669
2026-08-17 01:00:00+00:00,1890.71,937903.2552405907,207.47607406040055,-212.76754797358865,73.21419136495324,0.0,1.3692664406289483,0.0,0.0,77.88619067560649,-51004.35579569129
2026-08-17 02:00:00+00:00,1901.76,940139.3396504141,197.42783457096272,-197.42783457096272,58.77087950676781,0.0,1.377268933961585,775.6953807715458,0.0,876.6971097467322,-50127.65868594456
2026-08-17 03:00:00+00:00,1900.19,939828.320817156,198.9587016386253,-197.42783457096272,29.74155094675207,0.0,1.276918163698202,0.0,0.0,29.9613361287702,-50097.69734981579
2026-08-17 04:00:00+00:00,1902.6,940304.8501430745,196.74767029042425,-197.42783457096272,17.93054978721921,0.0,1.2785376716287316,0.0,0.0,19.937332061388588,-50077.7600177544
2026-08-17 05:00:00+00:00,1898.85,939561.1080448533,200.1498523618144,-197.42783457096272,13.673658794281462,0.0,3.154195767221142,0.0,0.0,13.440135981407366,-50064.31988177299
2026-08-17 06:00:00+00:00,1906.19,941005.0878884294,193.51874691371788,-197.42783457096272,37.3762851659085,0.0,3.1663883031936533,0.0,0.0,35.402211294283916,-50028.91767047871
2026-08-17 07:00:00+00:00,1900.09,939808.4249469922,198.9587016386253,-197.42783457096272,21.193922852764555,0.0,3.1562555416906126,0.0,0.0,31.99702784015244,-49996.92064263856
2026-08-17 08:00:00+00:00,1893.31,938439.2634291647,205.0890631185266,-197.42783457096272,41.793766995806635,0.0,3.144993226446249,0.0,0.0,14.337960785829637,-49982.58268185273
2026-08-17 09:00:00+00:00,1893.02,938379.7734064824,205.25950849564646,-197.42783457096272,15.626576338083426,0.0,3.144511504997744,0.0,0.0,16.535137186423526,-49966.047544666304
2026-08-17 10:00:00+00:00,1906.27,941020.5693881826,193.51874691371788,-197.42783457096272,37.7257002886387,0.0,3.166521191869103,0.0,0.0,65.76939511542878,-49900.278149550875
2026-08-17 11:00:00+00:00,1903.75,940530.4140297872,195.72767888446762,-197.42783457096272,20.431718830666355,0.0,3.162335198592437,0.0,0.0,30.956838752659678,-49869.321310798216
2026-08-17 12:00:00+00:00,1898.1,939410.8484460263,200.8306971127889,-197.42783457096272,29.25423922265069,0.0,3.1529499358888007,0.0,0.0,28.30887072364567,-49841.01244007457
2026-08-17 13:00:00+00:00,1904.02,940583.1955926542,195.3877497395105,-197.42783457096272,46.31757629820815,0.0,3.0406140705586426,0.0,0.0,52.93255633649824,-49788.07988373807
2026-08-17 14:00:00+00:00,1908.77,941501.2409134824,191.31125021047487,-197.42783457096272,33.453663400537266,0.0,3.048199556443851,0.0,0.0,16.764969573116105,-49771.314914164956
2026-08-17 15:00:00+00:00,1912.45,942198.6621427168,187.91790188194855,-197.42783457096272,51.59110150152426,0.0,3.054076311824391,0.0,0.0,25.531975826626876,-49745.78293833833
2026-08-17 16:00:00+00:00,1906.21,941008.9582633678,193.51874691371788,-197.42783457096272,22.489050865443367,0.0,3.0441113787878233,0.0,0.0,67.77897061799013,-49678.00396772034
2026-08-17 17:00:00+00:00,1907.96,941346.1072156972,191.99032715263303,-197.42783457096272,26.75204186771044,0.0,3.046906031482373,0.0,0.0,21.449189729428326,-49656.55477799091
2026-08-17 18:00:00+00:00,1909.12,941568.0861889591,190.9717626642253,-197.42783457096272,17.60239614508958,0.0,3.0487584869827606,0.0,0.0,13.613839791672945,-49642.94093819924
2026-08-17 19:00:00+00:00,1906.28,941022.5045756517,193.51874691371788,-197.42783457096272,11.41223110729993,0.0,3.044223164895605,0.0,0.0,29.56989114636235,-49613.371047052875
2026-08-17 20:00:00+00:00,1905.76,940921.8190053827,193.85848915839256,-197.42783457096272,13.095955637009911,0.0,3.0433927538092242,0.0,0.0,18.11625209871272,-49595.25479495416
2026-08-17 21:00:00+00:00,1905.58,940886.9145470059,194.02837302085192,-197.42783457096272,5.763058848913026,0.0,2.1787524142462984,0.0,0.0,8.574363109124533,-49586.68043184504
2026-08-17 22:00:00+00:00,1903.59,940499.105503665,195.89765620407655,-197.42783457096272,8.775336405989513,0.0,2.17647713989185,0.0,0.0,16.02416100125265,-49570.656270843785
2026-08-17 23:00:00+00:00,1912.7,942245.6095290775,187.74832352013402,-197.42783457096272,31.122482904082393,0.0,2.186893094348647,0.0,0.0,-18.754171530570602,-49589.410442374356
2026-08-18 00:00:00+00:00,1909.4,941621.4791800459,190.63230906333567,-197.42783457096272,12.916024519022603,0.0,2.183120026323682,0.0,0.0,42.48064959787007,-49546.929792776486
2026-08-18 01:00:00+00:00,1900.46,939881.9564363902,198.61844942369913,-197.42783457096272,25.613167370709824,0.0,2.172898442037868,0.0,0.0,53.268163221437135,-49493.66162955505
2026-08-18 02:00:00+00:00,1892.13,938196.7468475382,206.11186322060462,-197.42783457096272,51.42468003455705,0.0,2.163374303659699,0.0,0.0,12.952327462320682,-49480.70930209273
2026-08-18 03:00:00+00:00,1893.68,938515.046594491,204.74819792875073,-197.42783457096272,44.05653684856916,0.0,2.1651465022774854,0.0,0.0,58.50828671868658,-49422.20101537404
2026-08-18 04:00:00+00:00,1895.77,938940.8118533569,202.87404852921625,-197.42783457096272,15.102407246574048,0.0,2.16753611202663,0.0,0.0,30.41102797120402,-49391.78998740284
2026-08-18 05:00:00+00:00,1894.57,938696.8294597361,203.89618406046432,-197.42783457096272,15.12006925105989,0.0,1.0314176508876225,0.0,0.0,9.082494766342279,-49382.707492636495
2026-08-18 06:00:00+00:00,1902.02,940190.6387770965,197.2577807481728,-197.42783457096272,29.9375799238282,0.0,1.0354734849286518,0.0,0.0,53.94500321547093,-49328.762489421024
2026-08-18 07:00:00+00:00,1897.69,939328.4885093834,201.17117055248346,-197.42783457096272,14.24401395077235,0.0,1.0331162015195703,0.0,0.0,7.989386131426727,-49320.7731032896
2026-08-18 08:00:00+00:00,1899.36,939662.9908251258,199.6393081475434,-197.42783457096272,18.407945519960794,0.0,1.0340253616334656,0.0,0.0,24.239802890544524,-49296.53330039905
2026-08-18 09:00:00+00:00,1895.83,938952.9842962687,202.87404852921625,-197.42783457096272,9.920746370175916,0.0,1.0321036040274476,0.0,0.0,-2.13342284745886,-49298.66672324651
2026-08-18 10:00:00+00:00,1897.09,939207.6926003178,201.68194455185943,-197.42783457096272,8.77636846914105,0.0,1.0327895571672727,0.0,0.0,15.758390515991778,-49282.90833273052
2026-08-18 11:00:00+00:00,1902.31,940247.7777131447,196.91769860832883,-197.42783457096272,21.86129686863885,0.0,1.0356313630322622,0.0,0.0,32.408744598134945,-49250.499588132385
2026-08-18 12:00:00+00:00,1898.47,939485.0388301389,200.4902577170341,-197.42783457096272,10.730152907529515,0.0,1.0335408391775573,0.0,0.0,7.1476954933896195,-49243.351892638995
2026-08-18 13:00:00+00:00,1897.05,939199.6253225358,201.68194455185943,-197.42783457096272,31.551076432454515,0.0,2.0800486176051867,0.0,0.0,28.565142537736392,-49214.78675010126
2026-08-18 14:00:00+00:00,1910.18,941769.8735564513,189.95350368406002,-197.42783457096272,126.75877816921552,0.0,2.0944452009051293,0.0,0.0,106.87398936889804,-49107.91276073236
2026-08-18 15:00:00+00:00,1916.88,943022.3114014165,184.0197438151073,-184.0197438151073,54.08070517567162,0.0,2.1017915153079945,788.546231275588,0.0,1066.9812272026247,-48040.931533529736
2026-08-18 16:00:00+00:00,1917.65,943163.7030459184,183.34226075053058,-184.0197438151073,32.307254974240415,0.0,1.9598376330665512,0.0,0.0,33.96353437151265,-48006.96799915822
2026-08-18 17:00:00+00:00,1910.37,941805.9388033985,189.78382354978783,-184.0197438151073,20.931372828338677,0.0,1.9523974755984392,0.0,0.0,4.78326275809377,-48002.18473640013
2026-08-18 18:00:00+00:00,1915.65,942795.3767483325,185.20566524944618,-184.0197438151073,13.129389345209791,0.0,1.957793633762125,0.0,0.0,32.90088056917739,-47969.28385583095
2026-08-18 19:00:00+00:00,1912.57,942221.2122909427,187.91790188194855,-184.0197438151073,10.809358882898467,0.0,1.9546458748333082,0.0,0.0,5.380358318434446,-47963.90349751252
2026-08-18 20:00:00+00:00,1911.96,942106.496728678,188.426687841325,-184.0197438151073,11.28839817122071,0.0,1.9540224550454584,0.0,0.0,10.778902088793984,-47953.124595423724
2026-08-18 21:00:00+00:00,1911.21,941965.0076088485,189.10518784216404,-184.0197438151073,6.78050632347655,0.0,1.5804535582548151,0.0,0.0,4.886647913568595,-47948.237947510155
2026-08-18 22:00:00+00:00,1912.43,942194.9037846792,187.91790188194855,-184.0197438151073,9.268034941527599,0.0,1.5814624234978132,0.0,0.0,16.24158574132889,-47931.996361768826
2026-08-18 23:00:00+00:00,1917.1,943062.7643054542,183.85036034657918,-184.0197438151073,14.87236959365676,0.0,1.5853242273378152,0.0,0.0,24.946010979438142,-47907.05035078939
2026-08-19 00:00:00+00:00,1912.63,942232.4671464312,187.74832352013402,-184.0197438151073,20.90797491018022,0.0,1.5816278112425672,0.0,0.0,14.76069855192327,-47892.289652237465
2026-08-19 01:00:00+00:00,1912.82,942268.1193224317,187.57875363660176,-184.0197438151073,19.669414596353985,0.0,1.5817849296000832,0.0,0.0,21.939624201630068,-47870.350028035835
2026-08-19 02:00:00+00:00,1906.83,941128.7211996359,193.0091972409458,-184.0197438151073,22.50721161059574,0.0,1.5768315666447061,0.0,0.0,-13.035814166119962,-47883.385842201955
2026-08-19 03:00:00+00:00,1911.21,941965.0076088485,189.10518784216404,-184.0197438151073,20.419513634820802,0.0,1.5804535582548151,0.0,0.0,52.279898495515226,-47831.10594370644
2026-08-19 04:00:00+00:00,1909.78,941693.8409917101,190.29288940441145,-184.0197438151073,10.267710440107463,0.0,1.1597428469326116,0.0,0.0,3.409069804227329,-47827.69687390221
2026-08-19 05:00:00+00:00,1909.19,941581.4341026163,190.80203162082242,-184.0197438151073,8.81383497634068,0.0,1.1593845604914035,0.0,0.0,6.137979293926037,-47821.558894608286
2026-08-19 06:00:00+00:00,1916.87,943020.4712039784,184.0197438151073,-184.0197438151073,33.05626901486411,0.0,1.1640483568786535,0.0,0.0,59.98578623387584,-47761.57310837441
2026-08-19 07:00:00+00:00,1915.14,942700.8724511039,185.54457618595433,-184.0197438151073,37.35727356179796,0.0,1.1629977881612132,0.0,0.0,37.2756752755231,-47724.29743309889
2026-08-19 08:00:00+00:00,1920.75,943727.649065082,180.63368298425104,-184.0197438151073,53.43231394054492,0.0,1.1664045456784622,0.0,0.0,49.02456966157479,-47675.27286343731
2026-08-19 09:00:00+00:00,1918.3,943282.6586081753,182.83423735989595,-184.0197438151073,16.666433591705065,0.0,1.164916746049717,0.0,0.0,23.689265778164554,-47651.58359765915
2026-08-19 10:00:00+00:00,1919.27,943459.4747555126,181.98770102315967,-184.0197438151073,14.011284963127615,0.0,1.165505793249669,0.0,0.0,13.493786592924153,-47638.089811066224
2026-08-19 11:00:00+00:00,1922.34,944013.6171184268,179.28020641718336,-184.0197438151073,25.034401480614303,0.0,1.1673700972742602,0.0,0.0,15.403520979794848,-47622.68629008643
2026-08-19 12:00:00+00:00,1936.33,946434.1297458772,166.95470913967486,-166.95470913967486,91.35153294403582,0.0,1.1758657367869723,805.068000572128,0.0,1747.7984036767957,-45874.88788640963
2026-08-19 13:00:00+00:00,1931.76,945662.2690078665,171.00196473874877,-166.95470913967486,90.30126909467481,0.0,4.031455361595729,0.0,0.0,85.45500721385179,-45789.43287919578
2026-08-19 14:00:00+00:00,1969.89,951549.5787727173,138.09106155262327,-138.09106155262327,176.40619777893053,0.0,4.111030149839427,833.4971059447565,0.0,4045.714731975102,-41743.71814722068
2026-08-19 15:00:00+00:00,2085.16,961988.5587471705,44.51811370880845,-44.51811370880844,610.101812866073,0.0,3.599274473838349,931.0543899077609,0.0,22960.810829452526,-18782.907317768153
2026-08-19 16:00:00+00:00,2088.75,962142.8682445122,41.5959953306068,-41.5959953306068,198.80104160108237,0.0,1.1623401251159204,934.1061772889952,0.0,2906.7545460397614,-15876.152771728392
2026-08-19 17:00:00+00:00,2090.09,962197.9058102363,40.62254011958888,-41.5959953306068,109.72149631518599,0.0,1.0867421735068497,0.0,0.0,110.10717046978061,-15766.045601258611
2026-08-19 18:00:00+00:00,2090.81,962226.9108253414,40.135922011366894,-41.5959953306068,49.71187283640802,0.0,1.087116537464825,0.0,0.0,49.85488784085646,-15716.190713417755
2026-08-19 19:00:00+00:00,2100.97,962593.2709186282,32.19814956144649,-32.19814956144649,78.01848159748688,0.0,1.092399228871812,943.9784733018116,0.0,9474.176648768993,-6242.0140646487625
2026-08-19 20:00:00+00:00,2218.06,963270.5812065457,0.0,0.0,0.0,0.0,0.8927178452032751,979.6871871099427,0.0,88165.33371310335,81923.31964845459
2026-08-19 21:00:00+00:00,2286.12,963270.5812065457,0.0,0.0,0.0,0.0,0.0,979.6871871099427,0.0,0.0,81923.31964845459
2026-08-19 22:00:00+00:00,2249.61,963270.5812065457,0.0,0.0,0.0,0.0,0.0,979.6871871099427,0.0,0.0,81923.31964845459
2026-08-19 23:00:00+00:00,2252.16,963270.5812065457,0.0,0.0,0.0,0.0,0.0,979.6871871099427,0.0,0.0,81923.31964845459
2026-08-20 00:00:00+00:00,2261.7,963270.5812065457,0.0,0.0,0.0,0.0,0.0,979.6871871099427,0.0,0.0,81923.31964845459
2026-08-20 01:00:00+00:00,2265.67,963270.5812065457,0.0,0.0,0.0,0.0,0.0,979.6871871099427,0.0,0.0,81923.31964845459
2026-08-20 02:00:00+00:00,2251.29,963270.5812065457,0.0,0.0,0.0,0.0,0.0,979.6871871099427,0.0,0.0,81923.31964845459
2026-08-20 03:00:00+00:00,2250.86,963270.5812065457,0.0,0.0,0.0,0.0,0.0,979.6871871099427,0.0,0.0,81923.31964845459
2026-08-20 04:00:00+00:00,2249.8,963270.5812065457,0.0,0.0,0.0,0.0,0.0,979.6871871099427,0.0,0.0,81923.31964845459
2026-08-20 05:00:00+00:00,2247.88,963270.5812065457,0.0,0.0,0.0,0.0,0.0,979.6871871099427,0.0,0.0,81923.31964845459
2026-08-20 06:00:00+00:00,2262.1,963270.5812065457,0.0,0.0,0.0,0.0,0.0,979.6871871099427,0.0,0.0,81923.31964845459
2026-08-20 07:00:00+00:00,2251.49,963270.5812065457,0.0,0.0,0.0,0.0,0.0,979.6871871099427,0.0,0.0,81923.31964845459
2026-08-20 08:00:00+00:00,2281.92,963270.5812065457,0.0,0.0,0.0,0.0,0.0,979.6871871099427,0.0,0.0,81923.31964845459
2026-08-20 09:00:00+00:00,2278.3,963270.5812065457,0.0,0.0,0.0,0.0,0.0,979.6871871099427,0.0,0.0,81923.31964845459
2026-08-20 10:00:00+00:00,2286.34,963270.5812065457,0.0,0.0,0.0,0.0,0.0,979.6871871099427,0.0,0.0,81923.31964845459
2026-08-20 11:00:00+00:00,2295.6,963270.5812065457,0.0,0.0,0.0,0.0,0.0,979.6871871099427,0.0,0.0,81923.31964845459
2026-08-20 12:00:00+00:00,2289.57,963270.5812065457,0.0,0.0,0.0,0.0,0.0,979.6871871099427,0.0,0.0,81923.31964845459
2026-08-20 13:00:00+00:00,2276.03,963270.5812065457,0.0,0.0,0.0,0.0,0.0,979.6871871099427,0.0,0.0,81923.31964845459
2026-08-20 14:00:00+00:00,2280.12,963270.5812065457,0.0,0.0,0.0,0.0,0.0,979.6871871099427,0.0,0.0,81923.31964845459
2026-08-20 15:00:00+00:00,2325.12,963270.5812065457,0.0,0.0,0.0,0.0,0.0,979.6871871099427,0.0,0.0,81923.31964845459
2026-08-20 16:00:00+00:00,2343.94,963270.5812065457,0.0,0.0,0.0,0.0,0.0,979.6871871099427,0.0,0.0,81923.31964845459
2026-08-20 17:00:00+00:00,2343.1,963270.5812065457,0.0,0.0,0.0,0.0,0.0,979.6871871099427,0.0,0.0,81923.31964845459
2026-08-20 18:00:00+00:00,2315.21,963270.5812065457,0.0,0.0,0.0,0.0,0.0,979.6871871099427,0.0,0.0,81923.31964845459
2026-08-20 19:00:00+00:00,2322.72,963270.5812065457,0.0,0.0,0.0,0.0,0.0,979.6871871099427,0.0,0.0,81923.31964845459
2026-08-20 20:00:00+00:00,2317.55,963270.5812065457,0.0,0.0,0.0,0.0,0.0,979.6871871099427,0.0,0.0,81923.31964845459
2026-08-20 21:00:00+00:00,2317.62,963270.5812065457,0.0,0.0,0.0,0.0,0.0,979.6871871099427,0.0,0.0,81923.31964845459
2026-08-20 22:00:00+00:00,2313.33,963270.5812065457,0.0,0.0,0.0,0.0,0.0,979.6871871099427,0.0,0.0,81923.31964845459
2026-08-20 23:00:00+00:00,2326.18,963270.5812065457,0.0,0.0,0.0,0.0,0.0,979.6871871099427,0.0,0.0,81923.31964845459
2026-08-21 00:00:00+00:00,2339.95,963270.5812065457,0.0,0.0,0.0,0.0,0.0,979.6871871099427,0.0,0.0,81923.31964845459
2026-08-21 01:00:00+00:00,2358.71,963270.5812065457,0.0,0.0,0.0,0.0,0.0,979.6871871099427,0.0,0.0,81923.31964845459
2026-08-21 02:00:00+00:00,2344.73,963270.5812065457,0.0,0.0,0.0,0.0,0.0,979.6871871099427,0.0,0.0,81923.31964845459
2026-08-21 03:00:00+00:00,2339.9,963270.5812065457,0.0,0.0,0.0,0.0,0.0,979.6871871099427,0.0,0.0,81923.31964845459
2026-08-21 04:00:00+00:00,2353.12,963270.5812065457,0.0,0.0,0.0,0.0,0.0,979.6871871099427,0.0,0.0,81923.31964845459
2026-08-21 05:00:00+00:00,2367.36,963270.5812065457,0.0,0.0,0.0,0.0,0.0,979.6871871099427,0.0,0.0,81923.31964845459
2026-08-21 06:00:00+00:00,2371.51,963270.5812065457,0.0,0.0,0.0,0.0,0.0,979.6871871099427,0.0,0.0,81923.31964845459
2026-08-21 07:00:00+00:00,2371.51,963270.5812065457,0.0,0.0,0.0,0.0,0.0,979.6871871099427,0.0,0.0,81923.31964845459
2026-08-21 08:00:00+00:00,2444.89,963270.5812065457,0.0,0.0,0.0,0.0,0.0,979.6871871099427,0.0,0.0,81923.31964845459
2026-08-21 09:00:00+00:00,2403.77,963270.5812065457,0.0,0.0,0.0,0.0,0.0,979.6871871099427,0.0,0.0,81923.31964845459
2026-08-21 10:00:00+00:00,2394.73,963270.5812065457,0.0,0.0,0.0,0.0,0.0,979.6871871099427,0.0,0.0,81923.31964845459
2026-08-21 11:00:00+00:00,2370.42,963270.5812065457,0.0,0.0,0.0,0.0,0.0,979.6871871099427,0.0,0.0,81923.31964845459
2026-08-21 12:00:00+00:00,2387.75,963270.5812065457,0.0,0.0,0.0,0.0,0.0,979.6871871099427,0.0,0.0,81923.31964845459
2026-08-21 13:00:00+00:00,2386.98,963270.5812065457,0.0,0.0,0.0,0.0,0.0,979.6871871099427,0.0,0.0,81923.31964845459
2026-08-21 14:00:00+00:00,2393.14,963270.5812065457,0.0,0.0,0.0,0.0,0.0,979.6871871099427,0.0,0.0,81923.31964845459
2026-08-21 15:00:00+00:00,2393.03,963270.5812065457,0.0,0.0,0.0,0.0,0.0,979.6871871099427,0.0,0.0,81923.31964845459
2026-08-21 16:00:00+00:00,2405.13,963270.5812065457,0.0,0.0,0.0,0.0,0.0,979.6871871099427,0.0,0.0,81923.31964845459
2026-08-21 17:00:00+00:00,2422.98,963270.5812065457,0.0,0.0,0.0,0.0,0.0,979.6871871099427,0.0,0.0,81923.31964845459
2026-08-21 18:00:00+00:00,2419.8,963270.5812065457,0.0,0.0,0.0,0.0,0.0,979.6871871099427,0.0,0.0,81923.31964845459
2026-08-21 19:00:00+00:00,2412.41,963270.5812065457,0.0,0.0,0.0,0.0,0.0,979.6871871099427,0.0,0.0,81923.31964845459
2026-08-21 20:00:00+00:00,2440.07,963270.5812065457,0.0,0.0,0.0,0.0,0.0,979.6871871099427,0.0,0.0,81923.31964845459
2026-08-21 21:00:00+00:00,2513.52,963270.5812065457,0.0,0.0,0.0,0.0,0.0,979.6871871099427,0.0,0.0,81923.31964845459
2026-08-21 22:00:00+00:00,2522.0,963270.5812065457,0.0,0.0,0.0,0.0,0.0,979.6871871099427,0.0,0.0,81923.31964845459
2026-08-21 23:00:00+00:00,2515.97,963270.5812065457,0.0,0.0,0.0,0.0,0.0,979.6871871099427,0.0,0.0,81923.31964845459
2026-08-22 00:00:00+00:00,2521.69,963270.5812065457,0.0,0.0,0.0,0.0,0.0,979.6871871099427,0.0,0.0,81923.31964845459
2026-08-22 01:00:00+00:00,2506.28,963270.5812065457,0.0,0.0,0.0,0.0,0.0,979.6871871099427,0.0,0.0,81923.31964845459
2026-08-22 02:00:00+00:00,2515.33,963270.5812065457,0.0,0.0,0.0,0.0,0.0,979.6871871099427,0.0,0.0,81923.31964845459
2026-08-22 03:00:00+00:00,2514.35,963270.5812065457,0.0,0.0,0.0,0.0,0.0,979.6871871099427,0.0,0.0,81923.31964845459
2026-08-22 04:00:00+00:00,2513.88,963270.5812065457,0.0,0.0,0.0,0.0,0.0,979.6871871099427,0.0,0.0,81923.31964845459
2026-08-22 05:00:00+00:00,2439.44,963270.5812065457,0.0,0.0,0.0,0.0,0.0,979.6871871099427,0.0,0.0,81923.31964845459
2026-08-22 06:00:00+00:00,2436.94,963270.5812065457,0.0,0.0,0.0,0.0,0.0,979.6871871099427,0.0,0.0,81923.31964845459
2026-08-22 07:00:00+00:00,2432.54,963270.5812065457,0.0,0.0,0.0,0.0,0.0,979.6871871099427,0.0,0.0,81923.31964845459
2026-08-22 08:00:00+00:00,2425.34,963270.5812065457,0.0,0.0,0.0,0.0,0.0,979.6871871099427,0.0,0.0,81923.31964845459
2026-08-22 09:00:00+00:00,2421.49,963270.5812065457,0.0,0.0,0.0,0.0,0.0,979.6871871099427,0.0,0.0,81923.31964845459
2026-08-22 10:00:00+00:00,2412.14,963270.5812065457,0.0,0.0,0.0,0.0,0.0,979.6871871099427,0.0,0.0,81923.31964845459
2026-08-22 11:00:00+00:00,2423.41,963270.5812065457,0.0,0.0,0.0,0.0,0.0,979.6871871099427,0.0,0.0,81923.31964845459
2026-08-22 12:00:00+00:00,2427.31,963270.5812065457,0.0,0.0,0.0,0.0,0.0,979.6871871099427,0.0,0.0,81923.31964845459
2026-08-22 13:00:00+00:00,2429.35,963270.5812065457,0.0,0.0,0.0,0.0,0.0,979.6871871099427,0.0,0.0,81923.31964845459
2026-08-22 14:00:00+00:00,2413.02,963270.5812065457,0.0,0.0,0.0,0.0,0.0,979.6871871099427,0.0,0.0,81923.31964845459
2026-08-22 15:00:00+00:00,2410.37,963270.5812065457,0.0,0.0,0.0,0.0,0.0,979.6871871099427,0.0,0.0,81923.31964845459
2026-08-22 16:00:00+00:00,2421.89,963270.5812065457,0.0,0.0,0.0,0.0,0.0,979.6871871099427,0.0,0.0,81923.31964845459
2026-08-22 17:00:00+00:00,2425.9,963270.5812065457,0.0,0.0,0.0,0.0,0.0,979.6871871099427,0.0,0.0,81923.31964845459
2026-08-22 18:00:00+00:00,2426.54,963270.5812065457,0.0,0.0,0.0,0.0,0.0,979.6871871099427,0.0,0.0,81923.31964845459
2026-08-22 19:00:00+00:00,2438.18,963270.5812065457,0.0,0.0,0.0,0.0,0.0,979.6871871099427,0.0,0.0,81923.31964845459
2026-08-22 20:00:00+00:00,2431.02,963270.5812065457,0.0,0.0,0.0,0.0,0.0,979.6871871099427,0.0,0.0,81923.31964845459
2026-08-22 21:00:00+00:00,2406.39,963270.5812065457,0.0,0.0,0.0,0.0,0.0,979.6871871099427,0.0,0.0,81923.31964845459
2026-08-22 22:00:00+00:00,2413.17,963270.5812065457,0.0,0.0,0.0,0.0,0.0,979.6871871099427,0.0,0.0,81923.31964845459
2026-08-22 23:00:00+00:00,2421.4,963270.5812065457,0.0,0.0,0.0,0.0,0.0,979.6871871099427,0.0,0.0,81923.31964845459
2026-08-23 00:00:00+00:00,2429.95,963270.5812065457,0.0,0.0,0.0,0.0,0.0,979.6871871099427,0.0,0.0,81923.31964845459
2026-08-23 01:00:00+00:00,2422.33,963270.5812065457,0.0,0.0,0.0,0.0,0.0,979.6871871099427,0.0,0.0,81923.31964845459
2026-08-23 02:00:00+00:00,2415.98,963270.5812065457,0.0,0.0,0.0,0.0,0.0,979.6871871099427,0.0,0.0,81923.31964845459
2026-08-23 03:00:00+00:00,2413.19,963270.5812065457,0.0,0.0,0.0,0.0,0.0,979.6871871099427,0.0,0.0,81923.31964845459
2026-08-23 04:00:00+00:00,2378.24,963270.5812065457,0.0,0.0,0.0,0.0,0.0,979.6871871099427,0.0,0.0,81923.31964845459
2026-08-23 05:00:00+00:00,2372.6,963270.5812065457,0.0,0.0,0.0,0.0,0.0,979.6871871099427,0.0,0.0,81923.31964845459
2026-08-23 06:00:00+00:00,2389.35,963270.5812065457,0.0,0.0,0.0,0.0,0.0,979.6871871099427,0.0,0.0,81923.31964845459
2026-08-23 07:00:00+00:00,2388.29,963270.5812065457,0.0,0.0,0.0,0.0,0.0,979.6871871099427,0.0,0.0,81923.31964845459
2026-08-23 08:00:00+00:00,2412.25,963270.5812065457,0.0,0.0,0.0,0.0,0.0,979.6871871099427,0.0,0.0,81923.31964845459
2026-08-23 09:00:00+00:00,2410.91,963270.5812065457,0.0,0.0,0.0,0.0,0.0,979.6871871099427,0.0,0.0,81923.31964845459
2026-08-23 10:00:00+00:00,2414.8,963270.5812065457,0.0,0.0,0.0,0.0,0.0,979.6871871099427,0.0,0.0,81923.31964845459
2026-08-23 11:00:00+00:00,2433.29,963270.5812065457,0.0,0.0,0.0,0.0,0.0,979.6871871099427,0.0,0.0,81923.31964845459
2026-08-23 12:00:00+00:00,2426.61,963270.5812065457,0.0,0.0,0.0,0.0,0.0,979.6871871099427,0.0,0.0,81923.31964845459
2026-08-23 13:00:00+00:00,2458.64,963270.5812065457,0.0,0.0,0.0,0.0,0.0,979.6871871099427,0.0,0.0,81923.31964845459
2026-08-23 14:00:00+00:00,2437.94,963270.5812065457,0.0,0.0,0.0,0.0,0.0,979.6871871099427,0.0,0.0,81923.31964845459
2026-08-23 15:00:00+00:00,2437.69,963270.5812065457,0.0,0.0,0.0,0.0,0.0,979.6871871099427,0.0,0.0,81923.31964845459
2026-08-23 16:00:00+00:00,2449.7,963270.5812065457,0.0,0.0,0.0,0.0,0.0,979.6871871099427,0.0,0.0,81923.31964845459
2026-08-23 17:00:00+00:00,2439.24,963270.5812065457,0.0,0.0,0.0,0.0,0.0,979.6871871099427,0.0,0.0,81923.31964845459
2026-08-23 18:00:00+00:00,2447.59,963270.5812065457,0.0,0.0,0.0,0.0,0.0,979.6871871099427,0.0,0.0,81923.31964845459
2026-08-23 19:00:00+00:00,2443.58,963270.5812065457,0.0,0.0,0.0,0.0,0.0,979.6871871099427,0.0,0.0,81923.31964845459
2026-08-23 20:00:00+00:00,2449.22,963270.5812065457,0.0,0.0,0.0,0.0,0.0,979.6871871099427,0.0,0.0,81923.31964845459
2026-08-23 21:00:00+00:00,2469.14,963270.5812065457,0.0,0.0,0.0,0.0,0.0,979.6871871099427,0.0,0.0,81923.31964845459
2026-08-23 22:00:00+00:00,2454.13,963270.5812065457,0.0,0.0,0.0,0.0,0.0,979.6871871099427,0.0,0.0,81923.31964845459
2026-08-23 23:00:00+00:00,2462.58,963270.5812065457,0.0,0.0,0.0,0.0,0.0,979.6871871099427,0.0,0.0,81923.31964845459
2026-08-24 00:00:00+00:00,2464.6,963270.5812065457,0.0,0.0,0.0,0.0,0.0,979.6871871099427,0.0,0.0,81923.31964845459
2026-08-24 01:00:00+00:00,2428.27,963270.5812065457,0.0,0.0,0.0,0.0,0.0,979.6871871099427,0.0,0.0,81923.31964845459
2026-08-24 02:00:00+00:00,2442.54,963270.5812065457,0.0,0.0,0.0,0.0,0.0,979.6871871099427,0.0,0.0,81923.31964845459
2026-08-24 03:00:00+00:00,2429.78,963270.5812065457,0.0,0.0,0.0,0.0,0.0,979.6871871099427,0.0,0.0,81923.31964845459
2026-08-24 04:00:00+00:00,2436.72,963270.5812065457,0.0,0.0,0.0,0.0,0.0,979.6871871099427,0.0,0.0,81923.31964845459
2026-08-24 05:00:00+00:00,2448.07,963270.5812065457,0.0,0.0,0.0,0.0,0.0,979.6871871099427,0.0,0.0,81923.31964845459
2026-08-24 06:00:00+00:00,2455.58,963270.5812065457,0.0,0.0,0.0,0.0,0.0,979.6871871099427,0.0,0.0,81923.31964845459
2026-08-24 07:00:00+00:00,2453.97,963270.5812065457,0.0,0.0,0.0,0.0,0.0,979.6871871099427,0.0,0.0,81923.31964845459
2026-08-24 08:00:00+00:00,2453.62,963270.5812065457,0.0,0.0,0.0,0.0,0.0,979.6871871099427,0.0,0.0,81923.31964845459
2026-08-24 09:00:00+00:00,2462.2,963270.5812065457,0.0,0.0,0.0,0.0,0.0,979.6871871099427,0.0,0.0,81923.31964845459
2026-08-24 10:00:00+00:00,2464.24,963270.5812065457,0.0,0.0,0.0,0.0,0.0,979.6871871099427,0.0,0.0,81923.31964845459
2026-08-24 11:00:00+00:00,2493.52,963270.5812065457,0.0,0.0,0.0,0.0,0.0,979.6871871099427,0.0,0.0,81923.31964845459
2026-08-24 12:00:00+00:00,2511.99,963270.5812065457,0.0,0.0,0.0,0.0,0.0,979.6871871099427,0.0,0.0,81923.31964845459
2026-08-24 13:00:00+00:00,2492.76,963270.5812065457,0.0,0.0,0.0,0.0,0.0,979.6871871099427,0.0,0.0,81923.31964845459
2026-08-24 14:00:00+00:00,2515.0,963270.5812065457,0.0,0.0,0.0,0.0,0.0,979.6871871099427,0.0,0.0,81923.31964845459
2026-08-24 15:00:00+00:00,2486.64,963270.5812065457,0.0,0.0,0.0,0.0,0.0,979.6871871099427,0.0,0.0,81923.31964845459
2026-08-24 16:00:00+00:00,2477.03,963270.5812065457,0.0,0.0,0.0,0.0,0.0,979.6871871099427,0.0,0.0,81923.31964845459
2026-08-24 17:00:00+00:00,2467.92,963270.5812065457,0.0,0.0,0.0,0.0,0.0,979.6871871099427,0.0,0.0,81923.31964845459
2026-08-24 18:00:00+00:00,2473.21,963270.5812065457,0.0,0.0,0.0,0.0,0.0,979.6871871099427,0.0,0.0,81923.31964845459
2026-08-24 19:00:00+00:00,2470.54,963270.5812065457,0.0,0.0,0.0,0.0,0.0,979.6871871099427,0.0,0.0,81923.31964845459
2026-08-24 20:00:00+00:00,2474.44,963270.5812065457,0.0,0.0,0.0,0.0,0.0,979.6871871099427,0.0,0.0,81923.31964845459
2026-08-24 21:00:00+00:00,2482.78,963270.5812065457,0.0,0.0,0.0,0.0,0.0,979.6871871099427,0.0,0.0,81923.31964845459
2026-08-24 22:00:00+00:00,2473.38,963270.5812065457,0.0,0.0,0.0,0.0,0.0,979.6871871099427,0.0,0.0,81923.31964845459
2026-08-24 23:00:00+00:00,2481.03,963270.5812065457,0.0,0.0,0.0,0.0,0.0,979.6871871099427,0.0,0.0,81923.31964845459
2026-08-25 00:00:00+00:00,2492.2,963270.5812065457,0.0,0.0,0.0,0.0,0.0,979.6871871099427,0.0,0.0,81923.31964845459
2026-08-25 01:00:00+00:00,2494.87,963270.5812065457,0.0,0.0,0.0,0.0,0.0,979.6871871099427,0.0,0.0,81923.31964845459
2026-08-25 02:00:00+00:00,2506.94,963270.5812065457,0.0,0.0,0.0,0.0,0.0,979.6871871099427,0.0,0.0,81923.31964845459
2026-08-25 03:00:00+00:00,2497.96,963270.5812065457,0.0,0.0,0.0,0.0,0.0,979.6871871099427,0.0,0.0,81923.31964845459
2026-08-25 04:00:00+00:00,2493.72,963270.5812065457,0.0,0.0,0.0,0.0,0.0,979.6871871099427,0.0,0.0,81923.31964845459
2026-08-25 05:00:00+00:00,2507.61,963270.5812065457,0.0,0.0,0.0,0.0,0.0,979.6871871099427,0.0,0.0,81923.31964845459
2026-08-25 06:00:00+00:00,2499.9,963270.5812065457,0.0,0.0,0.0,0.0,0.0,979.6871871099427,0.0,0.0,81923.31964845459
2026-08-25 07:00:00+00:00,2477.66,963270.5812065457,0.0,0.0,0.0,0.0,0.0,979.6871871099427,0.0,0.0,81923.31964845459
2026-08-25 08:00:00+00:00,2484.0,963270.5812065457,0.0,0.0,0.0,0.0,0.0,979.6871871099427,0.0,0.0,81923.31964845459
2026-08-25 09:00:00+00:00,2473.62,963270.5812065457,0.0,0.0,0.0,0.0,0.0,979.6871871099427,0.0,0.0,81923.31964845459
2026-08-25 10:00:00+00:00,2480.94,963270.5812065457,0.0,0.0,0.0,0.0,0.0,979.6871871099427,0.0,0.0,81923.31964845459
2026-08-25 11:00:00+00:00,2477.1,963270.5812065457,0.0,0.0,0.0,0.0,0.0,979.6871871099427,0.0,0.0,81923.31964845459
2026-08-25 12:00:00+00:00,2472.69,963270.5812065457,0.0,0.0,0.0,0.0,0.0,979.6871871099427,0.0,0.0,81923.31964845459
2026-08-25 13:00:00+00:00,2459.99,963270.5812065457,0.0,0.0,0.0,0.0,0.0,979.6871871099427,0.0,0.0,81923.31964845459
2026-08-25 14:00:00+00:00,2475.96,963270.5812065457,0.0,0.0,0.0,0.0,0.0,979.6871871099427,0.0,0.0,81923.31964845459
2026-08-25 15:00:00+00:00,2481.56,963270.5812065457,0.0,0.0,0.0,0.0,0.0,979.6871871099427,0.0,0.0,81923.31964845459
2026-08-25 16:00:00+00:00,2469.59,963270.5812065457,0.0,0.0,0.0,0.0,0.0,979.6871871099427,0.0,0.0,81923.31964845459
2026-08-25 17:00:00+00:00,2469.93,963270.5812065457,0.0,0.0,0.0,0.0,0.0,979.6871871099427,0.0,0.0,81923.31964845459
2026-08-25 18:00:00+00:00,2466.04,963270.5812065457,0.0,0.0,0.0,0.0,0.0,979.6871871099427,0.0,0.0,81923.31964845459
2026-08-25 19:00:00+00:00,2462.03,963270.5812065457,0.0,0.0,0.0,0.0,0.0,979.6871871099427,0.0,0.0,81923.31964845459
2026-08-25 20:00:00+00:00,2435.25,963270.5812065457,0.0,0.0,0.0,0.0,0.0,979.6871871099427,0.0,0.0,81923.31964845459
2026-08-25 21:00:00+00:00,2440.8,963270.5812065457,0.0,0.0,0.0,0.0,0.0,979.6871871099427,0.0,0.0,81923.31964845459
2026-08-25 22:00:00+00:00,2452.7,963270.5812065457,0.0,0.0,0.0,0.0,0.0,979.6871871099427,0.0,0.0,81923.31964845459
2026-08-25 23:00:00+00:00,2441.72,963270.5812065457,0.0,0.0,0.0,0.0,0.0,979.6871871099427,0.0,0.0,81923.31964845459
2026-08-26 00:00:00+00:00,2445.07,963270.5812065457,0.0,0.0,0.0,0.0,0.0,979.6871871099427,0.0,0.0,81923.31964845459
2026-08-26 01:00:00+00:00,2454.99,963270.5812065457,0.0,0.0,0.0,0.0,0.0,979.6871871099427,0.0,0.0,81923.31964845459
2026-08-26 02:00:00+00:00,2464.18,963270.5812065457,0.0,0.0,0.0,0.0,0.0,979.6871871099427,0.0,0.0,81923.31964845459
2026-08-26 03:00:00+00:00,2464.58,963270.5812065457,0.0,0.0,0.0,0.0,0.0,979.6871871099427,0.0,0.0,81923.31964845459
2026-08-26 04:00:00+00:00,2455.77,963270.5812065457,0.0,0.0,0.0,0.0,0.0,979.6871871099427,0.0,0.0,81923.31964845459
2026-08-26 05:00:00+00:00,2463.85,963270.5812065457,0.0,0.0,0.0,0.0,0.0,979.6871871099427,0.0,0.0,81923.31964845459
2026-08-26 06:00:00+00:00,2459.03,963270.5812065457,0.0,0.0,0.0,0.0,0.0,979.6871871099427,0.0,0.0,81923.31964845459
2026-08-26 07:00:00+00:00,2460.51,963270.5812065457,0.0,0.0,0.0,0.0,0.0,979.6871871099427,0.0,0.0,81923.31964845459
2026-08-26 08:00:00+00:00,2455.31,963270.5812065457,0.0,0.0,0.0,0.0,0.0,979.6871871099427,0.0,0.0,81923.31964845459
2026-08-26 09:00:00+00:00,2446.8,963270.5812065457,0.0,0.0,0.0,0.0,0.0,979.6871871099427,0.0,0.0,81923.31964845459
2026-08-26 10:00:00+00:00,2467.67,963270.5812065457,0.0,0.0,0.0,0.0,0.0,979.6871871099427,0.0,0.0,81923.31964845459
2026-08-26 11:00:00+00:00,2462.03,963270.5812065457,0.0,0.0,0.0,0.0,0.0,979.6871871099427,0.0,0.0,81923.31964845459
2026-08-26 12:00:00+00:00,2454.0,963270.5812065457,0.0,0.0,0.0,0.0,0.0,979.6871871099427,0.0,0.0,81923.31964845459
2026-08-26 13:00:00+00:00,2456.16,963270.5812065457,0.0,0.0,0.0,0.0,0.0,979.6871871099427,0.0,0.0,81923.31964845459
2026-08-26 14:00:00+00:00,2438.1,963270.5812065457,0.0,0.0,0.0,0.0,0.0,979.6871871099427,0.0,0.0,81923.31964845459
2026-08-26 15:00:00+00:00,2448.97,963270.5812065457,0.0,0.0,0.0,0.0,0.0,979.6871871099427,0.0,0.0,81923.31964845459
2026-08-26 16:00:00+00:00,2443.66,963270.5812065457,0.0,0.0,0.0,0.0,0.0,979.6871871099427,0.0,0.0,81923.31964845459
2026-08-26 17:00:00+00:00,2459.94,963270.5812065457,0.0,0.0,0.0,0.0,0.0,979.6871871099427,0.0,0.0,81923.31964845459
2026-08-26 18:00:00+00:00,2471.72,963270.5812065457,0.0,0.0,0.0,0.0,0.0,979.6871871099427,0.0,0.0,81923.31964845459
2026-08-26 19:00:00+00:00,2469.51,963270.5812065457,0.0,0.0,0.0,0.0,0.0,979.6871871099427,0.0,0.0,81923.31964845459
2026-08-26 20:00:00+00:00,2471.28,963270.5812065457,0.0,0.0,0.0,0.0,0.0,979.6871871099427,0.0,0.0,81923.31964845459
2026-08-26 21:00:00+00:00,2495.89,963270.5812065457,0.0,0.0,0.0,0.0,0.0,979.6871871099427,0.0,0.0,81923.31964845459
2026-08-26 22:00:00+00:00,2492.61,963270.5812065457,0.0,0.0,0.0,0.0,0.0,979.6871871099427,0.0,0.0,81923.31964845459
2026-08-26 23:00:00+00:00,2505.66,963270.5812065457,0.0,0.0,0.0,0.0,0.0,979.6871871099427,0.0,0.0,81923.31964845459
2026-08-27 00:00:00+00:00,2490.71,963270.5812065457,0.0,0.0,0.0,0.0,0.0,979.6871871099427,0.0,0.0,81923.31964845459
2026-08-27 01:00:00+00:00,2496.81,963270.5812065457,0.0,0.0,0.0,0.0,0.0,979.6871871099427,0.0,0.0,81923.31964845459
2026-08-27 02:00:00+00:00,2493.83,963270.5812065457,0.0,0.0,0.0,0.0,0.0,979.6871871099427,0.0,0.0,81923.31964845459
2026-08-27 03:00:00+00:00,2491.95,963270.5812065457,0.0,0.0,0.0,0.0,0.0,979.6871871099427,0.0,0.0,81923.31964845459
2026-08-27 04:00:00+00:00,2486.45,963270.5812065457,0.0,0.0,0.0,0.0,0.0,979.6871871099427,0.0,0.0,81923.31964845459
2026-08-27 05:00:00+00:00,2495.52,963270.5812065457,0.0,0.0,0.0,0.0,0.0,979.6871871099427,0.0,0.0,81923.31964845459
2026-08-27 06:00:00+00:00,2492.06,963270.5812065457,0.0,0.0,0.0,0.0,0.0,979.6871871099427,0.0,0.0,81923.31964845459
2026-08-27 07:00:00+00:00,2496.19,963270.5812065457,0.0,0.0,0.0,0.0,0.0,979.6871871099427,0.0,0.0,81923.31964845459
2026-08-27 08:00:00+00:00,2529.9,963270.5812065457,0.0,0.0,0.0,0.0,0.0,979.6871871099427,0.0,0.0,81923.31964845459
2026-08-27 09:00:00+00:00,2533.57,963270.5812065457,0.0,0.0,0.0,0.0,0.0,979.6871871099427,0.0,0.0,81923.31964845459
2026-08-27 10:00:00+00:00,2502.75,963270.5812065457,0.0,0.0,0.0,0.0,0.0,979.6871871099427,0.0,0.0,81923.31964845459
2026-08-27 11:00:00+00:00,2500.41,963270.5812065457,0.0,0.0,0.0,0.0,0.0,979.6871871099427,0.0,0.0,81923.31964845459
2026-08-27 12:00:00+00:00,2493.92,963270.5812065457,0.0,0.0,0.0,0.0,0.0,979.6871871099427,0.0,0.0,81923.31964845459
2026-08-27 13:00:00+00:00,2495.24,963270.5812065457,0.0,0.0,0.0,0.0,0.0,979.6871871099427,0.0,0.0,81923.31964845459
2026-08-27 14:00:00+00:00,2516.23,963270.5812065457,0.0,0.0,0.0,0.0,0.0,979.6871871099427,0.0,0.0,81923.31964845459
2026-08-27 15:00:00+00:00,2520.58,963270.5812065457,0.0,0.0,0.0,0.0,0.0,979.6871871099427,0.0,0.0,81923.31964845459
2026-08-27 16:00:00+00:00,2521.19,963270.5812065457,0.0,0.0,0.0,0.0,0.0,979.6871871099427,0.0,0.0,81923.31964845459
2026-08-27 17:00:00+00:00,2517.03,963270.5812065457,0.0,0.0,0.0,0.0,0.0,979.6871871099427,0.0,0.0,81923.31964845459
2026-08-27 18:00:00+00:00,2505.64,963270.5812065457,0.0,0.0,0.0,0.0,0.0,979.6871871099427,0.0,0.0,81923.31964845459
2026-08-27 19:00:00+00:00,2496.79,963270.5812065457,0.0,0.0,0.0,0.0,0.0,979.6871871099427,0.0,0.0,81923.31964845459
2026-08-27 20:00:00+00:00,2506.96,963270.5812065457,0.0,0.0,0.0,0.0,0.0,979.6871871099427,0.0,0.0,81923.31964845459
2026-08-27 21:00:00+00:00,2503.1,963270.5812065457,0.0,0.0,0.0,0.0,0.0,979.6871871099427,0.0,0.0,81923.31964845459
2026-08-27 22:00:00+00:00,2513.8,963270.5812065457,0.0,0.0,0.0,0.0,0.0,979.6871871099427,0.0,0.0,81923.31964845459
2026-08-27 23:00:00+00:00,2509.74,963270.5812065457,0.0,0.0,0.0,0.0,0.0,979.6871871099427,0.0,0.0,81923.31964845459
2026-08-28 00:00:00+00:00,2514.53,963270.5812065457,0.0,0.0,0.0,0.0,0.0,979.6871871099427,0.0,0.0,81923.31964845459
2026-08-28 01:00:00+00:00,2511.01,963270.5812065457,0.0,0.0,0.0,0.0,0.0,979.6871871099427,0.0,0.0,81923.31964845459
2026-08-28 02:00:00+00:00,2490.77,963270.5812065457,0.0,0.0,0.0,0.0,0.0,979.6871871099427,0.0,0.0,81923.31964845459
2026-08-28 03:00:00+00:00,2488.61,963270.5812065457,0.0,0.0,0.0,0.0,0.0,979.6871871099427,0.0,0.0,81923.31964845459
2026-08-28 04:00:00+00:00,2484.74,963270.5812065457,0.0,0.0,0.0,0.0,0.0,979.6871871099427,0.0,0.0,81923.31964845459
2026-08-28 05:00:00+00:00,2492.04,963270.5812065457,0.0,0.0,0.0,0.0,0.0,979.6871871099427,0.0,0.0,81923.31964845459
2026-08-28 06:00:00+00:00,2501.7,963270.5812065457,0.0,0.0,0.0,0.0,0.0,979.6871871099427,0.0,0.0,81923.31964845459
2026-08-28 07:00:00+00:00,2495.34,963270.5812065457,0.0,0.0,0.0,0.0,0.0,979.6871871099427,0.0,0.0,81923.31964845459
2026-08-28 08:00:00+00:00,2487.19,963270.5812065457,0.0,0.0,0.0,0.0,0.0,979.6871871099427,0.0,0.0,81923.31964845459
2026-08-28 09:00:00+00:00,2488.62,963270.5812065457,0.0,0.0,0.0,0.0,0.0,979.6871871099427,0.0,0.0,81923.31964845459
2026-08-28 10:00:00+00:00,2505.52,963270.5812065457,0.0,0.0,0.0,0.0,0.0,979.6871871099427,0.0,0.0,81923.31964845459
2026-08-28 11:00:00+00:00,2504.11,963270.5812065457,0.0,0.0,0.0,0.0,0.0,979.6871871099427,0.0,0.0,81923.31964845459
2026-08-28 12:00:00+00:00,2497.99,963270.5812065457,0.0,0.0,0.0,0.0,0.0,979.6871871099427,0.0,0.0,81923.31964845459
2026-08-28 13:00:00+00:00,2508.51,963270.5812065457,0.0,0.0,0.0,0.0,0.0,979.6871871099427,0.0,0.0,81923.31964845459
2026-08-28 14:00:00+00:00,2512.04,963270.5812065457,0.0,0.0,0.0,0.0,0.0,979.6871871099427,0.0,0.0,81923.31964845459
2026-08-28 15:00:00+00:00,2470.35,963270.5812065457,0.0,0.0,0.0,0.0,0.0,979.6871871099427,0.0,0.0,81923.31964845459
2026-08-28 16:00:00+00:00,2440.83,963270.5812065457,0.0,0.0,0.0,0.0,0.0,979.6871871099427,0.0,0.0,81923.31964845459
2026-08-28 17:00:00+00:00,2442.45,963270.5812065457,0.0,0.0,0.0,0.0,0.0,979.6871871099427,0.0,0.0,81923.31964845459
2026-08-28 18:00:00+00:00,2427.47,963270.5812065457,0.0,0.0,0.0,0.0,0.0,979.6871871099427,0.0,0.0,81923.31964845459
2026-08-28 19:00:00+00:00,2434.42,963270.5812065457,0.0,0.0,0.0,0.0,0.0,979.6871871099427,0.0,0.0,81923.31964845459
2026-08-28 20:00:00+00:00,2426.63,963270.5812065457,0.0,0.0,0.0,0.0,0.0,979.6871871099427,0.0,0.0,81923.31964845459
2026-08-28 21:00:00+00:00,2423.99,963270.5812065457,0.0,0.0,0.0,0.0,0.0,979.6871871099427,0.0,0.0,81923.31964845459
2026-08-28 22:00:00+00:00,2440.93,963270.5812065457,0.0,0.0,0.0,0.0,0.0,979.6871871099427,0.0,0.0,81923.31964845459
2026-08-28 23:00:00+00:00,2441.9,963270.5812065457,0.0,0.0,0.0,0.0,0.0,979.6871871099427,0.0,0.0,81923.31964845459
2026-08-29 00:00:00+00:00,2441.42,963270.5812065457,0.0,0.0,0.0,0.0,0.0,979.6871871099427,0.0,0.0,81923.31964845459
2026-08-29 01:00:00+00:00,2442.44,963270.5812065457,0.0,0.0,0.0,0.0,0.0,979.6871871099427,0.0,0.0,81923.31964845459
2026-08-29 02:00:00+00:00,2437.59,963270.5812065457,0.0,0.0,0.0,0.0,0.0,979.6871871099427,0.0,0.0,81923.31964845459
2026-08-29 03:00:00+00:00,2434.05,963270.5812065457,0.0,0.0,0.0,0.0,0.0,979.6871871099427,0.0,0.0,81923.31964845459
2026-08-29 04:00:00+00:00,2439.14,963270.5812065457,0.0,0.0,0.0,0.0,0.0,979.6871871099427,0.0,0.0,81923.31964845459
2026-08-29 05:00:00+00:00,2437.8,963270.5812065457,0.0,0.0,0.0,0.0,0.0,979.6871871099427,0.0,0.0,81923.31964845459
2026-08-29 06:00:00+00:00,2433.93,963270.5812065457,0.0,0.0,0.0,0.0,0.0,979.6871871099427,0.0,0.0,81923.31964845459
2026-08-29 07:00:00+00:00,2435.2,963270.5812065457,0.0,0.0,0.0,0.0,0.0,979.6871871099427,0.0,0.0,81923.31964845459
2026-08-29 08:00:00+00:00,2432.98,963270.5812065457,0.0,0.0,0.0,0.0,0.0,979.6871871099427,0.0,0.0,81923.31964845459
2026-08-29 09:00:00+00:00,2434.21,963270.5812065457,0.0,0.0,0.0,0.0,0.0,979.6871871099427,0.0,0.0,81923.31964845459
2026-08-29 10:00:00+00:00,2433.58,963270.5812065457,0.0,0.0,0.0,0.0,0.0,979.6871871099427,0.0,0.0,81923.31964845459
2026-08-29 11:00:00+00:00,2434.87,963270.5812065457,0.0,0.0,0.0,0.0,0.0,979.6871871099427,0.0,0.0,81923.31964845459
2026-08-29 12:00:00+00:00,2433.52,963270.5812065457,0.0,0.0,0.0,0.0,0.0,979.6871871099427,0.0,0.0,81923.31964845459
2026-08-29 13:00:00+00:00,2434.59,963270.5812065457,0.0,0.0,0.0,0.0,0.0,979.6871871099427,0.0,0.0,81923.31964845459
2026-08-29 14:00:00+00:00,2447.34,963270.5812065457,0.0,0.0,0.0,0.0,0.0,979.6871871099427,0.0,0.0,81923.31964845459
2026-08-29 15:00:00+00:00,2443.51,963270.5812065457,0.0,0.0,0.0,0.0,0.0,979.6871871099427,0.0,0.0,81923.31964845459
2026-08-29 16:00:00+00:00,2449.7,963270.5812065457,0.0,0.0,0.0,0.0,0.0,979.6871871099427,0.0,0.0,81923.31964845459
2026-08-29 17:00:00+00:00,2449.34,963270.5812065457,0.0,0.0,0.0,0.0,0.0,979.6871871099427,0.0,0.0,81923.31964845459
2026-08-29 18:00:00+00:00,2451.12,963270.5812065457,0.0,0.0,0.0,0.0,0.0,979.6871871099427,0.0,0.0,81923.31964845459
2026-08-29 19:00:00+00:00,2452.16,963270.5812065457,0.0,0.0,0.0,0.0,0.0,979.6871871099427,0.0,0.0,81923.31964845459
2026-08-29 20:00:00+00:00,2451.54,963270.5812065457,0.0,0.0,0.0,0.0,0.0,979.6871871099427,0.0,0.0,81923.31964845459
2026-08-29 21:00:00+00:00,2450.34,963270.5812065457,0.0,0.0,0.0,0.0,0.0,979.6871871099427,0.0,0.0,81923.31964845459
2026-08-29 22:00:00+00:00,2451.48,963270.5812065457,0.0,0.0,0.0,0.0,0.0,979.6871871099427,0.0,0.0,81923.31964845459
2026-08-29 23:00:00+00:00,2456.5,963270.5812065457,0.0,0.0,0.0,0.0,0.0,979.6871871099427,0.0,0.0,81923.31964845459
2026-08-30 00:00:00+00:00,2457.81,963270.5812065457,0.0,0.0,0.0,0.0,0.0,979.6871871099427,0.0,0.0,81923.31964845459
2026-08-30 01:00:00+00:00,2455.44,963270.5812065457,0.0,0.0,0.0,0.0,0.0,979.6871871099427,0.0,0.0,81923.31964845459
2026-08-30 02:00:00+00:00,2453.69,963270.5812065457,0.0,0.0,0.0,0.0,0.0,979.6871871099427,0.0,0.0,81923.31964845459
2026-08-30 03:00:00+00:00,2456.0,963270.5812065457,0.0,0.0,0.0,0.0,0.0,979.6871871099427,0.0,0.0,81923.31964845459
2026-08-30 04:00:00+00:00,2454.8,963270.5812065457,0.0,0.0,0.0,0.0,0.0,979.6871871099427,0.0,0.0,81923.31964845459
2026-08-30 05:00:00+00:00,2454.99,963270.5812065457,0.0,0.0,0.0,0.0,0.0,979.6871871099427,0.0,0.0,81923.31964845459
2026-08-30 06:00:00+00:00,2460.1,963270.5812065457,0.0,0.0,0.0,0.0,0.0,979.6871871099427,0.0,0.0,81923.31964845459
2026-08-30 07:00:00+00:00,2454.19,963270.5812065457,0.0,0.0,0.0,0.0,0.0,979.6871871099427,0.0,0.0,81923.31964845459
2026-08-30 08:00:00+00:00,2455.86,963270.5812065457,0.0,0.0,0.0,0.0,0.0,979.6871871099427,0.0,0.0,81923.31964845459
2026-08-30 09:00:00+00:00,2452.61,963270.5812065457,0.0,0.0,0.0,0.0,0.0,979.6871871099427,0.0,0.0,81923.31964845459
2026-08-30 10:00:00+00:00,2458.65,963270.5812065457,0.0,0.0,0.0,0.0,0.0,979.6871871099427,0.0,0.0,81923.31964845459
2026-08-30 11:00:00+00:00,2459.11,963270.5812065457,0.0,0.0,0.0,0.0,0.0,979.6871871099427,0.0,0.0,81923.31964845459
2026-08-30 12:00:00+00:00,2467.99,963270.5812065457,0.0,0.0,0.0,0.0,0.0,979.6871871099427,0.0,0.0,81923.31964845459
2026-08-30 13:00:00+00:00,2474.16,963270.5812065457,0.0,0.0,0.0,0.0,0.0,979.6871871099427,0.0,0.0,81923.31964845459
2026-08-30 14:00:00+00:00,2475.76,963270.5812065457,0.0,0.0,0.0,0.0,0.0,979.6871871099427,0.0,0.0,81923.31964845459
2026-08-30 15:00:00+00:00,2479.91,963270.5812065457,0.0,0.0,0.0,0.0,0.0,979.6871871099427,0.0,0.0,81923.31964845459
2026-08-30 16:00:00+00:00,2528.29,963270.5812065457,0.0,0.0,0.0,0.0,0.0,979.6871871099427,0.0,0.0,81923.31964845459
2026-08-30 17:00:00+00:00,2504.62,963270.5812065457,0.0,0.0,0.0,0.0,0.0,979.6871871099427,0.0,0.0,81923.31964845459
2026-08-30 18:00:00+00:00,2509.86,963270.5812065457,0.0,0.0,0.0,0.0,0.0,979.6871871099427,0.0,0.0,81923.31964845459
2026-08-30 19:00:00+00:00,2502.76,963270.5812065457,0.0,0.0,0.0,0.0,0.0,979.6871871099427,0.0,0.0,81923.31964845459
2026-08-30 20:00:00+00:00,2489.59,963270.5812065457,0.0,0.0,0.0,0.0,0.0,979.6871871099427,0.0,0.0,81923.31964845459
2026-08-30 21:00:00+00:00,2480.64,963270.5812065457,0.0,0.0,0.0,0.0,0.0,979.6871871099427,0.0,0.0,81923.31964845459
2026-08-30 22:00:00+00:00,2469.51,963270.5812065457,0.0,0.0,0.0,0.0,0.0,979.6871871099427,0.0,0.0,81923.31964845459
2026-08-30 23:00:00+00:00,2415.55,963270.5812065457,0.0,0.0,0.0,0.0,0.0,979.6871871099427,0.0,0.0,81923.31964845459
2026-08-31 00:00:00+00:00,2427.14,963270.5812065457,0.0,0.0,0.0,0.0,0.0,979.6871871099427,0.0,0.0,81923.31964845459
2026-08-31 01:00:00+00:00,2412.17,963270.5812065457,0.0,0.0,0.0,0.0,0.0,979.6871871099427,0.0,0.0,81923.31964845459
2026-08-31 02:00:00+00:00,2406.99,963270.5812065457,0.0,0.0,0.0,0.0,0.0,979.6871871099427,0.0,0.0,81923.31964845459
2026-08-31 03:00:00+00:00,2419.95,963270.5812065457,0.0,0.0,0.0,0.0,0.0,979.6871871099427,0.0,0.0,81923.31964845459
2026-08-31 04:00:00+00:00,2416.36,963270.5812065457,0.0,0.0,0.0,0.0,0.0,979.6871871099427,0.0,0.0,81923.31964845459
2026-08-31 05:00:00+00:00,2434.91,963270.5812065457,0.0,0.0,0.0,0.0,0.0,979.6871871099427,0.0,0.0,81923.31964845459
2026-08-31 06:00:00+00:00,2437.55,963270.5812065457,0.0,0.0,0.0,0.0,0.0,979.6871871099427,0.0,0.0,81923.31964845459
2026-08-31 07:00:00+00:00,2439.02,963270.5812065457,0.0,0.0,0.0,0.0,0.0,979.6871871099427,0.0,0.0,81923.31964845459
2026-08-31 08:00:00+00:00,2445.0,963270.5812065457,0.0,0.0,0.0,0.0,0.0,979.6871871099427,0.0,0.0,81923.31964845459
2026-08-31 09:00:00+00:00,2445.47,963270.5812065457,0.0,0.0,0.0,0.0,0.0,979.6871871099427,0.0,0.0,81923.31964845459
2026-08-31 10:00:00+00:00,2454.37,963270.5812065457,0.0,0.0,0.0,0.0,0.0,979.6871871099427,0.0,0.0,81923.31964845459
2026-08-31 11:00:00+00:00,2445.1,963270.5812065457,0.0,0.0,0.0,0.0,0.0,979.6871871099427,0.0,0.0,81923.31964845459
2026-08-31 12:00:00+00:00,2450.61,963270.5812065457,0.0,0.0,0.0,0.0,0.0,979.6871871099427,0.0,0.0,81923.31964845459
2026-08-31 13:00:00+00:00,2439.53,963270.5812065457,0.0,0.0,0.0,0.0,0.0,979.6871871099427,0.0,0.0,81923.31964845459
2026-08-31 14:00:00+00:00,2466.78,963270.5812065457,0.0,0.0,0.0,0.0,0.0,979.6871871099427,0.0,0.0,81923.31964845459
2026-08-31 15:00:00+00:00,2466.4,963270.5812065457,0.0,0.0,0.0,0.0,0.0,979.6871871099427,0.0,0.0,81923.31964845459
2026-08-31 16:00:00+00:00,2468.0,963270.5812065457,0.0,0.0,0.0,0.0,0.0,979.6871871099427,0.0,0.0,81923.31964845459
2026-08-31 17:00:00+00:00,2474.17,963270.5812065457,0.0,0.0,0.0,0.0,0.0,979.6871871099427,0.0,0.0,81923.31964845459
2026-08-31 18:00:00+00:00,2476.57,963270.5812065457,0.0,0.0,0.0,0.0,0.0,979.6871871099427,0.0,0.0,81923.31964845459
2026-08-31 19:00:00+00:00,2480.77,963270.5812065457,0.0,0.0,0.0,0.0,0.0,979.6871871099427,0.0,0.0,81923.31964845459
2026-08-31 20:00:00+00:00,2471.8,963270.5812065457,0.0,0.0,0.0,0.0,0.0,979.6871871099427,0.0,0.0,81923.31964845459
2026-08-31 21:00:00+00:00,2477.35,963270.5812065457,0.0,0.0,0.0,0.0,0.0,979.6871871099427,0.0,0.0,81923.31964845459
2026-08-31 22:00:00+00:00,2468.23,963270.5812065457,0.0,0.0,0.0,0.0,0.0,979.6871871099427,0.0,0.0,81923.31964845459
2026-08-31 23:00:00+00:00,2466.53,963270.5812065457,0.0,0.0,0.0,0.0,0.0,979.6871871099427,0.0,0.0,81923.31964845459
